cap_est_ah,energy_wh,v_mean,v_min,v_max,v_std,i_mean,temp_mean,temp_max,temp_rise,discharge_time_s,time_to_3_5V_s,battery_id,cycle,ambient_temperature,capacity_ah,cap_est_ah_rel,energy_wh_rel,discharge_time_s_rel,time_to_3_5V_s_rel,v_mean_rel,soh,health_status
1.861951950125798,6.6080433062328,3.5298286688693397,2.612467347907089,4.191491807505295,0.23655823616646718,-1.8187019641679727,32.572328114029,38.98218133148803,14.652147445917485,3690.234,2058.641,B0005,1,24,1.8564874208181572,1.0054637239878075,1.0033965604310953,1.0048715479813437,0.9730361943727053,0.997882165411667,1.0055029091401708,Healthy
1.8518340400596853,6.585674664256121,3.5373201277859714,2.587208728940726,4.189773213846608,0.23536612087025036,-1.8175598506612867,32.72523522519307,39.03339796678704,14.335646031057717,3672.344,2115.688,B0005,2,24,1.846327249719927,1.0,1.0,1.0,1.0,1.0,1.0,Healthy
1.84079871703338,6.554965867175504,3.5437367282719,2.65191689384378,4.188186735991303,0.228111087522163,-1.8164865418840956,32.64286193755933,38.81879668981741,14.084530525863013,3651.641,2116.094,B0005,3,24,1.835349194223408,0.9940408682486743,0.995337030957923,0.9943624562404829,1.000191899750814,1.0018139722315562,0.9940541117517577,Healthy
1.8406884921096607,6.554179094191077,3.5436661072601456,2.592947964776547,4.188461118855572,0.2333465027689954,-1.8255891938692528,32.51487646204882,38.7623045063458,14.108068037117349,3631.563,2135.578,B0005,4,24,1.8352625275821128,0.9939813462173611,0.9952175636254874,0.9888951035088216,1.009401197151943,1.0017940076795215,0.9940071717299885,Healthy
1.84008683771641,6.551424686976359,3.5423432526672167,2.547419651124539,4.188298524761055,0.2373009622577082,-1.8261139590277584,32.38234901543077,38.66539257343368,14.140595614085552,3629.172,2134.516,B0005,5,24,1.8346455082120416,0.9936564497200318,0.9947993214020039,0.9882440207126565,1.0088992327791244,1.0014200368357358,0.9936729842937337,Healthy
1.841099358222776,6.556834558037188,3.5413347346347575,2.5209480504077413,4.188815807948604,0.23993226167114742,-1.8168108743168805,32.43418218230641,38.75169504640032,14.229397669472458,3652.281,2134.797,B0005,6,24,1.8356616600675493,0.9942032160524691,0.9956207818197483,0.9945367318530072,1.0090320500943428,1.0011349289020384,0.9942233481881418,Healthy
1.8405862545426583,6.556296423574652,3.5410250495075215,2.487927319492314,4.18839163793879,0.24313957024653737,-1.816791144707133,32.480416444757985,38.8207012322275,14.235822946429689,3650.828,2152.656,B0005,7,24,1.8351461429226603,0.9939261374001611,0.9955390689368668,0.9941410717514481,1.0174732758327314,1.0010473809515987,0.9939441359602081,Healthy
1.8311541366170079,6.534297704923956,3.554133296801584,2.665204904745877,4.188927891511958,0.2279099167513015,-1.8443412120754061,32.41046186109587,38.51713023385634,13.803501434576546,3572.453,2155.531,B0005,8,24,1.8257567905665535,0.988832744730186,0.992198679413817,0.9727991168583335,1.018832171851426,1.0047530809788867,0.9888587144253578,Healthy
1.8302233813202418,6.528331399404688,3.5529355991467955,2.603858472633368,4.189029250882121,0.23306799549076232,-1.853972745505648,32.3461408313,38.526267904657,13.891056271332307,3550.594,2153.687,B0005,9,24,1.8247738529891333,0.9883301320356186,0.9912927273552298,0.9668467877736944,1.0179605877615223,1.0044144919873559,0.98832633990856,Healthy
1.8299994933417423,6.5257563886686665,3.5512057319376997,2.552853984885676,4.189223427076418,0.23735414167102423,-1.853589933851096,32.27679750791685,38.52698128472781,13.954923620632254,3551.25,2154.079,B0005,10,24,1.824613268496936,0.9882092313643617,0.9909017255418548,0.9670254202765318,1.0181458702795498,1.003925458723019,0.9882393648112572,Healthy
1.8299980558998383,6.521747521530387,3.549292319740949,2.472448301852732,4.188916055911241,0.24374302251465715,-1.863380178294828,32.15709350345252,38.54143406601644,14.104718071788671,3530.25,2154.453,B0005,11,24,1.8246195526864504,0.9882084551382676,0.9902930001883179,0.9613070017405777,1.0183226449268512,1.0033845373114338,0.9882427684275529,Healthy
1.8195979721105182,6.49676476807927,3.559759220648976,2.64956413267546,4.189876247266316,0.22947624709797806,-1.8729688102878943,32.36407129853099,38.52197451768004,13.777646003780443,3491.016,2154.657,B0005,12,24,1.814201935767392,0.9825923558743266,0.9864995007027281,0.950623362081548,1.018419067461743,1.0063435290141662,0.9826004225646303,Healthy
1.8190998479483713,6.491131883573366,3.558081969139198,2.5724981777366227,4.189286794768804,0.23524097823363496,-1.8826095043160835,32.3181954403762,38.582485834057856,13.845846734525495,3470.281,2154.719,B0005,13,24,1.8137521577549052,0.982323366239526,0.9856441768683339,0.9449771045414046,1.0184483723497983,1.005869370202075,0.9823568156891129,Healthy
1.8187990098955567,6.486382606675259,3.555692244172496,2.5249886697730286,4.188837765892728,0.23855345527869287,-1.8825367876363654,32.15709029211502,38.52029413487392,14.072310729819861,3470.0,2135.422,B0005,14,24,1.8134404914735824,0.9821609121284627,0.9849230241937441,0.9449005866552806,1.0093274622723198,1.0051937952243026,0.9821880123085801,Healthy
1.8079631905409188,6.455973630894754,3.562746818017503,2.694621861688723,4.189110301768517,0.22453375718322335,-1.8817935155260215,32.044070003146096,38.21358592965045,13.741466689435129,3450.297,2135.359,B0005,15,24,1.8025980036306504,0.9763095133960533,0.9803055814364288,0.9395353485403328,1.0092976847247797,1.0071881224523058,0.9763155496427245,Healthy
1.8074753229188163,6.450452466629498,3.5614521756489204,2.64010141737067,4.18921207304098,0.22859181141516383,-1.8921861285036712,31.931593674911532,38.1983618706913,13.872944741868075,3429.407,2134.563,B0005,16,24,1.80210690024615,0.9760460623461489,0.9794672217319594,0.9338468836252813,1.0089214477749082,1.0068221272011515,0.9760495602930169,Healthy
1.8079745895831807,6.448874900067283,3.5603420474985823,2.573903509838096,4.188899969428112,0.2336151721811594,-1.9027629207037406,31.941655359029298,38.31926916027133,13.956675803360433,3409.484,2117.031,B0005,17,24,1.802579500826209,0.976315668938081,0.9792276765611697,0.9284217382685281,1.0006347816880372,1.0065082940986234,0.9763055282315992,Healthy
1.8084160844930315,6.446544403990695,3.5591189041401865,2.4942396831720126,4.188779799856791,0.23939502329865414,-1.9133470605822436,31.965008645476725,38.4787542519308,14.096334329174777,3390.422,2116.844,B0005,18,24,1.8030683142834096,0.9765540784825111,0.978873803010562,0.9232310480717493,1.0005463943643864,1.0061625116095612,0.9765702773205133,Healthy
1.8081314276923426,6.4434664874406025,3.557886771846508,2.4556793246645583,4.189272591516219,0.24211638521908152,-1.9131602105481538,31.966241678512723,38.54659017774874,14.185140915471983,3390.281,2116.219,B0005,19,24,1.802777624719604,0.9764003623316406,0.9784064375989666,0.923192652975865,1.0002509821864094,1.0058141879495113,0.9764128352615014,Healthy
1.8524143699757372,6.6104422552219635,3.5520375235511907,2.632142800798914,4.187614060563439,0.23477782948432763,-1.8553455745575975,32.37143341978575,38.44749852224995,13.888783779296418,3591.734,2192.437,B0005,20,24,1.8470259949329195,1.0003133811688834,1.0037608281958217,0.9780494419912731,1.0362761427961023,1.0041606061180646,1.000378451443588,Healthy
1.852794186676616,6.610471273292621,3.5525668436897124,2.5027764692056795,4.187628781108399,0.2448173475304705,-1.8746995273150975,32.70024990461686,38.992275791716615,14.070169457225294,3552.297,2211.641,B0005,21,24,1.847417311283644,1.0005184841601138,1.003765234436964,0.9673105242863959,1.0453530955414976,1.0043102448613506,1.0005903945597305,Healthy
1.8415701884947469,6.574049356251551,3.5567940383270398,2.617507742871704,4.187447226312926,0.23373891268927044,-1.8738272127883846,32.32266411829938,38.51424197364312,13.948275574115005,3531.578,2193.657,B0005,22,24,1.8361774213478947,0.994457466844811,0.9982347582294543,0.9616686236365656,1.0368527873675135,1.0055052723071625,0.9945026926436947,Healthy
1.8311634883197176,6.53874662185281,3.5614100044534203,2.694074478000972,4.187344026387161,0.22544994683917527,-1.883193546754683,31.98795810666763,38.165816144899125,13.949234677873736,3492.907,2173.625,B0005,23,24,1.825780747577624,0.9888377946982218,0.9928742240095743,0.9511382920554284,1.027384472568734,1.0068102054089538,0.9888716899209391,Healthy
1.8305087381422454,6.531865203671728,3.5566107947817986,2.6237674644021887,4.187438187636325,0.23129045070961002,-1.873239184822504,31.894456524691385,38.16526203587147,14.110271378053902,3511.594,2154.359,B0005,24,24,1.8251136435078368,0.9884842262016349,0.9918293169147202,0.9562268676354938,1.0182782149352834,1.0054534693776505,0.9885103758202626,Healthy
1.8309385444155313,6.5272147010565496,3.5586742170266272,2.5010798299873738,4.18774138117799,0.23910922447932814,-1.9139593751505897,31.78039681801023,38.27549578575718,14.24671755143018,3431.9370000000054,2154.9689999999973,B0005,25,24,1.825581504220376,0.9887163238216096,0.9911231625945837,0.9345358169060429,1.0185665372209878,1.0060367986128589,0.9887637765717329,Healthy
1.8193916427413335,6.494547007048314,3.564103182686904,2.68499881852498,4.188261122540052,0.22432330178039336,-1.9030532722310995,31.688747146342205,37.98216079918311,14.043746186110472,3431.125,2134.938,B0005,26,24,1.814031127508391,0.9824809369432985,0.9861627453748354,0.9343147047226512,1.0090986950816945,1.00757156659092,0.9825079101137487,Healthy
1.820129694529988,6.488640545364094,3.559588063594272,2.547109116468133,4.187338767288234,0.23463255580240505,-1.9134590742247914,31.596747992569153,38.11100191887773,14.299467731360227,3412.406,2136.39,B0005,27,24,1.8147691941158937,0.9828794887425898,0.9852658802873027,0.9292174153619596,1.0097849966535708,1.0062951429341618,0.9829076586456597,Healthy
1.8193301668811832,6.481521206196482,3.556833231052199,2.471314764334132,4.187560306288175,0.24012901309651455,-1.9136209099025532,31.565586498787077,38.18831137948753,14.433546048604107,3410.688,2115.953,B0005,28,24,1.813969388710352,0.9824477396595137,0.9841848461441719,0.9287495942645896,1.0001252547634623,1.0055163520861317,0.9824744714056063,Healthy
1.8081079539642115,6.450808024623607,3.5624410850948944,2.6613903306108773,4.18805176248713,0.22531026238437576,-1.9025819745719061,31.59124667045208,37.99854111908584,14.200857694423881,3410.718,2116.109,B0005,29,24,1.802765665167823,0.9763876863965281,0.979521211340046,0.9287577634339266,1.0001989896430852,1.0071016917896674,0.9764063577793634,Healthy
1.809387285628278,6.448584173388756,3.5591407106855666,2.541762355407921,4.187667484260542,0.23438290818377094,-1.9130621638638965,31.603485399391182,38.194201649765226,14.392900662846777,3392.719,2099.141,B0005,30,24,1.804077040117352,0.9770785321399323,0.9791835312467793,0.9238565341373248,0.9921789035056209,1.0061686763174733,0.9771166191643523,Healthy
1.854729496094291,6.622239338851535,3.5573161327793144,2.628919415830567,4.2010701773378685,0.22478337971214638,-1.920618117118412,31.91556385491565,38.45796400011448,14.67666650056077,3470.672,2136.625,B0005,31,24,1.8518025516704488,1.0015635612975946,1.0055521531899942,0.9450835760484312,1.0098960716324903,1.0056528683497636,1.0029655100152761,Healthy
1.8336006013972383,6.551558013454226,3.561870782772737,2.6312552691827045,4.1996223345495824,0.2235720445769139,-1.9298830859597569,32.081128118597164,38.49126351534004,14.287220103926483,3414.109,2146.0,B0005,32,24,1.8307038456739428,0.9901538484183716,0.9948195663252144,0.9296811518746609,1.0143272543021467,1.0069404673877036,0.9915381176070742,Healthy
1.8228280024686496,6.511731846126671,3.5617586337260088,2.654880745360911,4.199853323702163,0.2213510620234656,-1.9293005284805407,31.849792632896243,38.31473393357882,14.308408700187321,3395.219,2118.078,B0005,33,24,1.8199041089501269,0.9843365890443936,0.9887721726475837,0.924537298248748,1.0011296561685843,1.0069087628648792,0.9856888096225583,Healthy
1.8121752075861792,6.469981765125146,3.5597307651083123,2.6749688422803803,4.199103467081427,0.21927532436509642,-1.923330987770314,31.465690433362017,37.861934640176806,14.321943711351647,3386.0,2089.485,B0005,34,24,1.809307963702852,0.978584024477578,0.982432642815033,0.9220269125114641,0.987614903520746,1.0063354846360395,0.9799497699973336,Healthy
1.8075461949970868,6.449110376642855,3.5575937553540915,2.6159705726789904,4.199998536865001,0.2239537871103154,-1.9284469980320087,31.409348956650316,37.90665575786083,14.340560010288272,3368.187,2071.656,B0005,35,24,1.80460990458052,0.9760843336365223,0.9792634324385212,0.917176332064752,0.9791878575669002,1.0057313522202498,0.9774052269738557,Healthy
1.8022830804899914,6.434795531709917,3.5597237883937995,2.658447162110498,4.19967522099872,0.2209801800385344,-1.9231439161693824,31.902247475518077,38.34003238560517,14.361120383902286,3368.266,2081.188,B0005,36,24,1.7993770651972192,0.9732422244662395,0.9770897986556938,0.9171978442106731,0.9836932477756645,1.0063335123196357,0.9745710385145268,Healthy
1.7913400516779023,6.393892036762979,3.559061771422033,2.697942608427116,4.1991847248803165,0.21771514337644682,-1.9170149640438081,31.649024294808623,38.0745950590744,14.31700385380947,3358.719,2052.11,B0005,37,24,1.7884432335370462,0.9673329320699638,0.9708788184551468,0.9145981422219704,0.9699492552777158,1.0061463601966016,0.9686491025945366,Healthy
1.7858124989367077,6.369841339450474,3.557015527748059,2.6617272246516333,4.200012480335,0.22052028075457983,-1.922048805055383,31.48874626238971,38.07252758016199,14.55798492102618,3339.5,2033.61,B0005,38,24,1.7829230484252725,0.9643480248797837,0.9672268467835062,0.9093647000389942,0.9612050548095937,1.0055678873414307,0.9656592831502258,Healthy
1.7759383253858907,6.33285652089411,3.5562481933590964,2.699288287625812,4.1992373656547874,0.21742090167721123,-1.9162302821549881,31.329995610092634,37.80133585100446,14.518922832738529,3331.265,2015.046,B0005,39,24,1.7730337158018288,0.9590159198761955,0.9616108969466428,0.9071222630559664,0.952430604134447,1.0053509619964682,0.9603030644057188,Healthy
1.7759725572584446,6.328665896669894,3.5532756526091784,2.612793240883853,4.199395781118708,0.22452623481021516,-1.9220800182578983,31.569551201845574,38.39873985476869,14.959371983891565,3321.188,2005.734,B0005,40,24,1.773037755078937,0.9590344052651739,0.960974572737225,0.9043782390756422,0.9480291990123306,1.0045106250627063,0.9603052521419984,Healthy
1.7707652086120156,6.315500670757285,3.556266431640255,2.6637064901468075,4.199578698026071,0.22096742761745108,-1.9162417890311958,32.111426258867944,38.74929237918251,14.72871406159539,3321.844,2014.891,B0005,41,24,1.7678721106662054,0.9562224099492972,0.9589755025456678,0.9045568715784795,0.9523573419143088,1.0053561179564887,0.9575074575400311,Healthy
1.7651926744498152,6.295363332547592,3.5563095420140822,2.6668454289754746,4.199546957512695,0.22117733910818724,-1.9158809823517762,32.271676011112376,38.87275464755104,14.616668328231004,3311.828,2005.625,B0005,42,24,1.762315070409309,0.9532132125581417,0.955917753835579,0.901829458242474,0.9479776791284915,1.0053683052542932,0.9544976767670184,Healthy
1.7729389905657806,6.311760030905264,3.558950851054106,2.684431051981017,4.194091469340824,0.22550794469395652,-1.9114406265753041,31.842291659678658,38.503541429116005,14.510839227404134,3327.391,1982.437,B0005,43,24,1.7676172924938447,0.9573962634948854,0.958407506092347,0.9060673509889052,0.9370176509957989,1.0061150030211354,0.9573694439931913,Healthy
1.7655929800474257,6.291190326194819,3.5534418211598053,2.645224362345869,4.200715235801255,0.2229496052893184,-1.9158166997544155,31.759815453754253,38.27009094548294,14.441304705946965,3312.078,1987.156,B0005,44,24,1.762668359743147,0.953429379660026,0.9552841048071169,0.9018975346536163,0.9392481311043972,1.0045576008931725,0.9546890238502029,Healthy
1.7546456675547355,6.246817602591024,3.5510121537420285,2.6603527244917,4.1990980807180325,0.2216201354243429,-1.9151304155635374,31.41911167391793,38.11684755251712,14.766334581784992,3293.172,1949.015,B0005,45,24,1.7517304870664143,0.9475177740539765,0.9485463405132583,0.8967493241373902,0.9212204256960383,1.0038707341889994,0.9487648992518188,Healthy
1.74476384104258,6.2109787694126375,3.551317608213949,2.6926849789916263,4.199398534411534,0.21932074696010626,-1.9148485784393638,31.331626572312267,38.04152715355532,14.805312964989351,3275.328,1930.312,B0005,46,24,1.7418496047960008,0.9421815364115165,0.9431044025182184,0.8918903022156965,0.9123802753525093,1.0039570861336597,0.943413257351981,Healthy
1.7389904072039604,6.186769443667064,3.549003180550162,2.670544734728978,4.199122915612965,0.22144629488934392,-1.9144128654409127,31.35934131425137,38.17980302242767,14.965001236699614,3265.016,1920.859,B0005,47,24,1.7360913511847138,0.939063852151628,0.9394283439547776,0.8890822864088985,0.9079122252430414,1.0033027976949045,0.9402944962481948,Healthy
1.7965097542775637,6.413158013166925,3.5597648340955175,2.605158060541757,4.190409478081396,0.22722748069200965,-1.9388813849818083,34.31088483888259,40.71218198711114,14.06480804094134,3328.937,2080.656,B0005,48,24,1.7936240148573608,0.9701245983250537,0.9738042554659534,0.9064883355154092,0.9834417929297703,1.0063451159348686,0.9714550955847286,Healthy
1.786079145400265,6.380437111098442,3.5623454342368555,2.672012007453096,4.199933846791869,0.22227391812377686,-1.927509725704535,33.43585640373787,39.88526123315293,14.184884703986569,3329.266,2070.985,B0005,49,24,1.7831890223273277,0.9644920153550579,0.9688357588825925,0.9065779240724725,0.978870703052624,1.0070746513029194,0.9658033388164655,Healthy
1.770278104593886,6.315672497104377,3.558336657621618,2.674271233724938,4.199365021329158,0.22147695346051366,-1.9267185977839403,32.66698125020078,39.18287352945846,14.3466852082244,3301.579,2015.079,B0005,50,24,1.7673642076278957,0.9559593712495043,0.9590015934711767,0.8990385976912839,0.9524462018974441,1.005941370607246,0.9572323692324807,Healthy
1.7599327871687052,6.271181715351194,3.5540131386228695,2.6309416727017187,4.19902365945384,0.22473746346279738,-1.9261308349663746,32.28423408691397,38.95156480403077,14.58994797166772,3283.563,1977.61,B0005,51,24,1.7570177850353066,0.9503728461066532,0.9522459026693432,0.8941327391987243,0.9347361236628462,1.0047191122753558,0.9516285833412425,Healthy
1.7497810237362108,6.231914575368819,3.552376095886298,2.6629725743154204,4.199432142144215,0.22236358329078568,-1.9202346781375206,32.00739178780946,38.607510759873634,14.588353315265046,3275.125,1950.063,B0005,52,24,1.7468706179837907,0.9448908411251662,0.9462833943487458,0.8918350241698489,0.9217157728360703,1.0042563204789017,0.9461327173981627,Healthy
1.7446139779644414,6.209284594351781,3.549618661283733,2.612942119873717,4.199640922827531,0.22654739258708573,-1.9201011498853633,32.06387071886056,38.920359903369054,14.900691238010815,3265.656,1939.75,B0005,53,24,1.7417172507457144,0.9421006095709374,0.942847150961282,0.8892565620214228,0.9168412355697059,1.0034767940286646,0.9433415723078987,Healthy
1.7393326447646538,6.190880953976837,3.54938103086703,2.615719844266148,4.199305653118061,0.22676974984008744,-1.914427810545647,32.43754560319043,39.23273115358871,14.896646278891978,3266.093,1930.234,B0005,54,24,1.7364225056478186,0.9392486622119736,0.9400526551331126,0.8893755595880996,0.9123434079126979,1.0034096159367425,0.9404738547357843,Healthy
1.7292824780137324,6.151255117786316,3.5472118680418956,2.6287695472774453,4.198949734540481,0.2259297319036886,-1.9083407065035893,32.16809876635083,38.9649270684008,14.84064665176998,3257.594,1902.704,B0005,55,24,1.7263217239235826,0.933821519966226,0.9340356806831612,0.8870612339149055,0.8993310922971628,1.0027963938514424,0.9350031118185856,Healthy
1.7187036975063659,6.112027714024165,3.5467052098640246,2.6655106679421823,4.19834220599025,0.22293092024176694,-1.902207182631691,32.05752645824972,38.83927283461771,14.867707224154767,3248.593,1883.609,B0005,56,24,1.7158065389330133,0.9281089235463947,0.9280792060982477,0.8846102108081377,0.8903056594356067,1.002653161641869,0.9293079215471078,Healthy
1.7134266007170849,6.0895494739643246,3.544629653883431,2.650495153350403,4.198995776266302,0.224735876656725,-1.9020484449938708,31.97592092807272,38.82796377704433,14.988636771073931,3238.766,1864.485,B0005,57,24,1.710533351135192,0.9252592638711082,0.9246660037756609,0.8819342632389559,0.8812665194489924,1.0020664022009325,0.9264518797491973,Healthy
1.7089586509245498,6.0728792565068455,3.5436291614253204,2.643236235233877,4.19916986492694,0.22548872600732597,-1.8964907679062355,32.21689335291319,39.14007944734004,15.183155569322007,3240.14,1865.343,B0005,58,24,1.706014499648521,0.9228465477767486,0.9221347190846698,0.8823084111945939,0.8816720612869194,1.0017835630961955,0.9240043984116627,Healthy
1.7032212406125418,6.053515210482995,3.5444946147995258,2.656450207001938,4.199246833083063,0.22535563972499398,-1.895971437908019,32.55632993697177,39.349611598028886,14.884493588522961,3230.109,1855.296,B0005,59,24,1.7003110272642588,0.9197483164083355,0.9191943907187774,0.8795769132739198,0.876923251443502,1.0020282266671874,0.9209153076856674,Healthy
1.6975261991679176,6.028196507207793,3.5409201846556857,2.626177688152069,4.19925518864016,0.2279232427931213,-1.8899648799839277,32.40048085325998,39.29444535878087,15.026593610097127,3229.7810000000027,1836.703,B0005,60,24,1.6945798601797897,0.9166729644483723,0.9153498790224104,0.8794875970225019,0.8681350936432971,1.0010177356698466,0.9178112170726201,Healthy
1.6877988764988738,5.992826926507793,3.541195668799061,2.6582230344240045,4.199610827671791,0.22571944550735676,-1.8893703824420507,32.29371860868794,39.10487658009542,14.95847618520062,3212.469,1818.5,B0005,61,24,1.6849029086609286,0.9114201596836806,0.9099791945438755,0.8747734417037184,0.8595312730421498,1.0010956150060175,0.9125700272887782,Healthy
1.6774339986222815,5.954147900122396,3.540671044783382,2.695100237338448,4.1994453812630566,0.22232770586728487,-1.8776883243431417,32.136071448067796,39.0462609369598,15.110608773944978,3213.219,1789.797,B0005,62,24,1.6744741591159715,0.9058230717954711,0.9041059881744008,0.8749776709371453,0.8459645278509874,1.0009473038561278,0.9069216518198363,Healthy
1.677487094102361,5.950685278775523,3.5376048790268775,2.639091813583503,4.198991968341307,0.2278035015163785,-1.8831065986697755,32.382685497234974,39.398032192832,15.315496776048128,3203.578,1789.985,B0005,63,24,1.6745692479879102,0.9058517436304901,0.9035802073662983,0.8723523722178532,0.8460533878341229,1.0000804991435945,0.9069731534547458,Healthy
1.6666897993965792,5.912112888638613,3.538422485261741,2.6857210282450983,4.197785116892181,0.22478623561389083,-1.876359921441716,32.30899951427638,39.10678394120843,14.67796740539514,3195.125,1771.281,B0005,64,24,1.663716375981405,0.9000211484085588,0.8977231931493248,0.8700505726043094,0.8372127648311093,1.0003116363337066,0.9010950665618879,Healthy
1.6619360867923914,5.897444282856031,3.53928626988912,2.69017866510873,4.201331130571617,0.22405053018605095,-1.8709550260104437,32.56636929496717,39.44448954135193,15.115677856881028,3195.312999999994,1771.844,B0005,65,24,1.659013868748246,0.8974541189116636,0.8954958426453292,0.8701017660654868,0.8374788721210311,1.0005558281501594,0.8985481143713311,Healthy
1.6568213404083498,5.870796644049508,3.533690170241391,2.639895313359579,4.199339974904826,0.22875214978625033,-1.8705599868289542,32.46542951751835,39.509602016775695,15.375632472490533,3186.297,1743.922,B0005,66,24,1.6538540573335014,0.8946921292984493,0.8914495390902579,0.8676466583740521,0.8242812739874689,0.998973811412751,0.8957534790132019,Healthy
1.6456121585729522,5.83044370397896,3.534367734544495,2.68991452927918,4.198916244859707,0.22434241853957987,-1.8640049795794804,32.347056454418095,39.33486536224533,15.354571289445666,3176.438,1724.219,B0005,67,24,1.642653782130131,0.8886391128871967,0.8853221577469972,0.8649619970242439,0.8149684641591766,0.9991653587645956,0.8896872330619117,Healthy
1.6408150096745229,5.809091259684538,3.5312941932103548,2.65935818848874,4.198537488587242,0.22742872815982934,-1.8636932149873204,32.37153894064616,39.43723270017243,15.462157921153604,3167.593,1705.937,B0005,68,24,1.6378578430223698,0.8860486275658043,0.8820799015799392,0.8625534535980289,0.8063273034587329,0.9982964689770987,0.8870896766923738,Healthy
1.6356937368696514,5.790167521323096,3.5309134771684274,2.6657030585650423,4.198943932259475,0.22708128337573127,-1.857820396301907,32.45549347979197,39.51375235624076,15.475354015335508,3167.719,1696.375,B0005,69,24,1.6327350407099108,0.8832831136514439,0.8792064316127464,0.8625877641092446,0.8018077334654259,0.9981888405951106,0.8843150860485776,Healthy
1.6307012505449283,5.769354077156824,3.5287226893409893,2.642986759012803,4.199579806494986,0.2296112762432864,-1.8572160981955346,32.50017194695606,39.60170302810528,15.519413924501098,3159.077999999994,1687.047000000006,B0005,70,24,1.6277528915533617,0.8805871451052764,0.8760460197753325,0.8602347710345202,0.7973987657915561,0.9975695051241056,0.8816166753755482,Healthy
1.6250485025889965,5.745472403283857,3.52625493581969,2.631116911889304,4.198782234828033,0.2310765911883366,-1.8568340008006832,32.50100298369444,39.68746359758208,15.64385256650531,3148.829,1667.829,B0005,71,24,1.622125485521159,0.877534631848878,0.8724197134224564,0.8574439104833317,0.7883151958133713,0.996871871482775,0.8785687833872475,Healthy
1.6142996998142431,5.70936796906824,3.5286843243370045,2.696157404617167,4.19910517813207,0.22510578697122166,-1.8448886500218815,32.4728927422438,39.53535075538898,15.527397208594664,3149.094,1658.61,B0005,72,24,1.6113256603765849,0.8717302225215676,0.8669374453092782,0.8575160714791424,0.783957748023338,0.9975586593418188,0.8727194275126525,Healthy
1.6094799144091874,5.6879592580977985,3.525556939424901,2.6667596238241567,4.198510853141954,0.2281397131118496,-1.8444180038305806,32.50480154634882,39.6502371632164,15.656774387253893,3140.547,1640.063,B0005,73,24,1.6065631397488385,0.8691275133690237,0.8636866453439174,0.8551886751350092,0.7751913325594322,0.9966745479809221,0.8701399711197141,Healthy
1.6044824382428684,5.666153445425437,3.5226805646793737,2.6403185448373043,4.198732430468704,0.2308516858920289,-1.8438790389835118,32.51218336210202,39.69929058154853,15.71268094266507,3131.625,1621.64,B0005,74,24,1.6015142233917594,0.8664288502824774,0.860375547577319,0.8527591641741623,0.766483526871637,0.9958613971657237,0.8674053982763328,Healthy
1.5933626329738975,5.628088262969209,3.5246734587890085,2.69892986372897,4.198799630396931,0.22588557047078087,-1.83711254029409,32.45692821941515,39.56076309770468,15.63254789867472,3121.907,1602.485,B0005,75,24,1.590369231400328,0.8604240976813142,0.8545955501743456,0.8501128979202385,0.757429734440995,0.9964247881050906,0.8613690945857914,Healthy
1.5887612599653969,5.607095949516774,3.5213155754526824,2.6682466504352997,4.198753541225669,0.22872630381164663,-1.8315957075983758,32.447059186431154,39.63708096307912,15.758326936067924,3122.125,1593.109,B0005,76,24,1.5857889968242211,0.8579393323573372,0.8514079779782316,0.8501722605507545,0.7529980791118539,0.9954755148657393,0.858888367197512,Healthy
1.5878792582768275,5.598801373619659,3.51803386486462,2.6479207279724903,4.200309982421394,0.23152662212104436,-1.8311195242792309,32.32889654966259,39.43977047692484,15.528747201881483,3121.672,1574.141,B0005,77,24,1.5849430707374117,0.8574630468644208,0.8501484903296641,0.8500489060937646,0.7440326740048627,0.9945477756537057,0.8584302002680374,Healthy
1.5984436551475647,5.646858586904477,3.5236841955396794,2.6741633856529066,4.201124089732316,0.2295228480555242,-1.8432799764914718,32.84488475360107,39.83902225625452,15.366072616583754,3120.86,1612.063,B0005,78,24,1.5955263892495937,0.863167876045764,0.8574457249692143,0.8498277939103744,0.7619568669860585,0.996145123496406,0.8641622927309458,Healthy
1.5776970242898865,5.563780155027217,3.519146638240668,2.6892528956736257,4.198150316653697,0.22754368748819617,-1.829798505957538,32.31731555011648,39.41794949618613,15.594635904665225,3103.828,1555.891,B0005,79,24,1.5747301747801037,0.8519645876252694,0.844830702801756,0.845189884172071,0.7354066384079316,0.9948623565612428,0.8528987345114348,Healthy
1.5678558785764944,5.523505722300938,3.516233648608237,2.688809122993162,4.198524048997099,0.22767764621364045,-1.8236746835609148,32.06376130177751,39.262781682151214,15.85681060594895,3095.094,1528.063,B0005,80,24,1.5649019950937946,0.8466503178254363,0.838715242385093,0.8428115666724032,0.7222534702659371,0.9940388547216583,0.8475756371635513,Degrading
1.5627662615784155,5.503623732779562,3.514773138461639,2.6743555987897745,4.198840869468569,0.2288190587510357,-1.8176720770210877,32.21997626855924,39.47237839941986,15.965795188082247,3095.781,1527.891,B0005,81,24,1.5597659473370362,0.8439018982111631,0.8356962670279763,0.8429986406502222,0.7221721728345578,0.9936259686684211,0.8447938725779193,Degrading
1.562483823924181,5.502290203981042,3.5132992979150073,2.6430294964336345,4.198119631667182,0.23177314415834077,-1.8179238657973993,32.7120225448885,40.03754146951368,16.051299490293758,3094.328,1527.734,B0005,82,24,1.5594815668184234,0.8437493804109042,0.8354937777058485,0.8426029805486632,0.7220979652954499,0.9932093141126023,0.8446398475974312,Degrading
1.5577299054892941,5.487069888203949,3.514484830704665,2.6584858447131823,4.198320288264955,0.23095886806963914,-1.817160673909645,32.945022147355694,40.14273016201157,15.8107136692796,3086.531,1518.906,B0005,83,24,1.55468935359061,0.8411822397643625,0.8331826529459659,0.8404798134379567,0.7179253273639591,0.9935444640981366,0.842044309223321,Degrading
1.5518456800307168,5.4610466082760105,3.5109677353595243,2.629782173759164,4.1980467610750285,0.23330751651469486,-1.8110297241968543,32.857549597381336,40.1165626728546,15.90488471625617,3085.625,1499.641,B0005,84,24,1.5488741079890418,0.8380047274542487,0.8292311549970648,0.840233104523977,0.7088195423899932,0.9925501816419027,0.8388946803574466,Degrading
1.5412008727891533,5.421457057421758,3.510935874957801,2.6622967647315545,4.199047008209673,0.23108659705635715,-1.8094435644526072,32.629663328789654,39.87503330866132,15.874605247583197,3067.203,1480.718,B0005,85,24,1.538236598942558,0.8322564762550103,0.8232196902842503,0.8352166899397224,0.6998754069598164,0.9925411747099393,0.8331332374452557,Degrading
1.5308910958433246,5.381112411452992,3.509393098217416,2.682380966742509,4.197669918520713,0.22920883095192396,-1.8026537331443495,32.379859014262976,39.61961987024145,15.951523771765082,3058.157,1462.297,B0005,86,24,1.527914258251028,0.8266891431556056,0.8170935683566461,0.832753413078949,0.6911685465909907,0.9921050318999443,0.8275424946919893,Degrading
1.531521730568323,5.381101910600297,3.5066782411556563,2.640189476892272,4.197600624105256,0.2328002385953969,-1.8031542757366412,32.68215852457039,40.067324667444815,16.213424307696954,3058.812,1453.203,B0005,87,24,1.5285252629756445,0.8270296891826017,0.81709197385749,0.8329317732761419,0.6868701812365527,0.9913375421156767,0.8278734245012684,Degrading
1.5256735972942972,5.365644643236181,3.5109885623008092,2.693769409137257,4.197985718630326,0.2283329552029984,-1.7965666438696486,32.99387423636739,40.24716716520102,16.003398167819935,3058.578,1462.187,B0005,88,24,1.522647325284378,0.8238716668396073,0.8147448692475386,0.8328680537553127,0.6911165540476667,0.9925560694158481,0.8246898406094322,Degrading
1.5205187805525273,5.346168573529943,3.510305462695178,2.695787450704935,4.198164128530042,0.22846049187380552,-1.7959771394311954,33.045397072111655,40.30253125568348,15.997992661194733,3049.328,1443.078,B0005,89,24,1.5174859938489869,0.8210880390250955,0.8117875306756919,0.8303492265430471,0.6820845039533239,0.9923629572346051,0.8218943819841132,Degrading
1.6087958948626968,5.680276185725145,3.5222215314850214,2.6920548172137724,4.222920057935785,0.23489696038406022,-1.822916991757235,32.856295641052824,40.09418103142496,15.977345940157353,3177.219,1574.672,B0005,90,24,1.605818899130659,0.8687581392611428,0.862520011283727,0.8651746677326525,0.744283656191272,0.995731628533604,0.8697368786461062,Healthy
1.5668314550809261,5.526646339217966,3.5163492154331264,2.629071246219689,4.200423045909808,0.23460822575957183,-1.8294275689587538,33.33950238056361,40.52238496316615,15.795681431404457,3082.937,1555.859,B0005,91,24,1.5638491446744425,0.8460971238170061,0.8391921285170596,0.8395011469513749,0.7353915133044191,0.9940715254499821,0.8470053967473349,Degrading
1.551078095716847,5.465125505853276,3.5134397623234963,2.631343871050918,4.198372063670128,0.23373674328687408,-1.816317296828028,33.35156485472646,40.56886357314186,15.83347443465211,3074.266,1518.375,B0005,92,24,1.5480915247767786,0.8375902279379502,0.8298505141037944,0.837139984707315,0.7176743451775498,0.9932490233849934,0.8384708209292863,Degrading
1.5353797608257531,5.408680515620034,3.515137522009075,2.6983970036642315,4.198353213898968,0.2275911231966178,-1.8033689952639713,33.147486361012966,40.27804845768325,15.776074449856253,3066.0,1490.187,B0005,93,24,1.5323755631868592,0.8291130455601017,0.8212796397270813,0.8348891062493056,0.7043510196210404,0.9937289798560639,0.8299588079086783,Degrading
1.5299541313094065,5.3803324726557875,3.50830390643132,2.6338485871981514,4.197873789078739,0.23352522351086794,-1.802670753119494,33.007275861749356,40.2921849196155,16.026041378501382,3056.437,1462.156,B0005,94,24,1.5269528268489705,0.8261831774407254,0.8169751387595333,0.8322850473702899,0.691101901603639,0.9917971175052192,0.8270217682594442,Degrading
1.5199886634841142,5.344435404078683,3.509190808443004,2.671566207861818,4.197955644238241,0.23018953113289325,-1.7958941337499832,32.91990812745461,40.184384347174266,16.035573712016465,3048.219,1443.375,B0005,95,24,1.5169573017136326,0.8208017730547411,0.8115243580260214,0.8300472395832199,0.6822248838202987,0.9920478446036001,0.821608033973253,Degrading
1.5149048427857807,5.323329935023198,3.5068097579555353,2.6540810507928123,4.197918434710392,0.23206199649358034,-1.795344963527795,32.99903328622305,40.320066232195046,16.11145758817611,3039.218,1434.39,B0005,96,24,1.511897596014269,0.8180564834724362,0.8083196037477641,0.8275962164764521,0.6779780383496999,0.9913747219001259,0.8188676174516797,Degrading
1.5095787386958601,5.302897027129242,3.50609090727422,2.656849703962618,4.197739340034368,0.23177324893998671,-1.7893518988259458,33.03772281691292,40.33650561265159,16.108291919629124,3039.047,1424.594,B0005,97,24,1.5065638960681105,0.8151803596002619,0.8052169743383801,0.8275496522112308,0.6733478660369582,0.9911715028938312,0.8159788013184792,Degrading
1.5045733969712243,5.282067636767468,3.5037157727265953,2.6363048614501152,4.19785490446139,0.23381247270066655,-1.7883879159763685,33.07740307192613,40.43267631588412,16.173340981901724,3030.375,1415.656,B0005,98,24,1.5015453526671363,0.8124774490713711,0.8020541411551946,0.8251882176615263,0.6691232355621434,0.9905000526258817,0.8132606789478456,Degrading
1.4938814272503662,5.24599075373145,3.5067479961367156,2.69951692300468,4.197306756122815,0.22817625044492165,-1.7815447770741009,33.05467981523988,40.314538591575015,16.08555278481613,3021.0,1396.219,B0005,99,24,1.4908444050400238,0.8067037298883531,0.7965760565434803,0.8226353522436896,0.6599361531567982,0.9913572618409319,0.8074648766984146,Degrading
1.4889119595754439,5.226872069875057,3.5058813026542324,2.698216006032282,4.197528212001444,0.2283393623825587,-1.7753115642966961,33.11570360624461,40.386661855917744,16.112565173909875,3021.75,1387.187,B0005,100,24,1.485868384561201,0.8040201915326363,0.7936729851299834,0.8228395814771166,0.6556670926904156,0.9911122476914701,0.8047697854140404,Degrading
1.4834122663718425,5.205069439109636,3.504168333530808,2.6911707598773864,4.19743662221161,0.229234886610025,-1.7742377662318363,33.12942148982365,40.43384612547835,16.17003412617883,3012.265,1377.906,B0005,101,24,1.480413677976106,0.8010503286374581,0.7903623705191896,0.8202567624383772,0.6512803400123269,0.990627991514041,0.8018154301739698,Degrading
1.4782182274018598,5.184911939143082,3.5030568931470634,2.690162319231471,4.197717228550219,0.22962412070328486,-1.773860289771637,33.130681310493344,40.44479269068758,16.191035130833733,3002.641,1359.422,B0005,102,24,1.4752095869031632,0.7982455206159923,0.7873015603525473,0.8176360929150428,0.6425437020959612,0.9903137874432774,0.7989968122535919,Degrading
1.4889239809323591,5.21829085028482,3.4982324882487936,2.6355034454892072,4.192454851360723,0.23355982041117498,-1.7809702419814517,33.20069210329718,40.58499656066617,16.240738727658293,3012.0,1368.641,B0005,103,24,1.4859035988304024,0.8040266831278091,0.7923699721468472,0.8201846014425663,0.6469011498859946,0.9889499287242507,0.8047888580184266,Degrading
1.4991132128309856,5.268828409832404,3.5065859365661325,2.6594753656507684,4.202845001527377,0.2331416663559091,-1.7879098523188455,33.78697527817091,40.99869158762305,15.940464447459469,3020.11,1415.766,B0005,104,24,1.4960918298136696,0.8095289212756175,0.8000438342982646,0.8223930002200229,0.6691752281054674,0.9913114476186594,0.8103069648355212,Degrading
1.483824238543768,5.205868875185408,3.501457140697961,2.644554999824577,4.197952808231904,0.2338907608197367,-1.780229415660985,33.673365085761986,40.997807625227495,16.147133291223824,3002.172000000006,1377.9850000000006,B0005,105,24,1.4808005946928984,0.8012727957500684,0.7904837606753282,0.8175083815677414,0.6513176801116235,0.9898615376068727,0.8020249903788854,Degrading
1.4727430412462985,5.164862488645784,3.5016583871628097,2.6719601666204564,4.198017952345714,0.23145672397193165,-1.7731015168894209,33.535818118317145,40.84213757482493,16.153684531361645,2992.703,1358.797,B0005,106,24,1.4697543268466824,0.7952888916540445,0.784257156928534,0.8149299194193136,0.6422482899179841,0.9899184299597213,0.7960421572446771,Degrading
1.456956044963203,5.101381481558886,3.4966186408455298,2.6598211033173382,4.192162800008929,0.2315978911633851,-1.7705879947441516,33.32269982188509,40.69012464267011,16.245888108856633,2964.468,1321.5,B0005,107,24,1.4539012274845928,0.7867638316640106,0.7746179004630663,0.807241369544901,0.6246195091147655,0.9884936942458988,0.7874558682406588,Degrading
1.457186850251161,5.1039085954780745,3.4991645719433246,2.688360455508818,4.196993378341778,0.22983938603487397,-1.7600629827474803,33.346230327490304,40.69938049882204,16.316565223677046,2983.375,1320.954,B0005,108,24,1.454146206723569,0.7868884677183033,0.7750016293971579,0.8123898523667717,0.6243614370360847,0.9892134286792617,0.7875885528657779,Degrading
1.4580552188409053,5.10515151742026,3.496080777360074,2.6376728619288525,4.197603515102162,0.23463832033648271,-1.765575132998529,33.64948900485925,41.06026204078849,16.344915054989198,2975.297,1322.047,B0005,109,24,1.455023751906683,0.7873573912670444,0.7751903605455293,0.8101901673699414,0.624878053852931,0.9883416402994011,0.7880638451972144,Degrading
1.4520907951287794,5.08337002870444,3.4959014526388,2.645120521151077,4.196406678544622,0.2338027128281173,-1.7588271887545277,33.79269513542103,41.19696040482682,16.3455292194043,2974.9850000000006,1312.656000000003,B0005,110,24,1.449042163761236,0.7841365714834673,0.7718829562435768,0.8101052080088359,0.6204393086315197,0.9882909452209814,0.7848241225823017,Degrading
1.4416736828017829,5.045894723092106,3.497586979902671,2.698012437629632,4.197098662004674,0.22950556866575983,-1.7516428147438297,33.52446663707275,40.84446688602949,16.251346629728502,2966.25,1293.86,B0005,111,24,1.4386709371480566,0.7785112767207353,0.7661925285314805,0.8077266182035234,0.6115552009559064,0.9887674435878187,0.7792069024417483,Degrading
1.4364866182882816,5.024386881477561,3.4956989619989507,2.692894277298908,4.196909312093871,0.2299778752335828,-1.7513097768253418,33.39042251934235,40.764203830749366,16.379186216446033,2956.359,1274.406,B0005,112,24,1.433445432156979,0.7757102349419946,0.7629266761000995,0.805033243073089,0.6023600833393203,0.9882337011400006,0.7763766864050894,Degrading
1.4364290083124147,5.022064425621217,3.492875380810072,2.6483923655058117,4.197105220217278,0.23378302547155907,-1.7511840784846122,33.67370212742761,41.11212504270441,16.46697208818212,2956.344,1274.172,B0005,113,24,1.4333958900838095,0.7756791252558021,0.7625740234145744,0.8050291584884205,0.6022494810198857,0.987435475057295,0.7763498536357757,Degrading
1.4310738951484199,5.00595026383569,3.49551076423368,2.6832134764262,4.196244829545076,0.23062957343481494,-1.7446206812145286,33.91080564765892,41.27256611507568,16.3396929755883,2956.406,1274.625,B0005,114,24,1.42806487344776,0.7727873363329555,0.7601271728476937,0.8050460414383838,0.6024635957664835,0.9881804976530466,0.7734624908257114,Degrading
1.4259360392023823,4.985598274264264,3.4942333590450834,2.684960445221862,4.19680260180666,0.23088390043863466,-1.7436362428649814,33.7850680599871,41.15574924454392,16.35075610745763,2947.266,1265.844,B0005,115,24,1.4229203181741186,0.770012867436233,0.7570368304592537,0.8025571678470209,0.5983131728307766,0.9878193753507245,0.7706761184345647,Degrading
1.4204462949217047,4.961603709523493,3.491197414255986,2.669922120529456,4.196227405416926,0.2322965366171324,-1.7425325036061037,33.61126807392732,41.03237216951879,16.45379439254465,2937.984,1246.719,B0005,116,24,1.417429032731308,0.767048377011108,0.7533933822228867,0.8000296268541292,0.5892735601846775,0.9869611141022586,0.7677019515074158,Degrading
1.4154703570244973,4.94041599265745,3.488909408157623,2.664105530655056,4.196558172556389,0.2329264823133463,-1.7419837011363046,33.45598581472246,40.937269906716935,16.579459605000633,2929.125,1228.5,B0005,117,24,1.412409228794446,0.764361344701751,0.7501761390479331,0.7976172711488901,0.580662177031774,0.9863142950370598,0.7649831464106361,Degrading
1.4156331149113452,4.940359710242774,3.487376295811431,2.634098605983684,4.196870541112335,0.23539887207666607,-1.7421680980861822,33.723267448788484,41.240704611971786,16.62395360828572,2928.454,1237.391,B0005,118,24,1.412578792940193,0.7644492348060082,0.7501675928597982,0.7974345540613843,0.584864592510805,0.9858808843502099,0.7650749850301293,Degrading
1.4106769846884795,4.928195987507642,3.491994243745711,2.68378702970616,4.196795527524874,0.23108854744939497,-1.735841378420618,34.05007636985734,41.43649987692296,16.407221824843,2929.375,1237.734,B0005,119,24,1.4075983731469897,0.7617728987436762,0.7483205956491479,0.7976853475600325,0.5850267147140787,0.9871863777088703,0.7623775110076022,Degrading
1.4364461665584916,5.022768329164689,3.491585878898649,2.660031949282934,4.189287343772767,0.23180346075829492,-1.7567879869499758,33.889346908026745,41.16703904201915,16.007544851372753,2946.031,1275.031,B0005,120,24,1.4333920485221476,0.7756883907978029,0.762680907459013,0.8022208703759778,0.6026554955172974,0.9870709330127981,0.7763477729853046,Degrading
1.4412952152996088,5.046993024328244,3.495576227046425,2.650011641082063,4.201144545237731,0.23434594414669577,-1.7573176114092575,34.067648550088656,41.36216559728765,16.15001469518194,2955.438,1302.906,B0005,121,24,1.4382550176792908,0.7783069023038129,0.7663592997875978,0.8047824495744408,0.6158308786550758,0.9881990039828049,0.7789816338882841,Degrading
1.4203868619139048,4.966588922069863,3.4938988589692483,2.6936969083341418,4.196925753814179,0.22991162204202661,-1.742762839332656,33.75168100943646,41.02198772703674,16.169978705117995,2937.625,1256.25,B0005,122,24,1.4173547174485526,0.7670162828782029,0.7541503604825974,0.7999318691277287,0.593778477733957,0.987724812217123,0.7676617011765134,Degrading
1.4100106812271784,4.924656765250012,3.49159162968384,2.697073130067154,4.196901090271507,0.22969721453384803,-1.7352637407600362,33.46482299584788,40.78818812957494,16.312234344673218,2929.078,1228.297,B0005,123,24,1.406981663677643,0.7614130914138144,0.747783183396332,0.7976044727835954,0.5805662271563671,0.987072558759121,0.7620434914184746,Degrading
1.4042264479658144,4.89989240562983,3.4885729299834787,2.6806995515145213,4.196688955833435,0.23125162530471471,-1.7344350518111926,33.40210697922146,40.81506138506309,16.469841981032307,2918.375,1208.875,B0005,124,24,1.4012037783587623,0.7582895754095522,0.7440228458633239,0.7946899854697708,0.5713862346432933,0.9862191726952901,0.7589140974717855,Degrading
1.3997633708258224,4.881495245467395,3.4869021151089825,2.6695398084864568,4.196339302740304,0.23209353799352606,-1.7280392046289716,33.410688917712235,40.85837421987642,16.531743676964513,2919.812,1200.312,B0005,125,24,1.3967008232726328,0.7558794905728742,0.741229334021282,0.7950812886810168,0.5673388514752647,0.9857468335192648,0.7564752258758576,Degrading
1.3943184563002686,4.860511407016473,3.4855485210036417,2.671695307817951,4.196181412764837,0.23241327259559025,-1.7326888725308258,33.38984948261314,40.839876773287166,16.55959512338682,2900.422,1190.922,B0005,126,24,1.391284788852726,0.7529392084483603,0.7380430487094958,0.7898012822328191,0.5629005789133369,0.9853641726187972,0.753541816091255,Degrading
1.3892308948254253,4.839652349677935,3.4838912547260388,2.661289185949965,4.195770804194879,0.23297198966112082,-1.7260735249920125,33.3700433438796,40.85376069244676,16.614737295186835,2901.375,1181.172,B0005,127,24,1.3862287677978349,0.7501918988273106,0.7348757107521942,0.7900607895120936,0.5582921489368943,0.984895663629581,0.7508033952313246,Degrading
1.3834518450369386,4.817065266080279,3.483198941484065,2.667817533540102,4.195456241846729,0.2323856820123224,-1.7195393742714093,33.27215987470977,40.74795214258888,16.624455012830428,2901.187,1162.093,B0005,128,24,1.3804366761974138,0.747071181925325,0.7314459811118511,0.7900095960509146,0.5492742786270943,0.9846999467543863,0.7476663069381742,Critical
1.3782684269540966,4.798562794516702,3.4836274447098883,2.684008069130594,4.19654355365607,0.23137348858328963,-1.7185829844462919,33.222444215660225,40.68794001196382,16.634933596517826,2891.64,1162.109,B0005,129,24,1.3752364150256224,0.7442721092380797,0.7286364782883971,0.787409894062212,0.5492818411788505,0.9848210845678562,0.7448497633527505,Critical
1.373532309561438,4.777905567831326,3.480172442538601,2.6585256208771644,4.194357133255019,0.23326911304838618,-1.717672415155695,33.26207748383125,40.7810749453613,16.718211742594967,2882.906,1143.875,B0005,130,24,1.3705128024895008,0.7417145812467992,0.7254997872523983,0.7850315765625442,0.5406633681336757,0.983844355844847,0.7422913801967644,Critical
1.3735327311597758,4.775982912219334,3.478452148610975,2.6372250579822927,4.195863681881766,0.23529509458933892,-1.7177080769362936,33.312029905516525,40.88159339768709,16.795206377160195,2883.265,1143.859,B0005,131,24,1.37050855662704,0.7417148089120914,0.7252078421275614,0.7851293342889446,0.5406558055819194,0.9833580289460987,0.7422890805705951,Critical
1.3677444433780945,4.754541969741901,3.4785782556105507,2.6514257735606432,4.19558455466442,0.2340977087570062,-1.7109669363015378,33.25287943255863,40.81191473576834,16.802633263573593,2882.969,1134.14,B0005,132,24,1.3647355108681518,0.7385891034457989,0.7219521479776811,0.7850487318181522,0.5360620280495045,0.9833936793806142,0.7391623078060355,Critical
1.3784217886487131,4.800338256693526,3.4825195584604582,2.676384659108382,4.188483624251573,0.2303412402483575,-1.7184206130755166,33.745054045019884,41.11793533148924,16.398389801765443,2891.656,1162.625,B0005,133,24,1.375392016895762,0.7443549253497285,0.7289060728656179,0.7874142509525252,0.5495257334729884,0.9845078852504613,0.7449340397832497,Critical
1.3891126932848779,4.847461226344624,3.4886823636752835,2.694913850281781,4.200346502821317,0.23089056285952433,-1.7260471943596487,33.88841975386692,41.248795355864885,16.40571541605041,2901.25,1190.703,B0005,134,24,1.3861115151535393,0.7501280693814799,0.7360614475316121,0.7900267513065224,0.5627970664861738,0.9862501095875847,0.750739889347244,Degrading
1.372876297695541,4.783557114637984,3.4858502383832755,2.6973343716306277,4.1981749992980655,0.23006365836911544,-1.712021613408506,33.7353756996425,41.16242984455477,16.581425997164004,2891.703,1161.953,B0005,135,24,1.369850003583894,0.7413603314319099,0.7263579448588364,0.7874270493178199,0.5492081062992274,0.9854494680878908,0.7419323978410053,Critical
1.3677722711372509,4.756374385348291,3.478794177297151,2.642540259937964,4.195715092938243,0.23453996495323506,-1.711022510206629,33.59131052719714,41.16437554618679,16.824088857786005,2883.016,1134.109,B0005,136,24,1.3647827949260758,0.7386041305802797,0.7222303906331126,0.7850615301834469,0.5360473756054768,0.983454720416992,0.7391879175986285,Critical
1.3573487873323848,4.719712506814865,3.4812826020756744,2.699226257883075,4.195755769877104,0.2300023006876262,-1.703421414006958,33.32366688599416,40.86421618020504,16.83407814338492,2873.453,1124.531,B0005,137,24,1.3543220466259964,0.732975395186405,0.716663477537267,0.7824574713044311,0.5315202430604133,0.9841581978204016,0.7335222110985126,Critical
1.357685765765992,4.721310905622294,3.480352041587074,2.676480329780849,4.195911764444989,0.2317297204267771,-1.703574708739156,33.691961507697364,41.25434553511566,16.852627247164698,2874.031,1125.047,B0005,138,24,1.3546417018378962,0.7331573652908082,0.7169061859747342,0.7826148639669922,0.5317641353545514,0.983895128475535,0.733695341410026,Critical
1.3577329112210847,4.719766080219491,3.4781127815565127,2.642142168479886,4.195824004004723,0.23459878147822352,-1.7034912994217157,33.887639684793655,41.45023191903855,16.802419719130263,2874.234,1125.125,B0005,139,24,1.354703921319241,0.7331828240814303,0.7166716123764988,0.7826701420128397,0.5318010027943628,0.9832620899181899,0.733729040463839,Critical
1.352344754446474,4.697573942944851,3.4765867130506134,2.644725254926797,4.196258226051591,0.23472415799026072,-1.7023383270190764,33.67308060941856,41.27708509224051,16.86992626932048,2864.984,1106.5,B0005,140,24,1.349314997503458,0.7302731914372237,0.7133018532544625,0.7801513148005742,0.5229977198906455,0.9828306705241938,0.7308103142106245,Critical
1.3472182818356904,4.674672234074792,3.4733769291841643,2.632270655366611,4.196612664794988,0.23613516344527882,-1.7014238498912502,33.411988203265814,41.06460515498328,16.992861173350615,2855.093,1087.75,B0005,141,24,1.3441891937970554,0.7275048696006631,0.7098243494241626,0.7774579396701398,0.5141353545513326,0.9819232649882245,0.7280340979644633,Critical
1.3420552182990924,4.653878173547313,3.4726366397371127,2.639100611887612,4.195850781215982,0.23522618557771546,-1.6950436046971957,33.29926524979532,40.99284868101728,17.119459396598053,2855.625,1077.75,B0005,142,24,1.3389913790695755,0.7247167884741105,0.7066668808901734,0.7776028062730507,0.5094087597036991,0.981713985245281,0.7252188794119189,Critical
1.3419240651791107,4.655458104884047,3.473439372740961,2.637841830893275,4.196002392961924,0.23518545064249638,-1.695057731610264,33.59980731390034,41.29040553417739,17.11552679572819,2855.594,1087.156,B0005,143,24,1.3389145230206971,0.7246459651081152,0.7069067851395145,0.777594364798069,0.5138545948173833,0.9819409177746676,0.7251772529619545,Critical
1.3370216786823095,4.639830246389492,3.4754777099091454,2.668286095904868,4.196207586734141,0.2330705684131052,-1.6937809113323188,33.61961195858585,41.22740227746052,16.94107875320008,2847.437,1078.297,B0005,144,24,1.3340066759761655,0.7219986509370012,0.7045337771651949,0.7753731676553176,0.5096673044418648,0.9825171554615462,0.7225190854863479,Critical
1.3316773779036628,4.615952389843628,3.4722884821666766,2.649019812683856,4.195534582569042,0.2344914419346953,-1.6869434054016965,33.3945201718652,41.04619550953222,17.033092779215078,2847.36,1059.438,B0005,145,24,1.3286444309174914,0.7191127007584018,0.7009080504533272,0.7753522001206858,0.5007534192187127,0.9816155611395007,0.7196148088693572,Critical
1.3262466603920797,4.594062375388785,3.471373665098864,2.664058512378051,4.1957439573980455,0.23373399463291314,-1.6860649112944588,33.16734508187535,40.85874389007758,17.143683343394873,2837.328,1049.953,B0005,146,24,1.323170899227622,0.716180085095171,0.6975841670896907,0.7726204298943672,0.4962702440057324,0.9813569424579098,0.7166502576552106,Critical
1.3212629409075134,4.576627089143892,3.4726160162875095,2.6883611693898826,4.19586805747139,0.2317139516350819,-1.6795829780331426,33.10962161613893,40.79196924883506,17.21494663380883,2837.281,1040.734,B0005,147,24,1.3181691588445197,0.7134888506882229,0.6949367107342282,0.7726076315290724,0.49191279621569906,0.981708154998411,0.7139412360644493,Critical
1.3215880284336623,4.580263293078135,3.4738146874457896,2.6869753836302124,4.195347750909715,0.2314553175547566,-1.679793840292355,33.46501751186519,41.14127834456325,17.181400036546375,2838.515,1049.828,B0005,148,24,1.3184664436640334,0.7136643996408377,0.6954888491436729,0.7729436566944708,0.49621116157013695,0.9820470191992687,0.7141022502181205,Critical
1.3213681842595952,4.576419880143172,3.4701426486639693,2.6507536817766586,4.196065828878837,0.23472522386577235,-1.6851739865098712,33.442619101404404,41.14429319149828,17.176490366648455,2828.328,1040.766,B0005,149,24,1.318293040102702,0.7135456826449778,0.6949052471391854,0.770169679093244,0.49192792131921154,0.981008934251012,0.7140083321105055,Critical
1.3269146528010929,4.592536803209009,3.467523652225441,2.664632278910652,4.184534803011309,0.23031267169577166,-1.6863812036302581,33.037928170775885,40.66184230912503,17.067488373971276,2838.265,1031.312,B0005,150,24,1.323872422244268,0.7165408044655697,0.6973525169919329,0.7728755802833285,0.48745939855025877,0.9802685442540887,0.717030213601131,Critical
1.363124549025367,4.7392489451424336,3.4767525840839255,2.6400211837268666,4.201240476440081,0.2357905002938202,-1.715777469309528,33.4949493613756,41.04669454497069,16.809012975464814,2864.547,1124.891,B0005,151,24,1.3601216766554785,0.73609433649974,0.7196299827662002,0.7800323172338974,0.5316904004749282,0.9828775622465487,0.736663382323907,Critical
1.3426278162092733,4.6621444041308555,3.4758956827369127,2.674198661305034,4.195703567262997,0.23179732230772573,-1.7007216920098716,33.491363029025784,41.0462053156659,16.878831157267893,2846.39,1087.078,B0005,152,24,1.3395306867947354,0.7250259943196637,0.7079220644522172,0.7750880636454537,0.5138177273775717,0.9826353163326768,0.7255109769938842,Critical
1.3320815777870085,4.622369696798169,3.475812179626641,2.696427051131168,4.195744519551191,0.230210121933629,-1.6928138295817332,33.329808599922345,40.8683026432256,16.88090778011451,2837.969,1068.766,B0005,153,24,1.3290286565120697,0.71933097079481,0.7018824847036814,0.772794977812536,0.5051623868925853,0.9826117100128485,0.7198229115199771,Critical
1.3267441995876106,4.600731194585184,3.4746554404904435,2.692834029769684,4.196363050482315,0.23072335808814123,-1.6861104874993165,33.27302769298771,40.85283588259973,16.976331560766262,2838.156,1059.281,B0005,154,24,1.3236741274998955,0.7164487588449606,0.6985967921488353,0.7728458989680705,0.5006792116796048,0.9822846999898903,0.716922814035641,Critical
1.321698560875779,4.579492436075286,3.472301781313945,2.681747855329962,4.1957929878569455,0.23174255819209505,-1.685043785043406,33.229879126701434,40.85270645265791,17.052224205928912,2829.843,1040.453,B0005,155,24,1.318633896753293,0.7137240877336827,0.6953717985691841,0.7705822221447663,0.4917799789004806,0.9816193208069292,0.7141929454560773,Critical
1.3165198443400021,4.560666199345002,3.4729305773503527,2.696791414385091,4.195797286482793,0.23047543951511296,-1.678524839793589,33.20860833999321,40.8263251809212,17.073884711003092,2829.625,1031.86,B0005,156,24,1.3134751321324272,0.7109275539062724,0.6925131337109784,0.7705228595142503,0.48771841594790905,0.9817970813752951,0.7113988770580464,Critical
1.3162512877272114,4.556842714195478,3.4696192030612285,2.664695973142795,4.196349384378125,0.2335360160165041,-1.6839115230941766,33.236115055926255,40.90308836809665,17.132405032087608,2819.437,1031.094,B0005,157,24,1.3132020634442203,0.7107825319404908,0.6919325576357168,0.7677486096073788,0.48735635878258043,0.9808609562383269,0.7112509787435691,Critical
1.3108844379428561,4.536982280804947,3.470018470757559,2.679191623358613,4.195609431921248,0.23228852507704872,-1.6773783325850857,33.18660088296571,40.84337405460518,17.144633756028966,2819.579,1021.672,B0005,158,24,1.3077959946944353,0.7078844051816899,0.6889168554634968,0.7677872770089077,0.48290296111714015,0.9809738291709162,0.7083229665233058,Critical
1.306144371103289,4.520412833395568,3.470762691935286,2.699983457940659,4.195339917236225,0.2308019513459115,-1.676425373206175,33.174058099115534,40.81792110626284,17.136595173963784,2810.672,1012.64,B0005,159,24,1.3030329186405918,0.7053247444685655,0.6864008721733853,0.7653618506327294,0.47863390065075756,0.9811842204136768,0.7057432093028208,Critical
1.3064088271479646,4.518981262359488,3.468111467035994,2.666300786624286,4.19540205700612,0.23331018641197845,-1.67627880896028,33.253984518546055,40.94699384765951,17.193506729456992,2811.485,1012.953,B0005,160,24,1.3033573559038203,0.7054675521062668,0.6861834956540365,0.7655832351217642,0.47878184306948846,0.9804347194345411,0.7059189296488633,Critical
1.3064910023219722,4.516461171443404,3.4648625780221494,2.630850137384784,4.195685302232799,0.23628874196780142,-1.6817992883033976,33.3198093248819,41.07493805830632,17.283869942518617,2802.422,1012.297,B0005,161,24,1.3034100438655642,0.7055119271270461,0.6858008331259644,0.7631153290650331,0.47847177844748373,0.9795162588778263,0.7059474662811163,Critical
1.3009743020280475,4.499067632798627,3.467864133752208,2.673348140468748,4.195561297751176,0.23302321568608483,-1.6750812261110137,33.33765795318199,41.02476444658572,17.187167414624017,2801.625,1003.125,B0005,162,24,1.2978870806495706,0.702532880314759,0.6831597159236251,0.7628983014663114,0.47413654565323426,0.980364798343192,0.7029561421716815,Critical
1.301230579326312,4.495848223482371,3.464021404592563,2.632763831012711,4.196066962029683,0.23624354348512958,-1.675366426273468,33.29076744042025,41.06214198725253,17.31087096313411,2802.031,993.734,B0005,163,24,1.2980735056918902,0.702671271386918,0.682670865580967,0.7630088575580065,0.4696978004318217,0.9792784592444318,0.7030571129190654,Critical
1.2965961647852116,4.48122561288706,3.4664623858156745,2.6687371180046218,4.196640912532072,0.23372068251081674,-1.6744879201095209,33.27568841807217,40.98366325567302,17.242239114003453,2793.39,993.593,B0005,164,24,1.293463613844243,0.7001686634637204,0.6804504992038248,0.7606558644832837,0.46963115544447004,0.9799685243600932,0.7005603226841022,Critical
1.2911109919997852,4.463244698268872,3.46850906693551,2.696396337945361,4.1956235749123225,0.2314029145517178,-1.6674467270234996,33.32067807371405,40.98234242711097,17.17836390863123,2793.39,984.562,B0005,165,24,1.288003392619118,0.6972066416697752,0.6777201920546151,0.7606558644832837,0.4653625676375723,0.9805471208811597,0.6976029806278912,Critical
1.290517698532031,4.459563606365136,3.466806213058136,2.6794834862925194,4.195862008850563,0.23283528586038774,-1.6674702882406252,33.37314972896719,41.06375085817118,17.214629087918496,2792.485,984.0,B0005,166,24,1.2874525221379407,0.6968862601156404,0.677161237643503,0.7604094278749486,0.4650969330071352,0.9800657242826449,0.6973046204746406,Critical
1.3120709197993343,4.5478521532344915,3.4710707220080397,2.6787137407179737,4.18482689434833,0.23018035235448406,-1.6888978346592105,33.71351889594897,41.047029587744966,16.112924765882955,2802.016,1031.438,B0005,167,24,1.3090153642307354,0.7085251115467376,0.6905673883221181,0.763004772973338,0.48751895364533904,0.9812713004804013,0.7089833963233237,Critical
1.328141194467203,4.611907219944427,3.475472204020004,2.655378369801326,4.201968615940368,0.2359864959610258,-1.6979281889133206,33.86531768239223,41.051007697556734,15.957710564427973,2820.39,1078.156,B0005,168,24,1.3250793286429356,0.717203143335888,0.7002938127168115,0.7680081168866533,0.509600659454513,0.9825155989473086,0.7176838931689599,Critical
2.0519781081265385,7.2723050571911285,3.556946061827572,2.4757677568281857,4.179823027658306,0.22659516743494124,-1.990533350635129,32.14277785992152,39.16298653238707,14.885419022055185,3690.234,2228.297,B0006,1,24,2.035337591005598,1.004949793473848,1.003679984646733,1.0048715479813437,0.9747580927384077,0.9987281285028684,1.0050353771765532,Healthy
2.0418712670544346,7.245641208787056,3.56147580138708,2.35152551190002,4.177288238505559,0.232007656013251,-1.9902775421457088,32.29307515705474,39.2462026826329,14.597592064472938,3672.344,2286.0,B0006,2,24,2.025140246031412,1.0,1.0,1.0,1.0,1.0,1.0,Healthy
2.030017104308483,7.215043441963059,3.5667524696413215,2.440479715106544,4.1781213228923,0.22412437745286973,-1.9899467848963859,32.24414709253608,38.999202460252846,14.29514474122907,3651.641,2286.406,B0006,3,24,2.013326371345464,0.9941944612585435,0.9957770794961679,0.9943624562404829,1.00017760279965,1.0014815959867498,0.9941663918293563,Healthy
2.018580085948515,7.178734412705887,3.5687953371516272,2.479155853900392,4.1785623580417175,0.221550832457731,-1.9896009282099438,32.14711742429942,38.84362777186652,14.193124671410441,3631.563,2286.719,B0006,4,24,2.0132846655407413,0.9885932176617975,0.9907659247603885,0.9888951035088216,1.000314523184602,1.0020551973880312,0.9941457977965211,Healthy
2.017221851016285,7.16354573491807,3.563970503289941,2.280187848173442,4.17824995156942,0.23564320726845062,-1.9895483606575701,32.06687277315468,38.97798888258284,14.343782682671154,3629.172,2285.594,B0006,5,24,2.000528337624771,0.9879280263962438,0.988669674428617,0.9882440207126565,0.9998223972003499,1.000700468581561,0.9878468128541358,Healthy
2.0305663446591478,7.230254219454645,3.5735512387791406,2.4392842568466446,4.193216523251186,0.22605946144800437,-1.9901040351037365,32.03447836207717,38.83989920742278,14.496499603062823,3652.281,2324.235,B0006,6,24,2.0138990759931645,0.9944634499844865,0.9978763798966818,0.9945367318530072,1.016725721784777,1.003390571230993,0.9944491893535391,Healthy
2.029737048901392,7.2218815255842825,3.571139134378589,2.2812068449406446,4.193732603145628,0.23657745407695108,-1.9900886222380374,32.11157496697371,39.04610837498471,14.61516198554003,3650.828,2322.953,B0006,7,24,2.013101105626967,0.9940573050079955,0.9967208308391038,0.9941410717514481,1.0161649168853892,1.0027132945807875,0.9940551572030443,Healthy
1.98541870506306,7.059602498228784,3.5681507462163036,2.366410527029613,4.176826628115461,0.2274993356336564,-1.9891170520197212,32.112576242471775,38.87507521022778,14.224639738796089,3572.453,2268.765,B0006,8,24,1.96878982627284,0.9723525361749118,0.9743240514955867,0.9727991168583335,0.9924606299212598,1.0018742075480687,0.9721745593328661,Healthy
1.973423880817501,7.0194319471185995,3.5692834155812436,2.436020049578708,4.176369138969733,0.22314682772269262,-1.9892116643905464,32.03566207329278,38.7260539826455,14.161077074102831,3550.594,2248.187,B0006,9,24,1.9681661764334244,0.9664781089085629,0.9687799526432355,0.9668467877736944,0.9834588801399825,1.0021922412588407,0.9718666054315805,Healthy
1.973788625957033,7.008149681286678,3.563388513484579,2.1864377487643725,4.176897989902666,0.24088737299974916,-1.989191243247005,31.99527968872302,38.98629728904917,14.460863042368569,3551.25,2229.735,B0006,10,24,1.9572307917560536,0.9666567416879241,0.9672228418911547,0.9670254202765318,0.9753871391076117,1.0005370560419795,0.9664667894441198,Healthy
1.9621285330511888,6.974082425196991,3.566658719765511,2.3406023605912454,4.177579509962451,0.22936050019477983,-1.9891317699701738,31.874127571841353,38.65978861919643,14.24774098008703,3530.25,2230.109,B0006,11,24,1.9455991514129352,0.9609462480373304,0.962521083260273,0.9613070017405777,0.9755507436570429,1.00145527266433,0.9607231673093504,Healthy
1.9400247117914988,6.899693692584444,3.5687035970122842,2.4263021374140443,4.177996110793395,0.2251048512425194,-1.9887805507702205,32.120959708576166,38.84979195732924,14.183724388640751,3491.016,2192.5,B0006,12,24,1.934750504484113,0.9501209714313392,0.9522543959555894,0.950623362081548,0.9590988626421697,1.0020294383643964,0.9553661818116388,Healthy
1.9285530775165485,6.8601896337763195,3.569207084156356,2.475369770000704,4.176316409477926,0.2222086735795376,-1.9887320866401275,32.11021168908644,38.75128344015104,13.91798085591655,3470.281,2173.734,B0006,13,24,1.9232799539368028,0.9445027747996294,0.946802282378641,0.9449771045414046,0.9508897637795275,1.0021708087322299,0.9497021046842455,Healthy
1.928418570918558,6.852809875038467,3.5659271296109383,2.342364523655007,4.177992455010172,0.23053100445580993,-1.9887200290368634,31.989061278918154,38.76853764058789,14.137887545501862,3470.0,2173.094,B0006,14,24,1.911889930948487,0.9444369006183523,0.9457837722806108,0.9449005866552806,0.9506097987751532,1.0012498549680233,0.9440777914987086,Healthy
1.9175899796298983,6.805088599790671,3.5612417270649486,2.188400081882664,4.177439981618572,0.2410110335871966,-1.9887874042287874,31.878814448635442,38.84686112344348,14.38494548416326,3450.297,2135.359,B0006,15,24,1.9010667141979305,0.9391336322569336,0.9391975677097962,0.9395353485403328,0.9341027996500437,0.9999342760318517,0.9387333632440402,Healthy
1.9057382341713198,6.756540545675198,3.557881987836072,2.1206980945954057,4.17561570814845,0.24519089656514692,-1.9885910895930397,31.767450711024402,38.8658897816528,14.597168668511586,3429.407,2115.782,B0006,16,24,1.8891989948061456,0.9333292773743285,0.9324972560718701,0.9338468836252813,0.9255389326334209,0.9989909201265362,0.9328731669366281,Healthy
1.8947189407468175,6.727734595595171,3.56282437243777,2.369981457799298,4.177602520456299,0.22962078821623072,-1.9884892463229662,31.78991634963658,38.647578733807656,14.292860582139127,3409.484,2098.172,B0006,17,24,1.878278372248849,0.9279326132445674,0.9285216313824923,0.9284217382685281,0.91783552055993,1.0003786551210498,0.9274806403801601,Healthy
1.8840273120718374,6.682576070281015,3.5591953280168633,2.247991649924625,4.176354539745044,0.23690564233983327,-1.9883474274444874,31.82883467218067,38.79218188173866,14.407922850132987,3390.422,2079.187,B0006,18,24,1.8675697161520208,0.9226964218903477,0.922289122207267,0.9232310480717493,0.9095306211723534,0.9993596830366421,0.9221927813699935,Healthy
1.8728747383868773,6.64813481776028,3.5580906165580983,2.4115317107898875,4.177450270459645,0.2331295640738903,-1.9774549866256104,31.890449470827843,38.77022223929529,14.304349588863694,3390.281,2059.75,B0006,19,24,1.8675892574453767,0.9172344841742406,0.9175357468291201,0.923192652975865,0.9010279965004374,0.9990494994160389,0.9222024307231157,Healthy
1.9962155239766788,7.092882538647451,3.565899462157853,2.203355846859377,4.174584178175673,0.23728308706091564,-1.9892347833261184,31.51177053595285,37.54320599748628,13.031594284562697,3591.734,2268.171,B0006,20,24,1.979626548250818,0.9776402441160662,0.9789171633347855,0.9780494419912731,0.9922007874015747,1.0012420864319926,0.9775256563737817,Healthy
1.9742290079405647,7.025142288175834,3.570814209348872,2.35887751155593,4.175224020262452,0.22637823643619273,-1.9890474874073771,31.874488497680712,37.90362577530197,12.993038242364968,3552.297,2249.516,B0006,21,24,1.9575499080884025,0.966872417372595,0.9695680597123945,0.9673105242863959,0.9840402449693788,1.0026220613258567,0.9666243668430057,Healthy
1.9623767500160618,6.974885474487321,3.5666817833633124,2.218672914041916,4.177217300859919,0.23523255201916135,-1.988682950523383,31.53911453638972,37.6701605139887,13.10009245997168,3531.578,2212.61,B0006,22,24,1.9458150170787551,0.9610678115114231,0.9626319153132535,0.9616686236365656,0.9678958880139983,1.0014617485184667,0.9608297602558107,Healthy
1.9408946892884764,6.898884484358777,3.5668392745025836,2.339723057947995,4.176681511062203,0.2281830366803388,-1.9885447318884861,31.220866832188786,37.34166959188387,13.11609568647653,3492.907,2173.625,B0006,23,24,1.9242461121680092,0.9505470401610455,0.9521427138832441,0.9511382920554284,0.95084208223972,1.0015059692707766,0.9501791868187297,Healthy
1.9512435907473284,6.943654921831122,3.5710519693928755,2.399750820894273,4.190384318239257,0.2280809535935375,-1.9885639445355097,31.119005145018026,37.28979017254232,13.250644183995949,3511.594,2192.266,B0006,24,24,1.945981133142164,0.9556153819443065,0.9583216614990949,0.9562268676354938,0.9589965004374453,1.0026888201801247,0.9609117871987517,Healthy
1.9066881682896264,6.777525886239969,3.5666308474029793,2.491410879472442,4.176973413125379,0.22128943273533605,-1.9880563928902786,31.033244078156734,37.16794481484507,13.152201221838034,3431.9370000000054,2117.327999999994,B0006,25,24,1.901407930553079,0.9337945046066392,0.9353935270795101,0.9345358169060429,0.9262152230971102,1.0014474465933172,0.9389018534786386,Healthy
1.8951667503040188,6.71742495717387,3.5527392240854914,2.1387303309558976,4.173452155236546,0.24828702085454257,-1.9772969675547487,31.001249222460967,37.51577848501052,13.611965056859976,3431.125,2078.391,B0006,26,24,1.878674213680085,0.9281519265599693,0.9270987568398228,0.9343147047226512,0.9091824146981627,0.9975469221781077,0.9276761040928643,Healthy
1.884794846926784,6.686981372624528,3.5560959755046615,2.346064498302046,4.1764585468168685,0.23569232950784283,-1.9771693646864965,30.92143474404136,37.24165964092258,13.424772542613457,3412.406,2060.953,B0006,27,24,1.8683061328264217,0.9230723196598745,0.9228971156500241,0.9292174153619596,0.9015542432195975,0.9984894391588107,0.9225564187407109,Healthy
1.8724117016983173,6.6390711385269805,3.5504500858303394,2.327337743316428,4.17626102066065,0.2412668680951192,-1.9660385076397233,30.929360248207214,37.27233216178077,13.509747898487863,3410.688,2021.75,B0006,28,24,1.8560244070083,0.917007713419379,0.9162848321105845,0.9287495942645896,0.8844050743657043,0.9969041722668882,0.9164917889738641,Healthy
1.8505312325915884,6.5628920105025825,3.546007083640312,2.486311723336632,4.172855540858831,0.23609522141797626,-1.9445990482746272,31.00810965793079,37.2071345030198,13.429206860850712,3410.718,1984.328,B0006,29,24,1.8451997961855775,0.9062918228244282,0.9057710451551922,0.9287577634339266,0.8680349956255468,0.995656655103274,0.9111466723361719,Healthy
1.8737175764352934,6.643977242584155,3.554257954720065,2.292166351092089,4.188187801734904,0.24338241655362303,-1.9769156942357176,30.96779499306422,37.49607769896255,13.730409903246443,3392.719,2004.703,B0006,30,24,1.857228890885317,0.9176472614447841,0.9169619432061802,0.9238565341373248,0.8769479440069992,0.9979733551287352,0.9170865546348484,Healthy
1.9331123813313034,6.865940868967291,3.555857469677978,2.434300686181212,4.189991619197343,0.22108351984586955,-1.9997552547832569,31.10097217303459,37.25007396118109,13.504562486394242,3470.672,2071.047,B0006,31,24,1.9247760889090637,0.9467356794338828,0.9475960334111924,0.9450835760484312,0.9059698162729659,0.998422470901834,0.9504408856033413,Healthy
1.890473375613289,6.71782616618954,3.5537306734803207,2.472619908000758,4.186982490201218,0.22399671363615298,-1.9884344406296768,31.307368922041046,37.39699052067588,13.201269939577234,3414.109,2033.656,B0006,32,24,1.8822317526092551,0.9258533611379187,0.9271541293050206,0.9296811518746609,0.8896132983377077,0.9978253037957627,0.9294327917771577,Healthy
1.868829450064171,6.631696243688026,3.5452650003621513,2.403422072720937,4.186483106541616,0.23247375361023506,-1.977131099996694,31.131339987164562,37.2852066420257,13.311728840723038,3395.219,1977.578,B0006,33,24,1.855276687885587,0.9152533170027459,0.9152669932987468,0.924537298248748,0.865082239720035,0.9954482911217268,0.9161225705337198,Healthy
1.8527708238517413,6.567265259815867,3.538408778928339,2.4006679782182205,4.187721936001791,0.2365736558729295,-1.965705768920947,30.828713779105055,37.080390421974414,13.560232638780427,3386.0,1930.219,B0006,34,24,1.839250891718188,0.9073886555661826,0.9063746148307071,0.9220269125114641,0.8443652668416448,0.9935231842794616,0.9082091451801898,Healthy
1.8320230283744265,6.483669397584823,3.5297688311332673,2.3194299432177345,4.184171356892756,0.2442494192305717,-1.9542494702422435,30.761533072057244,36.98024266357476,13.450809772044668,3368.187,1884.328,B0006,35,24,1.8185396073994429,0.8972274883015856,0.8948372146445559,0.917176332064752,0.8242904636920385,0.991097238329834,0.8979820587552707,Healthy
1.8270383247979014,6.468700285977215,3.5300676840423306,2.340173173498008,4.186779863144672,0.24464747529573896,-1.9490605727432448,31.303056929415803,37.59874124546701,13.651073529018998,3368.266,1884.453,B0006,36,24,1.8134770059567056,0.8947862454784198,0.8927712675218288,0.9171978442106731,0.8243451443569554,0.9911811509901269,0.8954821817948191,Healthy
1.810645342960527,6.4044572709215695,3.5248882875629555,2.382960351080877,4.186482965601712,0.24409981280453605,-1.9373547119632697,31.06432144678013,37.33680914521836,13.612138253593553,3358.719,1845.969,B0006,37,24,1.7971018450305436,0.8867578344312226,0.8839048313839565,0.9145981422219704,0.8075104986876641,0.9897268672133404,0.8873962425823365,Healthy
1.7945504955319478,6.33930623136021,3.5190926887152725,2.351855540704836,4.184741677172267,0.2470108336078659,-1.9312604088713479,30.96654665282149,37.39499820465976,13.885324098954971,3339.5,1808.719,B0006,38,24,1.7810046294120476,0.878875433768522,0.8749130751426526,0.9093647000389942,0.7912156605424322,0.988099564608778,0.8794475508065244,Healthy
1.7846019821641796,6.298282190801871,3.5151810230271,2.3535104841115886,4.186114015167315,0.24818050170469888,-1.925413982519257,30.826455697992966,37.35233964342659,14.092751641900907,3331.265,1771.453,B0006,39,24,1.7710130422682329,0.8740031807875005,0.8692511827888624,0.9071222630559664,0.774913823272091,0.9870012374246795,0.8745137753984287,Healthy
1.7738621765827405,6.259423883075746,3.514029112834162,2.3948058223938364,4.186378094589789,0.24655146399647063,-1.9198444871883995,31.080769482413952,37.58677381866742,14.174871745007579,3321.188,1752.813,B0006,40,24,1.7604712448170945,0.8687433949455986,0.8638881919083589,0.9043782390756422,0.7667598425196851,0.9866778012265479,0.8693083100131069,Healthy
1.7637145573048336,6.225966735837179,3.514139684003936,2.4418858444380294,4.185742966026202,0.2441467401802066,-1.9087331589392134,31.69428781742534,38.20704456989348,14.213169326281562,3321.844,1743.266,B0006,41,24,1.7502913788006589,0.8637736304743322,0.8592706368467045,0.9045568715784795,0.762583552055993,0.986708847673566,0.8642815638228691,Healthy
1.7528820236510314,6.182053811032234,3.509578354212467,2.391848815367812,4.18499542353586,0.24857815752130533,-1.90276801874341,31.875581783696685,38.340431886092745,14.114992758613454,3311.828,1724.578,B0006,42,24,1.7394925037732578,0.8584684313520442,0.853210037992915,0.901829458242474,0.754408573928259,0.9854281061928315,0.8589491553397712,Healthy
1.7709771149829616,6.22820470992201,3.5110708693292705,2.3166154227865463,4.175622772952551,0.2579982816753887,-1.9093247566511207,31.543288143901563,38.521539672721865,14.589938865057416,3327.391,1720.328,B0006,43,24,1.7546766553637203,0.8673304451449284,0.8595795086249698,0.9060673509889052,0.7525494313210849,0.9858471782854236,0.8664469825249345,Healthy
1.7794744081559895,6.277881972039987,3.5159179315855056,2.4110989960643794,4.191704957733779,0.2463333931364589,-1.930637216793332,31.420983409991024,38.03707160241571,14.235215116695883,3312.078,1753.015,B0006,44,24,1.7659390941842177,0.8714919676219481,0.866435666787719,0.9018975346536163,0.7668482064741907,0.987208148435592,0.8720082955463747,Healthy
1.7471974072113323,6.150944591541446,3.50585340727078,2.4510125175432287,4.185468369564667,0.2446594488840512,-1.907114151507875,31.15837149963786,37.9342856877206,14.609240920943563,3293.172,1667.906,B0006,45,24,1.7337887419624838,0.8556844084161127,0.84891652985549,0.8967493241373902,0.7296176727909011,0.9843822063610156,0.8561326779022448,Healthy
1.7267233568721623,6.0719873271101665,3.5010379345914444,2.471216186082459,4.184201889006967,0.24386408714192456,-1.8953541357988335,31.156614216998822,37.88470784051604,14.657192331301005,3275.328,1630.484,B0006,46,24,1.713325912040734,0.84565730696779,0.8380193211535846,0.8918903022156965,0.7132475940507437,0.9830301060105204,0.8460282765098721,Degrading
1.7157899192601993,6.028019075268005,3.4974076626364967,2.470968641396993,4.185838836583766,0.24494709784455085,-1.8892713805954209,31.206611383963256,38.065368726791895,14.85569765858708,3265.016,1602.516,B0006,47,24,1.7024077813673466,0.8403026904508852,0.8319510863935139,0.8890822864088985,0.7010131233595801,0.9820107892560632,0.84063698042814,Degrading
1.83714080021227,6.5047223362400866,3.5388872766749144,2.4288023941361625,4.1729165619005535,0.23131188059689844,-1.9819359924929794,33.61169282822636,39.788440481350335,13.185494771268278,3328.937,1893.406,B0006,48,24,1.82371946178183,0.899733900885189,0.8977428151357495,0.9064883355154092,0.8282615923009624,0.9936575380623481,0.9005398343920632,Healthy
1.8217143211399838,6.447479768047405,3.5327430295356828,2.3551430866643166,4.186982012423103,0.24214221411645204,-1.9653277079992455,32.85630077141311,39.21290317800791,13.601536439717822,3329.266,1855.235,B0006,49,24,1.8081284050314708,0.892178831512701,0.8898425387429215,0.9065779240724725,0.8115638670166229,0.9919323411266175,0.8928410803028527,Healthy
1.7892919243424719,6.31866095322614,3.521214759733266,2.365933525789291,4.186537777937825,0.24555349683837133,-1.9470636598230844,32.210981559158874,38.66937823121345,13.880867009405492,3301.579,1771.641,B0006,50,24,1.7757610945034283,0.8763000651474326,0.8720637375148065,0.8990385976912839,0.774996062992126,0.9886954049671955,0.8768583301740794,Healthy
1.7581023234773705,6.194967601000582,3.5093111439506677,2.3481961394586457,4.182282350256796,0.24899377647718807,-1.9241628426386395,31.965090081650274,38.5170065164806,14.21796755989579,3283.563,1696.578,B0006,51,24,1.7447409841836798,0.8610250566939884,0.8549923219338705,0.8941327391987243,0.7421601049868767,0.9853530782334402,0.8615408180261986,Healthy
1.7426098653438638,6.136592756095405,3.50716091973708,2.46945948630322,4.185961817428056,0.24280577853247837,-1.9124470439353745,31.744801840189538,38.29250529949152,14.302387770944236,3275.125,1659.641,B0006,52,24,1.729207034132373,0.853437674284785,0.8469357754912475,0.8918350241698489,0.7260021872265967,0.984749332951007,0.8538702628230476,Healthy
1.7215121961154374,6.054991752228814,3.500928918686389,2.4666715880697576,4.1836566973224585,0.2434099534316563,-1.8950209973545986,31.876564068962466,38.52091685291118,14.525501881029658,3265.656,1621.281,B0006,53,24,1.7081086552553244,0.8431051574563067,0.8356736937078394,0.8892565620214228,0.7092217847769029,0.9829994962545835,0.8434520318297155,Degrading
1.7109769242799555,6.014077658338612,3.4973019898820894,2.448293126278513,4.184390004467988,0.2457283668493636,-1.8837082435178907,32.24289319481841,38.95436345473558,14.656603988902908,3266.093,1592.968,B0006,54,24,1.6975954237461768,0.8379455413700879,0.8300269755346316,0.8893755595880996,0.6968363954505687,0.9819811181982488,0.8382606721054939,Degrading
1.6955440841326477,5.952226207524642,3.4929038301187156,2.4745215382882586,4.184732708741646,0.2442305229339009,-1.871665199438006,32.07305565938816,38.73136385469604,14.625892781988131,3257.594,1555.938,B0006,55,24,1.6820634524029463,0.8303873566812113,0.8214906087685047,0.8870612339149055,0.6806377952755905,0.9807461920022992,0.8305910939744643,Degrading
1.6849097756514386,5.907678402233974,3.4886592248223183,2.469127855241356,4.185835940524748,0.24525111740310898,-1.8654809345089407,32.030140929891196,38.74827601131975,14.772075688005593,3248.593,1527.718,B0006,56,24,1.6714768322295086,0.8251792377107388,0.8153423875128559,0.8846102108081377,0.6682930883639545,0.9795543812100584,0.8253634954443457,Degrading
1.6742345320793135,5.8607751006575945,3.4822930804774015,2.4177173347922416,4.185703389994729,0.2493099528019541,-1.8592903578575999,31.984935871368258,38.84227056628921,15.018070889755826,3238.766,1489.766,B0006,57,24,1.6607591387047655,0.8199510709088595,0.808869074768706,0.8819342632389559,0.6516911636045495,0.9777668794271074,0.8200711738158827,Degrading
1.6646951820722304,5.821659256089631,3.477575664197982,2.3775131079338427,4.184887437252902,0.2518559097122119,-1.848156298789804,32.23677365476226,39.22138199620832,15.278578417941112,3240.14,1471.859,B0006,58,24,1.651121015038069,0.8152792043906317,0.8034705401958753,0.8823084111945939,0.643857830271216,0.9764423115955408,0.8153119361850154,Degrading
1.653604916197159,5.783235775451401,3.4787436506489255,2.443723814618984,4.1845671326128535,0.24779761665897748,-1.8415742473538441,32.56097148037261,39.46651089916252,15.008864698028837,3230.109,1452.625,B0006,59,24,1.640134925619093,0.8098477817275027,0.7981675615455341,0.8795769132739198,0.6354440069991251,0.9767702617252284,0.8098870825530237,Degrading
1.6426682094040856,5.737486434798731,3.4740152461288862,2.4324278256917147,4.184590722398005,0.2481747009528209,-1.8297533943331723,32.48984985901219,39.352653481724175,15.099728402406306,3229.7810000000027,1424.531,B0006,60,24,1.629199941616544,0.8044915641394809,0.7918535115761279,0.8794875970225019,0.6231544181977252,0.9754426085882345,0.8044874644159697,Degrading
1.6223784982202503,5.660844771834129,3.4718387718772696,2.494085641889116,4.181227276564003,0.2426141317087308,-1.8170860697729954,32.42612199208859,39.31890647034385,15.204418094891427,3212.469,1387.531,B0006,61,24,1.6088496302961666,0.794554742209906,0.781275888318761,0.8747734417037184,0.6069689413823272,0.9748314927550822,0.7944386239170181,Degrading
1.6170492844368283,5.630014958049755,3.463180130644551,2.382347172890769,4.182601669503782,0.25078402581186393,-1.8111560774496664,32.29984271249387,39.47196886600465,15.54304203394917,3213.219,1358.719,B0006,62,24,1.6035244898969248,0.7919447766016873,0.7770209420833629,0.8749776709371453,0.5943652668416448,0.9724002980157141,0.7918091070676655,Degrading
1.6124970377323613,5.613951765517381,3.463469391967206,2.406668297987779,4.183991041340736,0.24915606885731165,-1.8113056300795982,32.610757585145336,39.74009698783903,15.677240389468682,3203.578,1349.594,B0006,63,24,1.5989712144027983,0.7897153281648943,0.7748039964646793,0.8723523722178532,0.5903735783027122,0.9724815175266097,0.7895607316758627,Degrading
1.6011511266668104,5.566755046632008,3.46021805164007,2.4204142690378765,4.182425008087469,0.24908673342769072,-1.803802475704306,32.25699351958767,39.03600072360686,14.598357373351533,3195.125,1321.656,B0006,64,24,1.5876273123575604,0.7841587040776578,0.7682901880210408,0.8700505726043094,0.5781522309711286,0.9715685981335115,0.7839591926874059,Degrading
1.5964385988454879,5.5548084649538545,3.462574876665621,2.4507845245525197,4.190985194174346,0.24697579942244166,-1.7982439953659044,32.47193402838835,39.16106395962828,14.859216348154689,3195.312999999994,1321.985,B0006,65,24,1.5829719744686166,0.7818507584704302,0.7666413923749541,0.8701017660654868,0.5782961504811898,0.9722303533038353,0.7816604196033854,Degrading
1.5806675167220712,5.48567528498179,3.4537077937586056,2.393032881923072,4.181860480163402,0.24885304995083599,-1.7857963808615818,32.40219271195366,39.20051799483514,15.08432845500618,3186.297,1275.157,B0006,66,24,1.567137636713563,0.7741269208427193,0.7571000449662217,0.8676466583740521,0.5578114610673666,0.9697406317946896,0.7738415350663349,Degrading
1.5748688017464514,5.460146140952606,3.4514035349888337,2.3938995980718403,4.183449364094532,0.24921586467170181,-1.7850748194527644,32.30987415652578,39.15878418316098,15.200877327769199,3176.438,1255.969,B0006,67,24,1.5613446139713882,0.7712870185094126,0.7535766654207063,0.8649619970242439,0.549417760279965,0.9690936363079101,0.7709809812091256,Degrading
1.5647524037683274,5.421801499661581,3.450781146333252,2.4373294683003053,4.182943907496545,0.24567669681511736,-1.7785916660457872,32.35440526839345,39.18225956809825,15.220403472575224,3167.593,1237.406,B0006,68,24,1.551171189279042,0.7663325445710444,0.7482845677048379,0.8625534535980289,0.5412974628171479,0.9689188804790654,0.7659574156993875,Degrading
1.5595485907537285,5.397445163685899,3.446105572450592,2.3705330061374523,4.182592999177517,0.2496218879250538,-1.7727874712030285,32.4731363791227,39.38159156766375,15.349656752144409,3167.719,1218.594,B0006,69,24,1.5406741606295171,0.7637839935930458,0.7449230521020305,0.8625877641092446,0.5330682414698164,0.9676060612593367,0.7607740568332074,Degrading
1.544187816554113,5.337147080768932,3.4418152533277135,2.351294851260762,4.177556435498103,0.2491351218055252,-1.7601807681971697,32.52334649341759,39.44712875501599,15.392332017254361,3159.077999999994,1190.672000000006,B0006,70,24,1.5253138744624433,0.7562611029742975,0.7366010718687501,0.8602347710345202,0.5208538932633446,0.9664014148256286,0.7531892556337968,Degrading
1.5437305229520755,5.3366255578525505,3.445008015985666,2.436845595522602,4.183199732433941,0.24515645977476566,-1.7653027883569699,32.518264823491045,39.40950590627068,15.404652077416934,3148.829,1181.125,B0006,71,24,1.5301570318067428,0.7560371448779102,0.7365290943996272,0.8574439104833317,0.51667760279965,0.967297886635632,0.7555807726429473,Degrading
1.538259918891674,5.311842531427518,3.441164687975023,2.39030487147494,4.183585552184287,0.24787050297865929,-1.7593486488770236,32.5437072434024,39.48443326993031,15.4962098333373,3149.094,1171.516,B0006,72,24,1.524656683447409,0.7533579338283843,0.733108689536773,0.8575160714791424,0.5124741907261593,0.9662187474739545,0.7528647393360627,Degrading
1.5281442863201555,5.276417465525656,3.443620591429828,2.4892160721496315,4.183170360974043,0.24096251553880949,-1.7526167898737661,32.56222309600736,39.4416762582387,15.466950571437593,3140.547,1152.859,B0006,73,24,1.5145492986655429,0.7484038347454822,0.7282195341285668,0.8551886751350092,0.5043127734033246,0.966908322131137,0.7478737838693126,Critical
1.5229034733922606,5.252816773095967,3.439943269617906,2.450611393803655,4.183501501534186,0.24353482853815808,-1.7516949849801622,32.58978020040808,39.53866201326228,15.566475047669378,3131.625,1134.5,B0006,74,24,1.509391504602082,0.7458371631768798,0.7249623079218555,0.8527591641741623,0.4962817147856518,0.9658757946012603,0.7453269014627394,Critical
1.5175794597013001,5.22848298522935,3.43602719305159,2.4111946043456745,4.183243008796117,0.24596851697816463,-1.7510429704034998,32.57089563557426,39.5867547936938,15.69003354340093,3121.907,1115.75,B0006,75,24,1.5039974333050703,0.74322974429751,0.7216039042740036,0.8501128979202385,0.488079615048119,0.9647762289198675,0.7426633470212224,Critical
1.5070493116358477,5.189384894134853,3.436309312279291,2.4609139768640715,4.182038001412004,0.2419346998100851,-1.7388746112390865,32.537854347094196,39.49975288442087,15.650881405406686,3122.125,1096.64,B0006,76,24,1.4935201918040188,0.7380726375614702,0.7162078199292417,0.8501722605507545,0.4797200349956256,0.9648554430556454,0.7374897589096913,Critical
1.506433063623629,5.177581657441547,3.430470227771154,2.378420264362521,4.182440318401142,0.24765745345800494,-1.738622547139575,32.656450905205084,39.9686395722832,16.094991025181542,3121.672,1087.219,B0006,77,24,1.4876323024497422,0.7377708320450491,0.7145788078993621,0.8500489060937646,0.4755988626421698,0.9632159304395937,0.7345823605871232,Critical
1.5489962508116393,5.348379397460566,3.4417311090871063,2.3844697219937414,4.189962701965466,0.25106300976323476,-1.7870762809520677,33.180785234653264,40.42668250871336,15.972180209625034,3120.86,1171.719,B0006,78,24,1.5302876214401704,0.7586160184555574,0.7381512889396716,0.8498277939103744,0.5125629921259843,0.9663777885972615,0.7556452568848083,Degrading
1.5176405465356593,5.224343477169666,3.4355429213552537,2.448639661640692,4.181214475643097,0.24421421592227435,-1.7612682208672186,32.71220835503141,40.02451449021777,16.21033406097477,3103.828,1106.172,B0006,79,24,1.5040760088360112,0.7432596613815813,0.7210325941662571,0.845189884172071,0.4838897637795276,0.9646402539130606,0.742702147065365,Critical
1.5075371997385068,5.177015508478102,3.4272336842373576,2.362869757217078,4.182157933832856,0.24910541250368623,-1.7545532300777185,32.543943889007906,40.02167483360719,16.628261073092652,3095.094,1068.86,B0006,80,24,1.4887593608730894,0.7383115792178475,0.7145006714105226,0.8428115666724032,0.4675678040244969,0.9623071657267924,0.735138894104027,Critical
1.491829449939052,5.1234171476864905,3.4307536518687556,2.479712742728869,4.1802491747767325,0.2401828794282919,-1.7364250156958492,32.6655410721976,40.07821178158415,16.583282114899898,3095.781,1050.359,B0006,81,24,1.4782779285546637,0.7306187583956444,0.7071033466952702,0.8429986406502222,0.45947462817147855,0.9632955109599756,0.7299632365963725,Critical
1.4920976377600677,5.125748736739201,3.430880434209888,2.460990256984241,4.182775550999248,0.24162483629887058,-1.7371686757879774,33.160922870564626,40.56578932835109,16.61702440156234,3094.328,1050.141,B0006,82,24,1.478459982215684,0.7307501025334178,0.7074251386506714,0.8426029805486632,0.45937926509186355,0.9633311092198551,0.730053133412841,Critical
1.4868518236483983,5.10854997514467,3.431984614031654,2.4794507375590507,4.182970513713943,0.24075805090643415,-1.7358183569582517,33.414445545408455,40.75221353269305,16.446577460462706,3086.531,1050.297,B0006,83,24,1.473214844899973,0.7281809816508673,0.7050514685918126,0.8404798134379567,0.4594475065616798,0.9636411435661044,0.7274631215230521,Critical
1.48110237312027,5.081020299465376,3.426913589626702,2.421513989921717,4.182588389688278,0.24390409420958664,-1.7297302660430056,33.3541679486525,40.71162611325717,16.545203590963258,3085.625,1031.188,B0006,84,24,1.4675164935067897,0.7253652064250263,0.7012519876506492,0.840233104523977,0.45108836395450574,0.9622172887688946,0.7246493157116521,Critical
1.4705025662927205,5.036057840296141,3.4220422356705154,2.392798962354417,4.180388252515709,0.24542766996075077,-1.7278671098991139,33.13634596100404,40.58721297402195,16.606417419287357,3067.203,1002.937,B0006,85,24,1.4516292657521337,0.720173984530396,0.6950465383503571,0.8352166899397224,0.43873009623797027,0.9608494979350246,0.7168043144650523,Critical
1.4655201202685286,5.013605218094809,3.4202687142856667,2.410475236770924,4.182476201666448,0.24489831129108394,-1.7269073147637581,32.92241762841388,40.37035790264624,16.72838423295916,3058.157,994.11,B0006,86,24,1.4519237720967175,0.7177338473363507,0.6919477619199009,0.832753413078949,0.43486876640419947,0.9603515242062244,0.7169497396251917,Critical
1.460787451849057,5.001517034212303,3.4248208106770663,2.4915333699239977,4.182567814531136,0.23908593550426926,-1.721199593403834,33.20338483123576,40.667923693760464,16.838482471724088,3058.812,984.812,B0006,87,24,1.4471484694777743,0.715416037934831,0.6902794231857325,0.8329317732761419,0.43080139982502186,0.9616296731100094,0.714591728801842,Critical
1.4605541329615497,5.00046554995733,3.4234990883192666,2.444861994529003,4.182606347806988,0.24193145802730381,-1.721141114732718,33.533950654066935,40.99035688395247,16.780510407012223,3058.578,984.578,B0006,88,24,1.4468538105659885,0.7153017707470452,0.6901343036269972,0.8328680537553127,0.43069903762029743,0.961258556631474,0.7144462283050921,Critical
1.4552215207721073,4.981974153543971,3.4247420964314874,2.484075539808225,4.183047552179642,0.2397736631429042,-1.7200547727480755,33.5767934055627,40.99774402817452,16.724520575933454,3049.328,984.187,B0006,89,24,1.4416741930284678,0.7126901407802181,0.6875822318530136,0.8303492265430471,0.43052799650043744,0.9616075715291006,0.7118885696206276,Critical
1.6071335458191485,5.553722221625344,3.450702139255875,2.479017302613424,4.222516216835943,0.25023747347074704,-1.8210481343824243,33.224088400657315,40.77265883698999,16.71448199243139,3177.219,1199.953,B0006,90,24,1.5935866593100128,0.7870885749509416,0.7664914755770877,0.8651746677326525,0.524913823272091,0.9688966966761189,0.786901876269015,Degrading
1.5598473929452676,5.39171579410309,3.4480475429907522,2.4820670710190385,4.1909374470770855,0.24326180367661504,-1.821445703423604,33.37083344726966,40.52220493430463,15.845480554161632,3082.937,1171.937,B0006,91,24,1.5463902376915637,0.7639303310220308,0.7441323188297481,0.8395011469513749,0.5126583552055992,0.968151332559342,0.763596615455134,Degrading
1.528236891165459,5.267782135566894,3.4399481891896455,2.452449045714353,4.183028520369727,0.2427997357775891,-1.7899159936953069,33.43366634309322,40.57746834859555,15.863718711882171,3074.266,1115.516,B0006,92,24,1.51470559175661,0.7484491876758054,0.7270277376111945,0.837139984707315,0.4879772528433946,0.9658771759308028,0.7479509602976481,Critical
1.5125006812443114,5.202952560191326,3.434112914501242,2.4198491932573414,4.1838942747302825,0.24486483039745452,-1.7769345930773324,33.28676739403043,40.516963879873735,16.049753133804927,3066.0,1078.0,B0006,93,24,1.4989786083335404,0.7407424285989472,0.7180803479313209,0.8348891062493056,0.4715660542432196,0.9642387330453757,0.7401850865741422,Critical
1.4966730447316563,5.14236040897855,3.4325600940363916,2.4706823501191706,4.1839835007856605,0.24147371570402515,-1.7640032117743045,33.14347737377552,40.34325381638243,16.11860232299339,3056.437,1049.968,B0006,94,24,1.4831110745410492,0.7329908936378389,0.709717782153251,0.8322850473702899,0.45930358705161856,0.9638027282677367,0.7323498100674478,Critical
1.486634484351638,5.099136304189919,3.4270614887575657,2.413759774558071,4.183640209073579,0.24463054330051393,-1.7571701008871028,33.11021541795579,40.39341126895154,16.279827838742296,3048.219,1021.953,B0006,95,24,1.4729664825468278,0.7280745404171484,0.703752250112248,0.8300472395832199,0.44704855643044616,0.9622588162533171,0.7273404819411112,Critical
1.476353624168488,5.061956594446955,3.4273403168120415,2.4562499847243027,4.183387047926521,0.24185423597053712,-1.7502670210777267,33.18991802149879,40.46341487442664,16.311064025945893,3039.218,1012.859,B0006,96,24,1.4627604396099307,0.723039521633628,0.6986209292709848,0.8275962164764521,0.44307042869641294,0.9623371062853222,0.7223008097717899,Critical
1.470677104477166,5.036588509186296,3.423482197888437,2.401794655879554,4.18356344388626,0.24502086656542998,-1.7439614243216512,33.26265398635676,40.5818264138806,16.3892192476009,3039.047,993.844,B0006,97,24,1.4518364681062514,0.7202594640546255,0.6951197780919982,0.8275496522112308,0.43475240594925635,0.9612538140944552,0.7169066295291688,Critical
1.4604925117278158,4.998003235914418,3.4220957701069374,2.4087687236133317,4.18171248971767,0.24405932801680916,-1.736850855663561,33.299978841087025,40.61670777074496,16.378097915148505,3030.375,975.469,B0006,98,24,1.4468670644030392,0.715271591942569,0.6897944697914596,0.8251882176615263,0.4267143482064742,0.9608645294667288,0.7144527729565435,Critical
1.4549852820116473,4.976749972383416,3.421883545422636,2.4308118485818704,4.1832473219705815,0.2428697734145814,-1.7360045229798653,33.31663547841367,40.63164766168104,16.440619598988455,3021.0,965.281,B0006,99,24,1.441380399427779,0.7125744435938814,0.6868612216608143,0.8226353522436896,0.42225765529308834,0.9608049404940286,0.7117434964084071,Critical
1.450020392372788,4.955831589154944,3.4195777411151886,2.398886415333129,4.183049768329545,0.24466652732217242,-1.729690117077797,33.39150630507064,40.74323383889164,16.516759033542005,3021.75,956.296,B0006,100,24,1.431210744960774,0.7101429045840683,0.6839741917036721,0.8228395814771166,0.4183272090988627,0.960157511047351,0.7067217926094065,Critical
1.444851906123039,4.934642108248269,3.4175281789596474,2.3814379490849835,4.183092498086332,0.245722297401989,-1.7287954627467013,33.41522427488497,40.81715493531611,16.595365705712602,3012.265,946.953,B0006,101,24,1.4260247179525716,0.7076116547775098,0.6810497464687938,0.8202567624383772,0.41424015748031495,0.9595820299069926,0.704160968973431,Critical
1.434055695822414,4.897495610133203,3.4197860540725715,2.459885297095542,4.181536580807847,0.24072830824572444,-1.7216729981632184,33.39690850726103,40.72877617289365,16.510691184969144,3002.641,928.531,B0006,102,24,1.420487649966195,0.7023242449026456,0.6759230092974835,0.8176360929150428,0.40618153980752403,0.9602160016756748,0.7014268037731554,Critical
1.439531435769052,4.91296568038661,3.4171369298988705,2.4007285025453995,4.172034399629829,0.2410676672421855,-1.7228162229694666,33.73731993653,41.45494452672042,17.187949859749434,3012.0,928.313,B0006,103,24,1.4207006230355006,0.7050059712362245,0.678058095731883,0.8201846014425663,0.40608617672790903,0.9594721740262859,0.7015319683758159,Critical
1.4658185968583926,5.028451500393118,3.4305347141293625,2.472830716079143,4.188427549455566,0.23991735978462073,-1.7486639022205694,34.08965316576344,41.39678877103747,16.386265463608755,3020.11,1003.516,B0006,104,24,1.452255804330839,0.7178800253029444,0.6939967568770765,0.8223930002200229,0.4389833770778653,0.9632340370790333,0.7171136948054673,Critical
1.445169141420849,4.94535867251176,3.4250844180972875,2.467318928642863,4.181499335679726,0.23957632907127518,-1.7345160724760178,33.9987286593769,41.36669473718026,16.546854236659332,3002.172000000006,956.4070000000064,B0006,105,24,1.431557632772571,0.7077670197620357,0.6825287824788151,0.8175083815677414,0.41837576552931166,0.9617036894546153,0.7068930833693806,Critical
1.43386873923012,4.895206175605749,3.4171339862792935,2.3692462667541,4.179546243153898,0.24514155027152787,-1.7271570233190525,33.907397114007345,41.37787352037061,16.716104540151548,2992.703,927.828,B0006,106,24,1.415015751158943,0.702232683502419,0.6756070352571629,0.8149299194193136,0.4058740157480315,0.9594713475094875,0.698724818654853,Critical
1.423386702744432,4.856787792309559,3.417521467040602,2.4482618595124874,4.18101558225098,0.24118996831184453,-1.7305179027385762,33.70518417605219,41.14095609169821,16.70983777678075,2964.468,909.328,B0006,107,24,1.4097311506517451,0.6970991392605191,0.6703047601114382,0.807241369544901,0.3977812773403325,0.9595801453177325,0.6961153201188609,Critical
1.4185649545312045,4.8376631242238926,3.4181623236680356,2.4598632768748825,4.182667734360821,0.24023254474076217,-1.7141443638380731,33.7458832944166,41.2168813199875,16.87461166349799,2983.375,899.5,B0006,108,24,1.404917318129309,0.6947377033115314,0.6676652879743866,0.8123898523667717,0.3934820647419073,0.959760086629473,0.6937382835003504,Critical
1.4088410174660173,4.806058946815537,3.4203319359051187,2.497869764845928,4.179947555799937,0.23704110865142286,-1.7067823273466607,34.01657212624259,41.40391881889191,16.709296037861133,2975.297,891.328,B0006,109,24,1.395164296571563,0.6899754358649579,0.6633034687098572,0.8101901673699414,0.38990726159230094,0.9603692757291822,0.6889223100995655,Critical
1.4081603597272638,4.802340953663494,3.4192916311692465,2.472236707252471,4.182316086490744,0.23940658854934618,-1.7063596521950202,34.175023374593785,41.58657133119858,16.752777528425685,2974.9850000000006,891.0629999999946,B0006,110,24,1.3945343832614077,0.689642085888524,0.6627903335648911,0.8101052080088359,0.38979133858267484,0.9600771763878173,0.6886112633405128,Critical
1.4029487737719257,4.776512593639993,3.414352330355796,2.427874990476308,4.18300582450457,0.2425959125992081,-1.7052696591517462,33.976109677640174,41.43504077863728,16.86400604232156,2966.25,872.125,B0006,111,24,1.3893171179312644,0.6870897281373637,0.6592256580200714,0.8077266182035234,0.3815069991251094,0.9586903072670088,0.6860350144410269,Critical
1.3975309090226604,4.7542859944244595,3.412701167144591,2.427590520023505,4.182504606082063,0.24259041351261376,-1.704626557443961,33.84150372451663,41.37436880579148,17.000580677168777,2956.359,862.453,B0006,112,24,1.3838379472327809,0.6844363459987918,0.6561580759282921,0.805033243073089,0.37727602799650045,0.9582266895693784,0.683329438514016,Critical
1.392575612277101,4.7347016913785,3.410409522809144,2.37337869163978,4.179533028548021,0.24474597793080613,-1.6985503106996724,34.1008464215818,41.66477948989921,17.03584511707691,2956.344,852.907,B0006,113,24,1.3736814238195123,0.6820095050781554,0.653455167727123,0.8050291584884205,0.37310017497812775,0.9575832359947243,0.6783142187369304,Critical
1.3922890116308093,4.738055895901213,3.414419320260644,2.4248604132549767,4.18250512422575,0.2421506300810272,-1.6982347588599789,34.34663683304219,41.81816829502593,16.90951031344353,2956.406,862.453,B0006,114,24,1.3786059891863676,0.6818691433173941,0.6539180949444747,0.8050460414383838,0.37727602799650045,0.9587091168584769,0.6807459344546472,Critical
1.3873540071549118,4.718093842999002,3.4131710032395315,2.426962848243194,4.1828227593786,0.2426171972291869,-1.6971165805711328,34.216231530637586,41.68664700078119,16.899746681274426,2947.266,853.547,B0006,115,24,1.3737600299108574,0.6794522404716938,0.651163051970776,0.8025571678470209,0.3733801399825022,0.9583586113122575,0.6783530338715855,Critical
1.381820153936514,4.6941427360171915,3.4107019261975147,2.417287750352038,4.182413969607667,0.24354918786594648,-1.6959199401004303,34.041617020161176,41.565382893773936,17.010446189740406,2937.984,834.453,B0006,116,24,1.3682580583942712,0.6767420533469292,0.6478574636464791,0.8000296268541292,0.3650275590551181,0.9576653377426168,0.6756361990610739,Critical
1.376966515956483,4.673631097990865,3.4089059214760367,2.4185087281747166,4.182451170946608,0.24374441129102337,-1.6953163120957457,33.890212870710734,41.46394809540406,17.137523888141544,2929.125,825.656,B0006,117,24,1.3633024037317505,0.6743649994854324,0.6450265702258318,0.7976172711488901,0.36117935258092737,0.9571610510868493,0.6731891316679725,Critical
1.3717724245843494,4.660096324269658,3.4134080258317576,2.480937393224248,4.181305580928812,0.23949329489653742,-1.689038351243322,34.116762412437,41.6123634180086,17.037064389369835,2928.454,825.157,B0006,118,24,1.35809661401726,0.6718212096511074,0.6431585818268488,0.7974345540613843,0.3609610673665792,0.9584251631029882,0.6706185493467273,Critical
1.3722182272420262,4.660894848516422,3.411221044859532,2.4078214169511205,4.1804870315884735,0.2431681152913039,-1.689240311218937,34.49049358941505,42.0075404495327,17.013957112115058,2929.375,825.593,B0006,119,24,1.353269090999531,0.6720395400938095,0.6432687893604203,0.7976853475600325,0.3611517935258093,0.95781109716679,0.6682347524579986,Critical
1.397823025934638,4.757713486204197,3.4155210852213678,2.433234589649132,4.163570261072192,0.23758062010344097,-1.7102007614808157,34.23744800906639,41.61679232360952,16.451571612616945,2946.031,853.297,B0006,120,24,1.3841605738237488,0.6845794093332395,0.6566311178138854,0.8022208703759778,0.37327077865266844,0.9590184731540594,0.6834887492539018,Critical
1.4186954287420028,4.843925037878052,3.4229838362549794,2.440822893388958,4.190012868765637,0.2418235620691341,-1.730244918610445,34.41428886050454,41.80245062827161,16.63310128202045,2955.438,909.453,B0006,121,24,1.4051467790651473,0.694801602643925,0.6685295197895869,0.8047824495744408,0.39783595800524935,0.9611138828801918,0.6938515896954586,Critical
1.3975811824988198,4.755629922551854,3.414757022019347,2.396078253891397,4.182418011462176,0.24452878253982532,-1.7152465923901479,34.16445180476377,41.653004783464006,16.831566570585284,2937.625,862.985,B0006,122,24,1.378719022627353,0.6844609672748588,0.656343556838631,0.7999318691277287,0.3775087489063867,0.9588039375950299,0.6808017495722455,Critical
1.3818832585823015,4.696144678705784,3.414358716272361,2.449306948268824,4.182070839014939,0.24191122340111865,-1.7013404928191733,33.877146811272176,41.36061809844917,16.900757048587245,2929.078,834.516,B0006,123,24,1.3682657783199066,0.6767729586477704,0.6481337597852067,0.7976044727835954,0.3650551181102362,0.9586921003204847,0.6756400111060177,Critical
1.3761879415725535,4.669469102473692,3.4091886698418046,2.384185417166802,4.182701902443236,0.24644620841099862,-1.7004366132157598,33.839566254190565,41.42815616511055,17.111217215341544,2918.375,815.375,B0006,124,24,1.3573151296618016,0.6739836951414752,0.6444521565338972,0.7946899854697708,0.3566819772528434,0.9572404418735726,0.6702326578723024,Critical
1.366177137829802,4.6351591749444125,3.411930366643558,2.4440756213040964,4.182270325485355,0.24298064387616258,-1.6873533635265772,33.818304796930946,41.343265645039,17.04390736196304,2919.812,806.609,B0006,125,24,1.3524934638801596,0.6690809356461652,0.639716905844466,0.7950812886810168,0.3528473315835521,0.9580102622948389,0.6678517532455286,Critical
1.3610157911805718,4.614347807664387,3.4094417183837504,2.4296014294774677,4.182394535290608,0.24430319515549773,-1.6919294969110734,33.812621135472135,41.38118673567723,17.11623105459004,2900.422,797.313,B0006,126,24,1.3474099151661236,0.666553182436397,0.636844645587529,0.7898012822328191,0.34878083989501313,0.9573114934701741,0.6653415326699422,Critical
1.3557976852675777,4.593199719875202,3.4081896097479882,2.41022288115442,4.182061947471753,0.24571559866572168,-1.6852952939579415,33.79894614410012,41.378450473707446,17.14440121252274,2901.375,788.0,B0006,127,24,1.3370075130842318,0.6639976315565801,0.6339259131827919,0.7900607895120936,0.3447069116360455,0.9569599233049986,0.6602048997368518,Critical
1.3501111374066346,4.570440192639998,3.40737851449911,2.4098927032454966,4.182288987105723,0.24620777882888722,-1.6787428835073939,33.702723745621576,41.306600641009794,17.222585810041434,2901.187,778.218,B0006,128,24,1.3312352966718526,0.6612126627131982,0.6307847795578474,0.7900095960509146,0.3404278215223097,0.9567321819713182,0.657354619898855,Critical
1.339544834193457,4.5333576205427875,3.4085862639015,2.453938411405305,4.179662143533188,0.2434821497535618,-1.6712137513430332,33.63562651984647,41.20408103671912,17.171336617025453,2891.64,768.531,B0006,129,24,1.3259303781727645,0.6560378491078233,0.6256668650726201,0.787409894062212,0.3361902887139107,0.9570712968410358,0.654735088481471,Critical
1.340387540884624,4.532641049392503,3.404843616147767,2.3940396792395253,4.181392635232333,0.24770635723412432,-1.6768931248947172,33.690724061796516,41.32955629442644,17.294506559746736,2882.906,759.734,B0006,130,24,1.321578743867529,0.6564505620465692,0.6255679682145456,0.7850315765625442,0.33234208223972006,0.9560204269313554,0.6525862820895368,Critical
1.3348030975400211,4.515091173090393,3.4081057374178703,2.45134737470238,4.182099866234647,0.24461981189701218,-1.6701186583642826,33.71317033815573,41.300370296451625,17.233237005190404,2883.265,759.75,B0006,131,24,1.321225074066109,0.6537155985673785,0.6231458394068389,0.7851293342889446,0.3323490813648294,0.9569363734243324,0.6524116424308202,Critical
1.3292327761391745,4.495031766918101,3.4091728540380735,2.475014603796582,4.182054276922838,0.24380226014783457,-1.6634753413292604,33.65376593260612,41.2436462295636,17.239694887680745,2882.969,750.078,B0006,132,24,1.3156485301862682,0.6509875512655119,0.620377360317926,0.7850487318181522,0.32811811023622045,0.9572360010730132,0.6496579843121941,Critical
1.3345708628231217,4.517176360372927,3.4110817622184233,2.4569179775419294,4.168816046299314,0.2413885747948132,-1.6645875549232958,33.983578066068176,41.36464929786556,16.69942963481591,2891.656,759.75,B0006,133,24,1.3209025697502388,0.6536018623487213,0.6234336244658072,0.7874142509525252,0.3323490813648294,0.9577719890417105,0.652252392069517,Critical
1.3610448744103025,4.622866403123592,3.4167486246717154,2.438240626221148,4.190149239555381,0.2449761229412246,-1.6918384605140158,33.816348135475515,40.89285784811417,16.087500292336223,2901.25,816.062,B0006,134,24,1.3474328767273906,0.6665674258562444,0.6380203311084838,0.7900267513065224,0.3569825021872266,0.9593631447224776,0.6653528709272861,Critical
1.3396078896034227,4.543129851401556,3.4169689184247174,2.4946397780995584,4.187196878135145,0.2422765369465996,-1.6711981411684524,33.60692030225909,40.652964511118334,16.084187501541255,2891.703,777.953,B0006,135,24,1.3260128072353616,0.6560687302955764,0.6270155698424502,0.7874270493178199,0.3403118985126859,0.9594249993482808,0.6547757913724231,Critical
1.3289378048694334,4.495749015109896,3.4105763913818787,2.4367455144223555,4.18232296515852,0.24610776312677582,-1.6632769410531225,33.47350597721994,40.58410707337388,16.26883602673071,2883.016,759.438,B0006,136,24,1.3101186784831065,0.6508430900183704,0.6204763506172146,0.7850615301834469,0.33221259842519685,0.9576300897660373,0.6469273824617799,Critical
1.31883568119485,4.458610845905082,3.4113335283009314,2.485868996808533,4.1822817387062585,0.24406911107689153,-1.6559085740676296,33.20917872762011,40.322783635307104,16.318987631316908,2873.453,740.594,B0006,137,24,1.30521620229393,0.6458956068750494,0.6153507629522091,0.7824574713044311,0.3239693788276466,0.9578426805461733,0.6445065742245314,Critical
1.3192635374534263,4.4581363798052385,3.4081283345557187,2.395755020190792,4.181394192711236,0.24863447091477814,-1.656100922060331,33.58088963686094,40.78032921971219,16.419629704698004,2874.031,740.984,B0006,138,24,1.3004061951355774,0.646105148125509,0.6152852799830458,0.7826148639669922,0.32413998250218723,0.9569427183046878,0.6421314265438813,Critical
1.3139042229125064,4.443534800262974,3.4125732422699135,2.4504684570147006,4.182109437180301,0.24562470719717328,-1.6493259508429792,33.764008619560336,40.85731522464202,16.235541833752546,2874.234,740.797,B0006,139,24,1.300235735841116,0.6434804407664348,0.6132700574345491,0.7826701420128397,0.32405818022747157,0.9581907705060992,0.6420472549440154,Critical
1.3084733983141865,4.417767855250987,3.407693686560286,2.3942028718004007,4.181210531150237,0.24975273339092707,-1.6481131076816378,33.57003564415372,40.74860220857894,16.386161508416475,2864.984,722.187,B0006,140,24,1.2895066722480757,0.6408207115827462,0.6097138580217576,0.7801513148005742,0.3159173228346457,0.9568206767635763,0.6367493188558527,Critical
1.2981995617977025,4.379009279732285,3.4073499608041957,2.4303844034459368,4.180183763169455,0.24862385895293532,-1.6402541382604887,33.272050895552354,40.47227623020844,16.413987892071603,2855.093,713.093,B0006,141,24,1.279253057384795,0.635789132617778,0.6043646315831509,0.7774579396701398,0.3119391951006124,0.9567241645941109,0.6316861560041074,Critical
1.2928905327245643,4.360047214399195,3.409292163767801,2.4755630989048205,4.181641969595387,0.24699673938901662,-1.6339151095418003,33.12740933210319,40.28187574900838,16.441839197102258,2855.625,703.078,B0006,142,24,1.2792078171714618,0.63318905240763,0.6017476009040588,0.7776028062730507,0.30755818022747156,0.9572695011545471,0.6316638167051765,Critical
1.2929192013424249,4.361575829334302,3.4095492354804775,2.446712151873903,4.1818501497507565,0.24799161343224002,-1.6340244573659812,33.439116773449626,40.637565231244686,16.521420132855827,2855.594,703.078,B0006,143,24,1.274036760902923,0.6332030927726242,0.6019585711813688,0.777594364798069,0.30755818022747156,0.9573416823869948,0.6291103855150787,Critical
1.2877751423356176,4.34422596697351,3.410318915287339,2.4607112018206894,4.1817089329030335,0.24780727886656095,-1.632488007933941,33.482874768414376,40.64243349478575,16.39405806318515,2847.437,703.578,B0006,144,24,1.2741273923001468,0.6306838061310976,0.5995640470998077,0.7753731676553176,0.3077769028871391,0.9575577949902481,0.6291551386611393,Critical
1.2773704442070655,4.303635020808094,3.409269478846638,2.46197885229738,4.178725976011113,0.24851269412421495,-1.6192610042624402,33.22136307064441,40.38713367022122,16.41436979608464,2847.36,684.797,B0006,145,24,1.263763942644078,0.6255881381051883,0.593961927839998,0.7753522001206858,0.29956124234470694,0.9572631316261752,0.6240377401617625,Critical
1.2717686320386656,4.28230607189754,3.4094374435069095,2.4999079970509284,4.181148894438262,0.2478508170104093,-1.6178242977824624,32.985627389014255,40.15316398972329,16.473174547685062,2837.328,675.172,B0006,146,24,1.2581373688955233,0.6228446682994346,0.5910182340666039,0.7726204298943672,0.2953508311461068,0.9573102931596625,0.6212593776460893,Critical
1.2722526315430935,4.277544625083699,3.403885091976961,2.4061574188511727,4.181246648937272,0.2536325963953785,-1.6181015728870056,32.970182781539556,40.26211669866818,16.729584211303376,2837.281,666.031,B0006,147,24,1.253259864055301,0.6230817055271175,0.5903610876972715,0.7726076315290724,0.29135214348206473,0.9557512901396824,0.6188509000851992,Critical
1.2721753164511407,4.2813263781333415,3.4065929107527846,2.40921365026611,4.182124874468928,0.2530513297922528,-1.61809852978642,33.31018716138479,40.65437976632703,16.75398953382372,2838.515,675.094,B0006,148,24,1.2532313315493426,0.6230438407051768,0.5908830226013978,0.7729436566944708,0.2953167104111986,0.9565115982048864,0.6188368109345764,Critical
1.2618205580252864,4.247510286134491,3.4095930016592684,2.4705399687343235,4.179545017207998,0.24949951811862411,-1.6103535053387172,33.23406652671602,40.41021687551566,16.48305497445378,2828.328,666.203,B0006,149,24,1.2480874960313575,0.6179726304908366,0.5862159281339213,0.770169679093244,0.29142738407699037,0.9573539711631178,0.616296821159515,Critical
1.2671399171428372,4.263223109786307,3.409409922814414,2.4996841687041944,4.164241788212258,0.2454220315222469,-1.611644410040853,33.117656712920734,40.49521984011741,16.93199806218853,2838.265,656.531,B0006,150,24,1.2534354284944844,0.6205777698075892,0.588384517938335,0.7728755802833285,0.28719641294838144,0.9573025658314339,0.6189375925695975,Critical
1.3035304518009858,4.411775143748174,3.4195489282896943,2.4839695531514434,4.189238693156103,0.24707539060227918,-1.6420364978388977,33.784170366860046,41.357879741754175,17.174893670559644,2864.547,740.844,B0006,151,24,1.28980487732669,0.6383999191493764,0.6088867798750305,0.7800323172338974,0.32407874015748034,0.9601494209108175,0.6368965704248236,Critical
1.277257216121202,4.310094779173719,3.4151799904187996,2.4675402264113453,4.180842923747738,0.2484846023322681,-1.6194806393973795,33.806439563441614,41.37902988743146,17.241128597483087,2846.39,693.703,B0006,152,24,1.2635402021758837,0.6255326850079777,0.5948534649972328,0.7750880636454537,0.30345713035870514,0.9589226997102429,0.6239272586933147,Critical
1.261738719071713,4.252961612391967,3.4154594925159083,2.4946438160388325,4.18123823034649,0.24847342262534064,-1.6048643562670923,33.63735785291911,41.20920760771975,17.246110219559032,2837.969,675.328,B0006,153,24,1.2479761706842851,0.6179325501219642,0.5869682875318535,0.772794977812536,0.295419072615923,0.9590011790016085,0.6162418494866689,Critical
1.2510590563861026,4.210201605818703,3.4130336456755868,2.4577382116375843,4.1798277092808815,0.25175511492775093,-1.5916400783224374,33.58195933847606,41.20630554355683,17.35349803863945,2838.156,656.485,B0006,154,24,1.2321202877943334,0.6127022190732215,0.5810668075466995,0.7728458989680705,0.28717629046369203,0.9583200437151139,0.6084123261136463,Critical
1.2459617170056259,4.187545196475873,3.409452435657409,2.40986495422137,4.180792839927961,0.25584289767475976,-1.5901105081883435,33.56245583951572,41.28239317323536,17.529359049775714,2829.843,646.843,B0006,155,24,1.2271137666213534,0.6102058132210396,0.5779399056356093,0.7705822221447663,0.28295844269466314,0.9573145026928268,0.6059401411956926,Critical
1.2354345105833215,4.153219126525146,3.4138496008165014,2.479418189447868,4.181365190126037,0.2526075741654633,-1.5767754479909835,33.5111267532655,41.1595683576961,17.438234674427772,2829.625,638.391,B0006,156,24,1.2217397581377356,0.605050147145435,0.5732024270658591,0.7705228595142503,0.279261154855643,0.9585491496213219,0.6032864936302219,Critical
1.2300025083804287,4.130749240110491,3.410900672125043,2.434585389303289,4.180594670510683,0.25584137450881067,-1.575262673173442,33.53675907012135,41.230427315370186,17.470605170037615,2819.437,628.062,B0006,157,24,1.211102678915174,0.6023898412336285,0.5701012679320885,0.7677486096073788,0.27474278215223097,0.9577211421165931,0.5980339787767907,Critical
1.2246031154485177,4.109821954204976,3.4105744140130074,2.425682710641569,4.181424135030176,0.25741131807211914,-1.5684640005188113,33.498030695567785,41.21487873613708,17.55256295747667,2819.579,628.219,B0006,158,24,1.2056159765131735,0.5997455056092285,0.5672130092807857,0.7677872770089077,0.2748114610673666,0.957629534555506,0.5953246837475932,Critical
1.219827021661056,4.091696471713537,3.409651424735992,2.417924401749313,4.181921994951423,0.258630171202855,-1.5671286757845893,33.516977262709986,41.27439823262361,17.61271028365799,2810.672,619.14,B0006,159,24,1.2008936262717274,0.5974064287709753,0.5647114387545696,0.7653618506327294,0.27083989501312333,0.9573703753393586,0.5929928204355582,Critical
1.2095179373734568,4.057461608789406,3.412857837344254,2.4541577949851603,4.179593598747663,0.25665911002756053,-1.5537993411647464,33.531923269271225,41.237668013317766,17.51306168671397,2811.485,610.157,B0006,160,24,1.1905903985558337,0.5923575873214989,0.5599865480323223,0.7655832351217642,0.2669103237095363,0.9582706798162313,0.5879051591063814,Critical
1.204198787215173,4.039203618763072,3.4134509017056525,2.463616101176541,4.180557596235595,0.25677091136637126,-1.5521827524962775,33.567636169584304,41.24068073261839,17.47861773657714,2802.422,609.422,B0006,161,24,1.185179251041941,0.589752550341887,0.5574666896098279,0.7631153290650331,0.26658880139982505,0.9584372018970966,0.5852331725491557,Critical
1.1985772156080399,4.01935085930441,3.414388187503409,2.470375229475307,4.181414159913002,0.25727620633883347,-1.5452652929126827,33.60493096509702,41.28133907077437,17.47527193064933,2801.625,600.328,B0006,162,24,1.1796706818144624,0.5869994034134606,0.5547267306625665,0.7628983014663114,0.26261067366579177,0.958700375325761,0.5825130798354419,Critical
1.193591876891355,3.998111602902854,3.412419038813061,2.4357634426689945,4.180815073540562,0.26037501524984086,-1.538651770825325,33.54281440778599,41.28338645880181,17.569859546188717,2802.031,591.047,B0006,163,24,1.1745952836753917,0.5845578495324087,0.551795415712028,0.7630088575580065,0.2585507436570429,0.9581474728774049,0.5800068839564074,Critical
1.1728232268198056,3.9251821565268536,3.4148103057455175,2.481190011798763,4.1697037841892834,0.2571955455440005,-1.5169723774339863,33.472459360982775,41.14919304328959,17.441853276432646,2793.39,571.968,B0006,164,24,1.15381833159625,0.5743864687961933,0.5417301303529412,0.7606558644832837,0.2502047244094488,0.9588188987316885,0.5697473712535922,Critical
1.1782421199348374,3.946884627843264,3.4166177332601,2.491537251958465,4.180283727512206,0.2583040811189994,-1.5238501013926742,33.58210389885497,41.26268252018065,17.471222435015942,2793.39,581.844,B0006,165,24,1.1644009557372264,0.5770403545736492,0.5447253754514827,0.7606558644832837,0.2545249343832021,0.9593263927076067,0.5749729965710065,Critical
1.1778149278647863,3.9400268702867836,3.4121341541171764,2.40904100737121,4.181170015245673,0.2641722962540337,-1.5237928146868023,33.6634605108384,41.45791806300034,17.655021179851975,2792.485,581.391,B0006,166,24,1.1587974947916069,0.5768311386074207,0.5437789088298449,0.7604094278749486,0.2543267716535433,0.9580674822466181,0.5722060469947485,Critical
1.194046422599188,4.009391823561882,3.419700177568569,2.475767645530351,4.1575524997258,0.2533363813667731,-1.5391310859398721,33.730546074122294,41.11666214070682,16.418064178220757,2802.016,600.453,B0006,167,24,1.1749748834769171,0.5847804618562937,0.5533522442015959,0.763004772973338,0.26266535433070864,0.9601918890580995,0.5801943276666737,Critical
1.204756408390149,4.053859689956946,3.4234687742187893,2.4160441724133666,4.188511527828155,0.2623534872197857,-1.5426703969635052,33.8912822372509,41.36263766174168,16.454911801035525,2820.39,647.203,B0006,168,24,1.1856752327929356,0.59002564355005,0.5594894327696879,0.7680081168866533,0.2831159230096238,0.9612500449632309,0.5854780848469417,Critical
1.9186612347965897,6.788358470912813,3.522006703394617,2.145975766935391,4.199497433806136,0.2881775974288166,-1.8691188840185695,32.62485875142121,40.59042914535701,16.653385199221717,3690.234,2133.969,B0007,1,24,1.89105229539079,1.0054400408244886,1.0024175346148423,1.0048715479813437,0.9738592127780947,0.9971850273277345,1.005524448294735,Healthy
1.9082801130768918,6.770992396873408,3.5319490434317116,2.111016698785212,4.198510349854315,0.28042527107844056,-1.8680422715350309,32.738209593287145,40.26023408628707,15.993146270996828,3672.344,2191.25,B0007,2,24,1.880637027686859,1.0,0.9998531359904751,1.0,1.0,1.0,0.9999863643732256,Healthy
1.908267521610272,6.7719869580305145,3.5344025220217845,2.025108512818265,4.198280074112568,0.2844568598122299,-1.877784734502072,32.68511456550919,40.27558633997852,15.947014833875532,3651.641,2191.609,B0007,3,24,1.8806626717011388,0.9999934016675364,1.0,0.9943624562404829,1.0001638334284084,1.0006946528842582,1.0,Healthy
1.9084428630045558,6.769739134215437,3.53492504932652,1.922542180649595,4.198267468745592,0.29083757862587983,-1.8875256535871225,32.554748499572646,40.29314715799111,16.064300065860998,3631.563,2211.125,B0007,4,24,1.8807709009833444,1.0000852861833798,0.9996680702681491,0.9888951035088216,1.0090701654306902,1.0008425959316551,1.000057548482157,Healthy
1.9069554219021398,6.763764244743801,3.534536640068787,1.871159045064988,4.198464224146956,0.2929624493875082,-1.8871559747738404,32.46787845303298,40.2688726302198,16.130565023174672,3629.172,2210.047,B0007,5,24,1.8794508728285055,0.99930581932617,0.9987857753805975,0.9882440207126565,1.0085782087849402,1.0007326256990847,0.9993556532541069,Healthy
1.8972443773358247,6.7468755084953385,3.5411626672196816,2.175686706590344,4.197967993115647,0.2674296832861651,-1.8675154082122565,32.48624734055599,39.67620802332074,15.528243699269659,3652.281,2210.547,B0007,6,24,1.8807003517117404,0.9942169204272253,0.9962918638664243,0.9945367318530072,1.0088063890473473,1.0026086513918155,1.0000200354966198,Healthy
1.8963907652805108,6.744726477305509,3.541165612176161,2.111788715601944,4.198023461704379,0.2718843747011349,-1.8673304059806155,32.55779966353037,39.80381766292616,15.548301676254784,3650.828,2228.172,B0007,7,24,1.8799352523566075,0.9937696003249696,0.9959745225597815,0.9941410717514481,1.0168497432972048,1.0026094851967329,0.9996132111539847,Healthy
1.8979314244807088,6.749025519558618,3.5494581176357975,2.026250619894166,4.199372697237068,0.27369566400247164,-1.9063154499484403,32.45374435641106,39.88810476942348,15.58515262445744,3572.453,2231.062,B0007,8,24,1.88150881240388,0.9945769551727409,0.9966093498681848,0.9727991168583335,1.018168625213919,1.004957340547324,1.0004499162531768,Healthy
1.8970436571099056,6.742764555837257,3.550280546407974,1.950589433290604,4.19921182024681,0.2778617953651774,-1.9164259300038171,32.373246444985035,39.95162250671474,15.694091574527846,3550.594,2229.203,B0007,9,24,1.8696907870385844,0.9941117365894105,0.9956848112120765,0.9668467877736944,1.0173202509982886,1.0051901946349857,0.9941659475526093,Healthy
1.8976295831686505,6.7407537479454795,3.5481347674910286,1.868824706765806,4.198957678253482,0.2845628157128564,-1.9165016044519982,32.30534276235138,40.05202185471829,15.862438141702096,3551.25,2229.735,B0007,10,24,1.870052380139199,0.9944187806416593,0.9953878809456363,0.9670254202765318,1.01756303479749,1.004582660695351,0.9943582165363328,Healthy
1.8974805126913896,6.735853738229153,3.5484272148956437,1.7896213776724978,4.198832114024662,0.2896636595475328,-1.926771167846017,32.183319483399806,40.1213838436794,16.05872809154238,3530.25,2230.109,B0007,11,24,1.8700442394188577,0.9943406629291498,0.9946643104859331,0.9613070017405777,1.0177337136337707,1.0046654612683545,0.9943538878917205,Healthy
1.887123268405786,6.707019086251504,3.5560433603714667,1.910336108594535,4.198945227315025,0.276782824822683,-1.936979366983281,32.378853181816005,40.174657039770814,15.839778549030918,3491.016,2230.407,B0007,12,24,1.8596518987766364,0.9889131346461538,0.9904063796664627,0.950623362081548,1.0178697090701656,1.0068218189570324,0.9888279949186756,Healthy
1.88660132345246,6.7076573631414655,3.5604849642800684,1.9086884059809104,4.199051302806796,0.27245039995275366,-1.947065774665518,32.2913249500013,40.016434730174936,15.664364855408312,3470.281,2230.328,B0007,13,24,1.8590746560862208,0.988639618745763,0.9905006321944013,0.9449771045414046,1.0178336565887052,1.0080793693503094,0.9885210591246592,Healthy
1.8863674119855063,6.698955724121515,3.5562872542469752,1.7868782934275431,4.198107645780677,0.28338199580130485,-1.946961601670498,32.14782797344657,40.16569230743226,16.03251840668419,3470.0,2229.734,B0007,14,24,1.8590084577709232,0.9885170416328168,0.9892156859778952,0.9449005866552806,1.017562578436965,1.006890872579412,0.9884858596621007,Healthy
1.8756792253711445,6.676443729120023,3.5647746218187315,2.1361343961784502,4.19925638222589,0.2556912534148872,-1.9468510507422583,32.01380948237792,39.46139677634257,15.388895666428816,3450.297,2229.906,B0007,15,24,1.8593622586957048,0.9829160889523803,0.9858914038815163,0.9395353485403328,1.0176410724472333,1.0092938991993854,0.9886739853319007,Healthy
1.8750728780895283,6.669160276185653,3.565438928797127,2.0133501283179167,4.199087384946408,0.2605202370565669,-1.957406371900557,31.881310103471357,39.5636595172155,15.62552760054697,3429.407,2210.094,B0007,16,24,1.8587355450601035,0.9825983435242007,0.9848158771595203,0.9338468836252813,1.0085996577296064,1.0094819842963747,0.9883407444774766,Healthy
1.875198188564024,6.662735266730615,3.565961679108638,1.8575547668336485,4.199009971925293,0.26742548192983523,-1.9680136940585706,31.854304304240507,39.628948319501816,15.696931604835171,3409.484,2211.078,B0007,17,24,1.847817291322145,0.9826640102330015,0.9838671143377876,0.9284217382685281,1.009048716486024,1.0096299904836337,0.9825352090658109,Healthy
1.864815711373332,6.638802214552264,3.572496559005355,2.165755612420893,4.1985172274243965,0.24501867564544394,-1.9680499927642312,31.856555404576753,39.22534721491488,15.23969247621115,3390.422,2211.25,B0007,18,24,1.8485252916137047,0.9772232590982263,0.980332988781038,0.9232310480717493,1.009127210496292,1.011480209673197,0.9829116722679647,Healthy
1.864705016338037,6.633167478821577,3.5699492020415136,2.0270686341513207,4.198245740608724,0.253992409559784,-1.9680218912213907,31.867182607083926,39.4126321606434,15.424484814280056,3390.281,2210.828,B0007,19,24,1.848378951850034,0.9771652513484539,0.9795009234262746,0.923192652975865,1.0089346263548202,1.0107589770244478,0.982833859396006,Healthy
1.9083939022532823,6.783165556243922,3.5464338449590023,1.905311669649934,4.196262462698172,0.2877922877067573,-1.9066656790606793,32.35216872128999,39.95874037686836,15.600055153210043,3591.734,2268.171,B0007,20,24,1.8807805437609768,1.0000596291789716,1.0016507117161755,0.9780494419912731,1.035103707929264,1.0041010788516973,1.000062675811889,Healthy
1.9089794501918556,6.787559632082933,3.5531968089006387,1.7951975189442124,4.1969587758867,0.28915915014675286,-1.9267118604677658,32.60219299451182,40.31302300333008,15.658163165234601,3552.297,2287.344,B0007,21,24,1.88147215974436,1.0003664750841197,1.0022995723631676,0.9673105242863959,1.0438535082715346,1.006015875429585,1.000430427027346,Healthy
1.8974403112376845,6.757986117651462,3.5599340214678805,2.1058524852518143,4.197071720130598,0.2630930215859064,-1.9260915660103675,32.19571819720114,39.359447242364645,15.045144822695217,3531.578,2269.594,B0007,22,24,1.8810954313244783,0.99431959607768,0.9979325358324191,0.9616686236365656,1.0357531089560754,1.007923381026182,1.0002301101786362,Healthy
1.898520095560865,6.748738533406592,3.5595604968238,1.846021007590992,4.19690260801443,0.2762451800325786,-1.9468340181835688,31.805988160181123,39.454159451189874,15.507445469034273,3492.907,2249.422,B0007,23,24,1.8710089649779995,0.994885437704274,0.9965669714416161,0.9511382920554284,1.026547404449515,1.0078176250711874,0.9948668589702974,Healthy
1.8976323885515503,6.738382248826318,3.552385161941813,1.7370300333706354,4.1966416719103465,0.28894621581693053,-1.936419689671865,31.737001978644926,39.64174827400944,15.846643335728839,3511.594,2249.234,B0007,24,24,1.8701995151941373,0.9944202507523,0.9950376884343602,0.9562268676354938,1.02646160867085,1.0057860739945006,0.9944364522865033,Healthy
1.8870707584027335,6.714267480236255,3.5707670304281067,2.0506492642329937,4.1971302559922,0.25119227347469175,-1.9675984733558025,31.51707667966367,38.86906912217273,15.131802667287836,3431.9370000000054,2230.672000000006,B0007,25,24,1.8706715362800983,0.9888856177199475,0.9914767293333586,0.9345358169060429,1.017990644609244,1.0109905286058938,0.994687438863237,Healthy
1.8870551979880443,6.703789022563878,3.5657224847439295,1.8254369744762284,4.19652461108806,0.26797210942673244,-1.9680130544442065,31.442860781038384,39.11839966443177,15.466127080493266,3431.125,2229.579,B0007,26,24,1.8596124644020169,0.9888774635634469,0.9899294053740366,0.9343147047226512,1.017491842555619,1.0095622674327722,0.9888070265785193,Healthy
1.8764127174148584,6.677459745599954,3.5712835067487103,2.134879000684994,4.196790308710931,0.24613642238982758,-1.9675572757550353,31.32326275303232,38.68010761281634,15.153498896868157,3412.406,2211.75,B0007,27,24,1.860033909718346,0.983300462314911,0.9860414361373708,0.9292174153619596,1.0093553907586994,1.0111367584394084,0.9890311206293401,Healthy
1.8755289052835746,6.667588004016828,3.5679716274891398,1.970455493406623,4.196693048697735,0.25708647441380517,-1.967618505240168,31.28571570579735,38.863045678198645,15.375895896781618,3410.688,2210.531,B0007,28,24,1.8591653109160768,0.9828373164039793,0.9845837042125597,0.9287495942645896,1.0087990872789503,1.0101990667516618,0.9885692627877722,Healthy
1.8756893951171232,6.661352811507649,3.5646314038791784,1.813269430976001,4.197078923354,0.26957680559456787,-1.9678214300979182,31.331850868998007,39.14531169811219,15.642009011424818,3410.718,2210.437,B0007,29,24,1.8481398178778288,0.9829214182255352,0.9836629711178532,0.9287577634339266,1.0087561893896178,1.0092533499338687,0.982706705294527,Healthy
1.8655530857545863,6.634451201783878,3.568983888921194,2.048365732409564,4.196062203382386,0.2517021660775261,-1.9675056354779956,31.32285733932258,38.8380564174779,15.317470557342759,3392.719,2193.344,B0007,30,24,1.849201702126164,0.9776096669301799,0.9796904871348665,0.9238565341373248,1.000955618938962,1.010485668120936,0.9832713383168726,Healthy
1.9022770193471765,6.7807128298268955,3.564620688944316,2.181560983985832,4.206531081984383,0.24268377174702066,-1.9683447778186902,31.608436452122476,38.95965174080089,15.420174628458213,3470.672,2239.64,B0007,31,24,1.8834677437950849,0.9968541862965621,1.0012885246014884,0.9450835760484312,1.0220832857957787,1.009250316216584,1.0014915338811978,Healthy
1.8817951544736429,6.70900361876034,3.5694388142217837,2.1177799354077496,4.203187727641822,0.2393708702026896,-1.9788067754387157,31.782101501165204,39.05387577229197,15.099581562958367,3414.109,2230.328,B0007,32,24,1.8628211117905844,0.9861210320110998,0.9906994299220429,0.9296811518746609,1.0178336565887052,1.0106144710269225,0.9905131525291476,Healthy
1.8711644361038497,6.669737266305103,3.568742147335628,2.1637448793153697,4.202997027311235,0.23644855810150356,-1.9785908218423578,31.51504198920288,38.699551697978606,14.963879475321406,3395.219,2211.64,B0007,33,24,1.852085039652352,0.9805501945344925,0.9849010796448509,0.924537298248748,1.0093051911009696,1.0104172238759617,0.9848044880781639,Healthy
1.865959168722631,6.642535145921397,3.5642424070467817,2.045656147205805,4.2027504558714135,0.2439008718473348,-1.9784335668087778,31.13866351339678,38.6052414906155,15.295433527231793,3386.0,2183.344,B0007,34,24,1.8469504648208708,0.9778224674332412,0.9808842201097852,0.9220269125114641,0.9963920136908158,1.0091432133414058,0.9820742936053631,Healthy
1.8559196087532452,6.6088367262044345,3.5653038098527605,2.1356202266992863,4.202665067816707,0.23838373066148522,-1.9781601679702336,31.068710515588776,38.42604747702835,15.120099267077283,3368.187,2165.234,B0007,35,24,1.836828431169018,0.972561415923776,0.9759080705799928,0.917176332064752,0.9881273245864233,1.0094437280976853,0.9766921302838053,Healthy
1.8561793768682644,6.609817791985144,3.565432167703823,2.042987153745025,4.20243913428064,0.24394102489962827,-1.9783765899690637,31.618244836823447,39.0468968949422,15.307890639243656,3368.266,2184.203,B0007,36,24,1.8371619619672277,0.9726975427498321,0.9760529417657747,0.9171978442106731,0.9967840273816315,1.0094800700294302,0.9768694777705335,Healthy
1.8506701108607375,6.5840207553056596,3.5622303163451425,1.978616239411895,4.202794567899269,0.2487175811817385,-1.9780771457931066,31.331528063668397,38.83676495861389,15.349142181547226,3358.719,2155.172,B0007,37,24,1.8316722583718852,0.9698105106156221,0.9722435669339327,0.9145981422219704,0.9835354249857388,1.0085735305184385,0.9739504515794214,Healthy
1.840123563215555,6.5509143473755085,3.564481026852489,2.15845357648832,4.203135326288817,0.2372707723605399,-1.9780971417908424,31.132569191182142,38.49981470604549,15.24021628060099,3339.5,2136.641,B0007,38,24,1.8211470951317783,0.9642837812990454,0.9673548380962476,0.9093647000389942,0.9750786081003994,1.0092107737174965,0.9683539331827509,Healthy
1.8354851945563297,6.528963970513563,3.561614556780574,2.092603698932653,4.202837061508687,0.24155038848954166,-1.977978349880126,30.972969676157927,38.582340147970775,15.554818031636746,3331.265,2118.093,B0007,39,24,1.816506091511515,0.9618531273151569,0.9641134885487687,0.9071222630559664,0.966614033086138,1.008399190640655,0.965886184080215,Healthy
1.8303360321878475,6.513443659994165,3.5630587459190144,2.152888643167804,4.202745735932991,0.2380948022640211,-1.9784334957218424,31.1990648511682,38.787499833494046,15.591927209484577,3321.188,2118.188,B0007,40,24,1.8113815601504557,0.9591548010405201,0.9618216485591783,0.9043782390756422,0.9666573873359955,1.0088080836118394,0.9631613299965084,Healthy
1.8305705858248216,6.513748672480819,3.5629534367704405,2.0537418826405966,4.203198796599359,0.2446154013486785,-1.9782873833989176,31.722267598269813,39.31221126031847,15.552791607971628,3321.844,2127.282,B0007,41,24,1.8116056333939583,0.959277714671159,0.9618666888831696,0.9045568715784795,0.9708075299486595,1.008778267454449,0.9632804758948528,Healthy
1.8249715131228217,6.494919251642271,3.5634460120762426,2.079330058633996,4.202901668731174,0.2432726266649588,-1.9781961432676651,31.900827580605675,39.40567993360536,15.413357167898162,3311.828,2118.031,B0007,42,24,1.8060548955557405,0.9563436209478994,0.9590862020105215,0.901829458242474,0.9665857387335995,1.008917730198601,0.9603289961203343,Healthy
1.8294399227099367,6.496589861037459,3.563998342345823,2.075979330452076,4.196154302326916,0.25398073103714824,-1.9670969462670498,31.5372402498617,39.32802757827611,15.610639509571417,3327.391,2113.953,B0007,43,24,1.8132041826994056,0.9586852109254369,0.9593328961352359,0.9060673509889052,0.9647247005134055,1.009074111353252,0.9641304684690136,Healthy
1.825098489521635,6.490092808599982,3.5604902283110547,2.0674349483094465,4.204477224486428,0.24563949813557265,-1.9781214643703728,31.24662583059252,38.6112528181758,15.081358558369,3312.078,2099.578,B0007,44,24,1.8062641938283532,0.9564101606544881,0.958373494931757,0.9018975346536163,0.9581645179691957,1.0080808597543105,0.9604402857608223,Healthy
1.8146291124180662,6.445714456432186,3.5567002097886946,2.037264031192436,4.20211656315423,0.2475333619682181,-1.9780364457328714,30.939399361884792,38.56972695128688,15.481653070217533,3293.172,2070.781,B0007,45,24,1.7958310249900458,0.9509238711774742,0.9518202702367257,0.8967493241373902,0.9450227039361095,1.0070077925962755,0.9548926833144621,Healthy
1.804707781065092,6.413423005003339,3.558412726344602,2.1632674190148338,4.202901194454151,0.2400672453777982,-1.977935781469453,30.884857004354572,38.34572083526661,15.354788360354021,3275.328,2052.093,B0007,46,24,1.7858852600390451,0.945724775255976,0.9470518837012858,0.8918903022156965,0.9364942384483741,1.0074926570535054,0.9496042469028412,Healthy
1.7990996758849915,6.389460033260348,3.556136820956993,2.106631526845483,4.201790697233378,0.24388204900430188,-1.9780170042003,30.920682316695828,38.48254063494672,15.507256647043715,3265.016,2033.281,B0007,47,24,1.780326860450275,0.9427859482244151,0.943513340007758,0.8890822864088985,0.9279091842555619,1.006848280433225,0.9466486931651035,Healthy
1.8340789938432065,6.538294894705058,3.568999942180493,2.1809272860788376,4.191916354433964,0.23813328081442833,-1.9779140108313502,33.880577817079796,41.0499421893331,14.580852214023935,3328.937,2183.641,B0007,48,24,1.8150756899575575,0.9611162330282611,0.9654913595117997,0.9064883355154092,0.9965275527666857,1.0104902132769114,0.9651256002841514,Healthy
1.8345391574412497,6.5435125072078115,3.571059290544873,2.1773498094527195,4.20342192245769,0.23819384516409414,-1.978162017642311,33.038339318294426,40.361944885615415,14.975589339732917,3329.266,2183.344,B0007,49,24,1.815702515484584,0.9613573735164368,0.9662618294691533,0.9065779240724725,0.9963920136908158,1.0110732761521273,0.9654589006343197,Healthy
1.8191365349318496,6.48050637006177,3.5666921284622095,2.180136101967249,4.202807443974011,0.23794253941668367,-1.9779553399945098,32.27329169539202,39.6676965288026,15.140404352891924,3301.579,2127.485,B0007,50,24,1.800243217805667,0.9532859051801844,0.9569578928938878,0.8990385976912839,0.9709001711351969,1.0098368024575861,0.957238767427266,Healthy
1.809252781234285,6.439004524972152,3.563327431073248,2.128629519907685,4.203276539809248,0.24139899859823624,-1.9779914337720734,31.937919783481355,39.481181404811096,15.432178440795141,3283.563,2099.406,B0007,51,24,1.7904476205609308,0.9481065011556735,0.950829433795129,0.8941327391987243,0.9580860239589275,1.0088841563838216,0.9520301793098256,Healthy
1.7991194195783524,6.3989887778169585,3.5590146214829015,2.155901281560187,4.202580870413733,0.24311872055137518,-1.9721889844228178,31.688686599521045,39.4190511430692,15.694278923322276,3275.125,2062.422,B0007,52,24,1.780343032300132,0.9427962945531462,0.9449204225399107,0.8918350241698489,0.9412079863091842,1.0076630714991552,0.9466572921818757,Healthy
1.7940834677706279,6.376706981454849,3.5566945836342914,2.067103728219671,4.203244171517053,0.2491532035391863,-1.9723254573804139,31.779120691032947,39.72196117128354,15.978715401615254,3265.656,2052.234,B0007,53,24,1.775328769596812,0.9401572942443264,0.9416301332200699,0.8892565620214228,0.936558585282373,1.0070061996643465,0.9439910709723144,Healthy
1.789027000920329,6.3589406806432835,3.555013984911923,2.061983186454309,4.202697222668131,0.25168558375257616,-1.9668382736785281,32.133873372089305,40.041366724781085,15.969687090342056,3266.093,2042.671,B0007,54,24,1.770262973473285,0.9375075433950416,0.9390066342497274,0.8893755595880996,0.932194409583571,1.0065303720967054,0.941297448027725,Healthy
1.7788671327244494,6.321378819156251,3.5526373754067415,2.143037413381466,4.202581421564202,0.24879749783017185,-1.960929600351624,31.889431533099835,39.66314441864834,15.805766866339663,3257.594,2015.063,B0007,55,24,1.760081061854204,0.9321834465152088,0.933459981292505,0.8870612339149055,0.9195952082144895,1.0058574831405067,0.9358834459462825,Healthy
1.7737871275428299,6.293711193178111,3.547186025484395,1.992905798820928,4.201275185814673,0.25950895046183814,-1.9607588424014128,31.817363280281278,39.84751541049116,16.10474929328972,3248.593,1996.156,B0007,56,24,1.749647593537689,0.9295213608251638,0.9293743818739575,0.8846102108081377,0.9109667997718197,1.0043140435678197,0.9303356842591334,Healthy
1.7684665684940026,6.273965555329873,3.546814755244375,2.0335961968180234,4.202508747096239,0.25704256782134943,-1.9607439129501683,31.72316205746117,39.74335777163101,16.155718707640688,3238.766,1976.938,B0007,57,24,1.749650075059311,0.9267332171913403,0.9264585998485916,0.8819342632389559,0.9021964632059327,1.004208925901779,0.9303370037523415,Healthy
1.7638918389524345,6.256891853416403,3.544785017297267,2.0213017345171265,4.202333230196108,0.2594142565928167,-1.9550964299704847,31.957150654392294,40.07246786936068,16.35707580092159,3240.14,1968.468,B0007,58,24,1.745028739214683,0.9243359121467513,0.9239373749821993,0.8823084111945939,0.898331089560753,1.0036342466178627,0.9278797125463393,Healthy
1.7583973112979536,6.2402975653535195,3.5465215420964156,2.0789964919635966,4.202490707154508,0.2563684525041301,-1.955058998571939,32.29917704213345,40.24771611400392,16.021446168060397,3230.109,1967.734,B0007,59,24,1.739645745528673,0.9214566033823679,0.9214869437918077,0.8795769132739198,0.897996120935539,1.0041259085240213,0.9250174269450937,Healthy
1.752678792356576,6.212654003577882,3.540832547654255,1.9925354808829656,4.202290557382721,0.26418134804828086,-1.9491545130405277,32.128842946565555,40.27220819224188,16.25359514681121,3229.7810000000027,1948.969,B0007,60,24,1.7285642277717963,0.9184599159976436,0.9174048978654114,0.8794875970225019,0.889432515687393,1.0025151847077363,0.9191250795700842,Healthy
1.7427113344336749,6.180426323113834,3.5429925113583938,2.14041602578448,4.20313824854604,0.2547075170842508,-1.9485230174751031,32.021134355757404,39.89848456781458,16.03032683688317,3212.469,1930.875,B0007,61,24,1.723900324588418,0.9132366482736879,0.912645928206465,0.8747734417037184,0.8811751283513976,1.0031267347832267,0.9166451541408419,Healthy
1.7381370159028733,6.154411684788833,3.5360811169860216,2.006753861515003,4.202703239422359,0.26528123590944064,-1.9431227050969846,31.859048861486652,40.0571305311587,16.37785811404879,3213.219,1902.235,B0007,62,24,1.7139788776485192,0.9108395586119264,0.9088044207602417,0.8749776709371453,0.8681049629207073,1.0011699131282752,0.9113696482836834,Healthy
1.7327570534503467,6.140678337592597,3.5392436935272635,2.121868132176415,4.202907102508285,0.25734393700290453,-1.9430080085541772,32.16100333536097,40.240711749549135,16.398812099568023,3203.578,1902.422,B0007,63,24,1.7139701997004613,0.9080202856888062,0.9067764565480616,0.8723523722178532,0.8681903023388478,1.0020653327683529,0.9113650339803379,Healthy
1.7279079773340082,6.115878226732223,3.5348237062932575,2.011964875882845,4.201457080806326,0.26659502974351257,-1.9425165961920092,32.10276048728767,40.12941739090177,15.890294695716651,3195.125,1883.766,B0007,64,24,1.7036521173638766,0.9054792142375506,0.9031142949086384,0.8700505726043094,0.8596764403879065,1.00081390269967,0.9058786261881039,Healthy
1.722840053752108,6.1030377421829565,3.5366477402090606,2.0744390946376323,4.204304103661928,0.2620403236678221,-1.9370190075205085,32.33880662180898,40.3959693732437,16.295220273569935,3195.312999999994,1893.625,B0007,65,24,1.7040137474382486,0.902823459693356,0.9012181771770412,0.8701017660654868,0.8641756988020536,1.001330341043874,0.9060709148317897,Healthy
1.7124471415465534,6.064798716698818,3.5352062840980913,2.188793384556236,4.20220228055958,0.2558244000787879,-1.9310192096578356,32.21373014824893,40.18751058333668,16.289920303294025,3186.297,1865.735,B0007,66,24,1.6935716157343033,0.8973772402760204,0.8955715293436763,0.8676466583740521,0.8514478037649743,1.0009222218741907,0.9005185465835807,Healthy
1.7065008008929918,6.039746774135338,3.5329852237553396,2.1739523632140685,4.202001482736379,0.25744788349136644,-1.9304738354803441,32.09949526722965,40.14605167557969,16.390921466032214,3176.438,1836.594,B0007,67,24,1.6876577363877656,0.8942611670052186,0.8918721804348937,0.8649619970242439,0.838149001711352,1.0002933735200839,0.8973739744944307,Healthy
1.7019642452986818,6.022223424818159,3.532158560934324,2.1783847786257136,4.202600613133091,0.2578148839312093,-1.9305510314753316,32.11305439113157,40.18846095484838,16.45149125367794,3167.593,1827.734,B0007,68,24,1.6830744356583152,0.8918838663336756,0.8892845574188157,0.8625534535980289,0.8341056474614945,1.0000593206470523,0.894936907603905,Healthy
1.6967667163969746,6.002991420249345,3.5308376380023527,2.191481814157953,4.202328519159183,0.25773287224800195,-1.9247195409983122,32.20371989479744,40.2789498830108,16.48766848766154,3167.719,1818.062,B0007,69,24,1.6779270142025482,0.8891601944439513,0.8864446221549112,0.8625877641092446,0.8296917284654877,0.9996853280113354,0.8921998822281044,Healthy
1.6920549149132214,5.984461587672774,3.5296958440720005,2.1753473356526807,4.202855889678493,0.2594183580173002,-1.9245739020356052,32.23340825772458,40.310727434969614,16.473543890465713,3159.077999999994,1808.875,B0007,70,24,1.6732060275966172,0.8866910593041651,0.8837083746264663,0.8602347710345202,0.8254991443240159,0.9993620521326882,0.8896896039751412,Healthy
1.6862540032445814,5.961354024408987,3.528181937212609,2.1832922624558813,4.202212609390717,0.2594130837316264,-1.9243785304854075,32.212169716369466,40.31733812871393,16.536965085544367,3148.829,1799.094,B0007,71,24,1.6674367208253988,0.8836511954870621,0.880296146663389,0.8574439104833317,0.8210354820308043,0.9989334199976332,0.886621905095363,Healthy
1.6810736130215198,5.941407590023443,3.5265730179666974,2.192864020990023,4.202335745153063,0.25933738613120466,-1.918402879916178,32.21746401954225,40.332563430145015,16.56228055825075,3149.094,1780.282,B0007,72,24,1.6622662630667526,0.880936504814785,0.8773507135860422,0.8575160714791424,0.8124504278379919,0.9984778870252922,0.8838726306845675,Healthy
1.6762738481047983,5.921143331502816,3.5245022548553444,2.156097212664392,4.201997273379946,0.2621840624926119,-1.9181664471622712,32.23410177209761,40.431258866851486,16.669312317535656,3140.547,1771.188,B0007,73,24,1.6574243065763063,0.8784212740141126,0.8743583483251203,0.8551886751350092,0.808300285225328,0.9978915922951336,0.8812980294212445,Healthy
1.6714008303181835,5.901209904958483,3.5228548406546385,2.138540138129487,4.201599523927098,0.2637441486236623,-1.9180994998619483,32.228343983674435,40.46247985933005,16.708324187378803,3131.625,1752.812,B0007,74,24,1.652538684928734,0.8758676563595443,0.8714148360785859,0.8527591641741623,0.7999142042213349,0.997425160254227,0.8787002101944965,Healthy
1.666072109392837,5.881221535896695,3.5222829121237855,2.1646493163558524,4.20196227209543,0.2626111165077087,-1.9179522150901993,32.1833106060944,40.40103455658551,16.708645468857085,3121.907,1743.047,B0007,75,24,1.6472174627573322,0.8730752356405784,0.8684632106271983,0.8501128979202385,0.7954578436965203,0.9972632302479273,0.8758707702042889,Healthy
1.660577193446603,5.857700586057999,3.5189923820688493,2.1187211383693167,4.202045571197949,0.2661987865007531,-1.9116539768893375,32.17200142078129,40.4426971996319,16.791503421373772,3122.125,1724.359,B0007,76,24,1.6364136810898071,0.8701957233988593,0.8649899390476062,0.8501722605507545,0.786929378208785,0.9963315831560601,0.8701261027367561,Healthy
1.6603636514964892,5.8545818303485,3.5177844279570794,2.1377868706438155,4.204697039833386,0.26640245561413023,-1.9115865510736891,32.03316223587618,40.26214977673693,16.644375373731545,3121.672,1714.75,B0007,77,24,1.6362554312048496,0.8700838205662247,0.8645294012868533,0.8500489060937646,0.7825442099258414,0.9959895753589725,0.8700419569261656,Healthy
1.6652919606006142,5.877606140282795,3.5212226057273495,2.103155697792567,4.203964293328523,0.26786574725596746,-1.9176487188202131,32.506671891788216,40.64566836195685,16.46784874710454,3120.86,1743.297,B0007,78,24,1.641119179218384,0.8726664126450042,0.8679293354682079,0.8498277939103744,0.795571933827724,0.9969630259178541,0.8726281453408773,Healthy
1.6504326976519041,5.818230199108061,3.5172227884430147,2.186737546753024,4.201985395805308,0.26291550609714415,-1.9111337702474194,31.961039485620926,39.95209030011925,16.399065809339323,3103.828,1696.61,B0007,79,24,1.6315700789656966,0.8648796821504171,0.8591614595784998,0.845189884172071,0.7742658300057045,0.9958305584798617,0.867550626444812,Healthy
1.645441229378321,5.793233399239776,3.5125010864221813,2.100774791159369,4.20178017149305,0.2688270257981476,-1.9108556098369367,31.798082670491866,40.16503458324407,17.006670379018253,3095.094,1668.594,B0007,80,24,1.621213282987236,0.862263992640592,0.8554702534342465,0.8428115666724032,0.7614804335424986,0.9944937039661721,0.8620436335458184,Healthy
1.6406679116938254,5.777955862405845,3.5129614635074673,2.1417010068719846,4.202220537976551,0.26590233251265677,-1.9049762303506044,31.95802833708937,40.36674175781141,17.10498240037732,3095.781,1668.437,B0007,81,24,1.6164273214762122,0.8597626210380764,0.8532142631423847,0.8429986406502222,0.7614087849401027,0.9946240504348286,0.8594988063511068,Healthy
1.6399506060890219,5.775744782244187,3.5125204100391962,2.0912297625621297,4.2013887453306085,0.2696531998224168,-1.9051068520548522,32.418131697462755,40.88269125311642,17.176811669258917,3094.328,1677.609,B0007,82,24,1.615823510161921,0.8593867298888221,0.8528877592410392,0.8426029805486632,0.7655945236737022,0.994499175057849,0.859177743289997,Healthy
1.63559707277334,5.764178569796235,3.5151454557578807,2.166300950520593,4.201620573144587,0.26499594992300185,-1.9049079394753692,32.64044972789331,40.85633220225456,16.791506859682805,3086.531,1668.781,B0007,83,24,1.61672418029789,0.8571053387629344,0.8511798096363467,0.8404798134379567,0.7615657729606389,0.9952424037076413,0.8596566543406186,Healthy
1.6297094809012305,5.741287208026009,3.5134431794731813,2.1843637809529235,4.201668680267049,0.26428564911416735,-1.898761620917719,32.56399373078006,40.7780246115985,16.823020590773137,3085.625,1658.875,B0007,84,24,1.6108655863730026,0.8540200517383704,0.8477995075312044,0.840233104523977,0.7570450656018255,0.9947604385762742,0.8565414790287227,Healthy
1.624853061419119,5.717010505796782,3.5097089402574535,2.113995772639173,4.202567159315787,0.26998888308021174,-1.90433828068926,32.28305350922276,40.5829305350897,16.869964065235887,3067.203,1639.796,B0007,85,24,1.6006603374309376,0.8514751321278625,0.8442146361515515,0.8352166899397224,0.7483381631488877,0.993703164201755,0.8511150678516274,Healthy
1.620116469429901,5.691820484562777,3.5042771471756997,2.0287779476202195,4.201472345711643,0.276362889207048,-1.904192698545851,32.06065237439007,40.6345689985191,17.254099622176383,3058.157,1612.203,B0007,86,24,1.5959174487005665,0.848993005967893,0.8404948975593006,0.832753413078949,0.7357458071876782,0.9921652617532881,0.8485931436374987,Degrading
1.6151550239501749,5.682599793314424,3.509207943122176,2.1948906641943635,4.201332830124454,0.2644399053502661,-1.8982712229514884,32.365261126964526,40.75070125010339,17.160640492220555,3058.812,1612.281,B0007,87,24,1.5962179519462243,0.8463930493652292,0.8391333043805926,0.8329317732761419,0.7357814033086137,0.9935613169867705,0.8487529294673445,Degrading
1.61467564794247,5.681874568775446,3.5095064920492853,2.1621122251410005,4.201522880341636,0.2669199043283192,-1.8977934870545978,32.68851871366292,41.0672419235651,17.08517273759385,3058.578,1621.422,B0007,88,24,1.5958065114633972,0.8461418409580254,0.8390262125413035,0.8328680537553127,0.7399529948659441,0.9936458450825721,0.8485341552613064,Degrading
1.6149016459350172,5.675456278164555,3.505203266169396,2.0092802451741245,4.201386492450036,0.27822874636079686,-1.9036436467205253,32.747733642524246,41.40590880756584,17.347017964732068,3049.328,1611.609,B0007,89,24,1.5906507821480704,0.8462602711565054,0.8380784418721235,0.8303492265430471,0.7354747290359384,0.9924274736318595,0.84579271236838,Degrading
1.7130494877529105,6.052662794014573,3.5281182345919744,2.144268362237989,4.233325435700087,0.2745683251139366,-1.9369923426487148,32.50500516961017,41.01558674901627,17.16496648457665,3177.219,1762.063,B0007,90,24,1.6888211161855506,0.8976928890124032,0.8937794522532363,0.8651746677326525,0.8041359954363948,0.9989153838878675,0.8979925754882669,Healthy
1.6501733549982887,5.820623574208184,3.519590928396835,2.0962813773920197,4.203917718634026,0.27095946893810313,-1.9233409193548265,32.91993878980997,41.31851435911838,16.882372629909675,3082.937,1705.672,B0007,91,24,1.6259938279733204,0.864743778279786,0.8595148824534928,0.8395011469513749,0.7784013690815744,0.9965010494537404,0.86458558062544,Healthy
1.639897258870362,5.777657087211659,3.5146260368096875,2.037656085248936,4.202046403451837,0.27527818530823556,-1.916884219356136,32.948305858317944,41.4002950560853,16.908667212696162,3074.266,1677.672,B0007,92,24,1.6157433862812898,0.8593587742347784,0.8531701438615832,0.837139984707315,0.7656232743867656,0.9950953407285874,0.8591351392218476,Healthy
1.6297863894765012,5.737608554801757,3.5115494818370454,2.050265845971926,4.201592874087554,0.2742765846996205,-1.910472150518363,32.76906651915661,41.2508092329952,17.021917657527244,3066.0,1649.5,B0007,93,24,1.6056626764846538,0.8540603542991652,0.8472562913013075,0.8348891062493056,0.7527666856816886,0.9942242763573832,0.8537749489291794,Healthy
1.6190861925064264,5.699042299999989,3.510769869032659,2.1421639870693685,4.201214370586727,0.268135375122442,-1.904277326283454,32.59734424608833,40.95362783962595,16.950485385122494,3056.437,1630.797,B0007,94,24,1.5949746921524348,0.8484531078070231,0.8415613224478848,0.8322850473702899,0.744231374786081,0.9940035447458,0.8480918540855138,Degrading
1.6145800916699364,5.678776603227253,3.50804494279531,2.093098662464846,4.201660608337926,0.27185373111158595,-1.904002494100001,32.52349894408369,40.989022190981714,17.10170601830248,3048.219,1612.0,B0007,95,24,1.5904102438871943,0.8460917664056162,0.838568744804376,0.8300472395832199,0.735653166001141,0.9932320369454777,0.8456648115680422,Degrading
1.609509878861528,5.660373505406664,3.507748080950393,2.109503853325003,4.201750207865124,0.2709271196950078,-1.9036546380501311,32.578228834731775,41.02622774121347,17.09023396830254,3039.218,1603.0,B0007,96,24,1.5853517062988178,0.8434348122332892,0.8358512118358924,0.8275962164764521,0.7315459212778095,0.9931479865129071,0.8429750481859675,Degrading
1.6041418463480366,5.640547234492672,3.5066673521067266,2.1295447836320704,4.201226117420626,0.2696597843353944,-1.8977146678452774,32.62728298499839,41.01371342582121,17.030251335150165,3039.047,1593.203,B0007,97,24,1.5799737147242376,0.8406217909809552,0.8329235229556766,0.8275496522112308,0.7270749572162007,0.9928419999795861,0.8401154223447657,Degrading
1.5994014141747523,5.622917883606908,3.5061843921745397,2.138556110583413,4.201796973837129,0.2695403153910377,-1.8973347377958825,32.652115712561326,41.04923314430273,17.047369798941865,3030.375,1584.234,B0007,98,24,1.5752185465278068,0.8381376524413355,0.8303202469902883,0.8251882176615263,0.7229818596691386,0.9927052596341711,0.8375869688012445,Degrading
1.594011315954446,5.601953117940267,3.5051004339266254,2.143779366990932,4.201200470517945,0.2693575081604602,-1.8970045774163773,32.64767456395258,41.05277512550887,17.07912107297858,3021.0,1574.219,B0007,99,24,1.569798484648868,0.8353130680507266,0.8272244398370008,0.8226353522436896,0.7184114090131204,0.9923983587602953,0.8347049730236412,Degrading
1.5892445904713373,5.586120123952893,3.5054479186890566,2.199196544880164,4.201289094579205,0.26588697295785546,-1.8909127399289274,32.69938792310311,41.02092182377061,17.00956582823896,3021.75,1565.031,B0007,100,24,1.5702565375950357,0.8328151509732264,0.8248864267714855,0.8228395814771166,0.7142183685111237,0.9924967420490003,0.8349485323567742,Degrading
1.589426874352607,5.578540228863595,3.500074246846,2.0252901014990434,4.201033482375415,0.2785316768740694,-1.8968789299198896,32.724576765133094,41.34840278359994,17.33407420044244,3012.265,1555.922,B0007,101,24,1.565249873909438,0.8329106735749768,0.8237671252819413,0.8202567624383772,0.7100613804905875,0.9909752954547891,0.8322863517536633,Degrading
1.583927544812024,5.5603795919601176,3.5011647157526498,2.0874226328484515,4.201482697501314,0.27387180614210904,-1.8964710309338209,32.70434030242972,41.23753665797544,17.24038384215491,3002.641,1546.734,B0007,102,24,1.559633933561147,0.8300288484682236,0.8210853958255752,0.8176360929150428,0.705868339988591,0.9912840396901221,0.8293002020135766,Degrading
1.5891867493152227,5.578079281502038,3.500407285435189,2.0863200514042264,4.196165946742788,0.2731798189442516,-1.8967768141795405,32.74051962267582,41.21700308433066,17.14178255444552,3012.0,1546.422,B0007,103,24,1.5649820533392105,0.8327848403517835,0.8236990584997083,0.8201846014425663,0.7057259555048488,0.9910695886014607,0.8321439442000612,Degrading
1.5991652024350445,5.625198761879332,3.507816455272743,2.0588247910323827,4.205246397279064,0.27615748515568417,-1.9031485600103595,33.38712825139849,41.89753189273277,17.124247208947978,3020.11,1603.125,B0007,104,24,1.57497949984227,0.8380138699116695,0.8306570577795825,0.8223930002200229,0.7316029663434113,0.9931673453206107,0.8374598611124846,Degrading
1.5894590316323496,5.582366559755108,3.5025243992110107,2.007722684403967,4.201509838937999,0.2798358907757274,-1.9028574663381215,33.270627344923426,41.90270996402953,17.290986308507996,3002.172000000006,1565.3910000000033,B0007,105,24,1.5652811168780458,0.8329275250212201,0.8243321486517775,0.8175083815677414,0.7143826583000585,0.9916690065856354,0.8323029644982441,Degrading
1.5785921714259843,5.547698747336501,3.505155823274424,2.190682586389996,4.201909525379603,0.2675806948659075,-1.8963219640753084,33.115074143665915,41.48233804274523,17.058698500725008,2992.703,1546.141,B0007,106,24,1.559755497470126,0.8272329416464326,0.8192128516664965,0.8149299194193136,0.7055977181973759,0.9924140411348475,0.8293648408830603,Degrading
1.5740785064333527,5.520039101396358,3.4983646475135717,2.008435320437976,4.199865517000471,0.2804620319343645,-1.908430732943726,32.90572814040102,41.6411622659972,17.44147435097702,2964.468,1527.562,B0007,107,24,1.549897685670499,0.824867636384537,0.8151284306374006,0.807241369544901,0.6971189960068453,0.9904912569504376,0.8241231715778944,Degrading
1.5681056655556247,5.503591612566755,3.500140843862166,2.164636064139996,4.200859733656452,0.2693018983715613,-1.889754408573026,32.953112654161664,41.433877603827945,17.31413201509857,2983.375,1517.672,B0007,108,24,1.543877153134502,0.8217376761461014,0.8126996768711077,0.8123898523667717,0.692605590416429,0.9909941510541612,0.8209218890583924,Degrading
1.5691922181148217,5.5059758007379775,3.49909547013937,2.064742753691984,4.20162098338246,0.2764390932673891,-1.8959167588975123,33.2282109237263,41.8543569979417,17.395264149272798,2975.297,1528.359,B0007,109,24,1.5450187488690073,0.8223070645455042,0.8130517431385118,0.8101901673699414,0.6974827153451226,0.9906981746088782,0.8215289068674249,Degrading
1.5634159057867374,5.488991455065564,3.5010357611640606,2.170172617792397,4.201149059944848,0.2694893163513689,-1.889387844169526,33.361342590516294,41.78271326384125,17.172906989067645,2974.9850000000006,1518.656000000003,B0007,110,24,1.5445940154102908,0.8192800915720393,0.8105437132533874,0.8101052080088359,0.6930546491728479,0.9912475288042052,0.821303064420979,Degrading
1.5584536647054175,5.4654781164711475,3.497212315865497,2.120750718982474,4.200810741834928,0.27297181225456174,-1.8889185963670394,33.12431679486816,41.62744766181303,17.279637297950494,2966.25,1500.266,B0007,111,24,1.5343086721758876,0.8166797180486162,0.8070715656045302,0.8077266182035234,0.6846621791215061,0.9901649975299577,0.8158340649086424,Degrading
1.552956351398517,5.4439860329478975,3.496089957852059,2.13627215665258,4.200373974181371,0.27191513700686615,-1.8885071150010757,32.991553593266204,41.552128441464966,17.408782218344623,2956.359,1480.546,B0007,112,24,1.5287603942958483,0.8137989495129966,0.8038978909272978,0.805033243073089,0.675662749572162,0.9898472245384347,0.8128838931614567,Degrading
1.553176290851119,5.444854673044997,3.495877119417779,2.093857236476905,4.201791474587699,0.27496846524722196,-1.8888180820733198,33.2318318845246,41.839167194182565,17.446848204320535,2956.344,1489.563,B0007,113,24,1.5289260249179843,0.8139142048421776,0.8040261605330254,0.8050291584884205,0.6797777524244153,0.9897869636366882,0.8129719635127368,Degrading
1.553248682481632,5.441706258840348,3.493116071455022,1.9959465760122976,4.20067023466464,0.2822101309265451,-1.8887930414931369,33.509812392094496,42.23998716092915,17.567920135309535,2956.406,1489.984,B0007,114,24,1.529091650133123,0.8139521403790083,0.8035612431868815,0.8050460414383838,0.6799698802053622,0.989005228699744,0.813060030988968,Degrading
1.548071807584479,5.422479941728964,3.492655946458748,2.0305769860653866,4.20021831736756,0.27948843102800136,-1.888168080257056,33.382402850667845,42.04090238497712,17.472376102165672,2947.266,1471.906,B0007,115,24,1.5239059324661248,0.8112392918502848,0.8007221477735945,0.8025571678470209,0.6717197946377638,0.9888749536049971,0.8103026424657472,Degrading
1.5428569191351122,5.402664318678671,3.49208824531703,2.0758803797636745,4.200674971032527,0.2765757672691732,-1.887904907597145,33.17829959346276,41.803429062834496,17.460373458928316,2937.984,1462.187,B0007,116,24,1.5186675419100617,0.8085065230006643,0.7977960312330428,0.8000296268541292,0.6672844266970906,0.9887142204985064,0.8075172463206083,Degrading
1.537954747002992,5.382240335813365,3.490216477408044,2.079354904824249,4.200371214024706,0.2762707856555497,-1.88773036624322,33.01591345323486,41.6886924602386,17.58571664173059,2929.125,1443.766,B0007,117,24,1.5136482266426952,0.805937627533732,0.794780079933685,0.7976172711488901,0.6588778094694809,0.9881842672387143,0.8048483385239611,Degrading
1.5377827764219338,5.382733492511717,3.4905931958620466,2.0585109366080414,4.200965645223048,0.27791427319149475,-1.8878077163294118,33.271000362987586,41.98817160118213,17.62439241755445,2928.454,1452.907,B0007,118,24,1.5136050185229033,0.80584750943216,0.7948529029768197,0.7974345540613843,0.6630494010268111,0.9882909274564498,0.8048253635798406,Degrading
1.538163958178926,5.385380267021216,3.4911419366203664,2.0253107306977376,4.201492773602507,0.2803468724562596,-1.887674933393443,33.61966967517867,42.33252236723314,17.58057793086645,2929.375,1453.234,B0007,119,24,1.5139470614867965,0.8060472609017582,0.7952437446198859,0.7976853475600325,0.6631986309184256,0.9884462923135221,0.8050072372188721,Degrading
1.5581422227597599,5.457356570451242,3.49283645226053,2.0069579017420067,4.192768207316796,0.2810963399437683,-1.901022727285377,33.29697162630193,41.63553796804361,16.673667704381565,2946.031,1480.969,B0007,120,24,1.5339599193158786,0.8165165124775245,0.8058722800668824,0.8022208703759778,0.6758557900741586,0.9889260601752117,0.8156486234335406,Degrading
1.5579854188751778,5.471943730870491,3.5025157522808223,2.19792648712031,4.204602036514753,0.26938637317126457,-1.8951144121477894,33.393130865360554,41.470498076928735,16.518384716361105,2955.438,1508.984,B0007,121,24,1.5391372798653098,0.8164343422114784,0.8080263244425808,0.8047824495744408,0.6886407301768397,0.991666558382085,0.8184015682478002,Degrading
1.5478716099761933,5.421818648796167,3.4929535655988118,2.0299415196572554,4.200995491738166,0.2800473458588181,-1.8941478117057606,33.138207103628474,41.54038193238441,16.944338222208,2937.625,1471.703,B0007,122,24,1.5236247972838737,0.8111343818808763,0.8006244965322534,0.7999318691277287,0.6716271534512265,0.9889592184503854,0.8101531551672106,Degrading
1.5377903885728523,5.384390995300332,3.491746263651725,2.117150391576778,4.201036137691208,0.2739480815207627,-1.8875042014728927,32.84069778843796,41.13947017697289,16.92651834620242,2929.078,1443.875,B0007,123,24,1.5135813035589147,0.8058514984434515,0.7950976616863221,0.7976044727835954,0.6589275527666857,0.9886173953005492,0.8048127536820926,Degrading
1.5319256102752783,5.361617021214015,3.490432264232957,2.130989905274772,4.200762329918291,0.27334671159184026,-1.8871434043422721,32.75739655594484,41.09041922644824,17.00694889868772,2918.375,1433.516,B0007,124,24,1.5077850749847914,0.8027781664638409,0.7917346938856665,0.7946899854697708,0.6542001140901312,0.9882453629176892,0.80173073974023,Degrading
1.527352878573096,5.34386929621691,3.488861416967918,2.129431831748565,4.201013677167557,0.2733096704992953,-1.8807630082774924,32.77234087259374,41.10034021580957,17.036976328587446,2919.812,1425.156,B0007,125,24,1.5031960676037333,0.8003819083511842,0.7891139379528661,0.7950812886810168,0.6503849401026811,0.987800609257395,0.799290638466296,Degrading
1.522023033110913,5.324725578896828,3.4891932104785104,2.164511453629433,4.200439147859412,0.27158324847907117,-1.886419275237733,32.720417557744895,41.03075447325996,17.01608202644857,2900.422,1415.766,B0007,126,24,1.497822059699588,0.7975888983388388,0.7862870398151813,0.7898012822328191,0.646099714774672,0.9878945498852219,0.7964331308520867,Degrading
1.5170316719163641,5.305653779851647,3.4878785713375917,2.1743012710834013,4.200264786461796,0.2708081873411031,-1.8800039366336023,32.710022803073514,40.99688397371006,17.00364863404352,2901.375,1406.016,B0007,127,24,1.492848534633516,0.7949732649418629,0.7834707616440362,0.7900607895120936,0.6416501996577296,0.9875223363779619,0.7937885709632189,Degrading
1.5113008716182812,5.283487684770449,3.486430546073901,2.1928976284966537,4.200151660684939,0.26942206211431624,-1.8733366537372407,32.62076759783716,40.88481342461614,17.02068095160039,2901.187,1386.875,B0007,128,24,1.492414389867026,0.7919701417322191,0.7801975576023609,0.7900095960509146,0.6329150028522533,0.9871123572854313,0.7935577242659227,Degrading
1.5117103689655047,5.277360176035037,3.4812572775226682,2.029849589914729,4.200453152662228,0.2810450178149723,-1.879702248133121,32.57651826255201,41.09400879501426,17.29745246533964,2891.64,1377.437,B0007,129,24,1.487482776538081,0.7921847314795091,0.7792927258634064,0.787409894062212,0.628607872219053,0.9856476508336626,0.7909354499989039,Degrading
1.5067201146749065,5.261295742191903,3.4823550791204023,2.095949224783681,4.200291122451955,0.27618473675568306,-1.8790751470067306,32.58396494906228,41.01377835587309,17.22497549942972,2882.906,1377.922,B0007,130,24,1.482535148640411,0.7895696781357145,0.7769205367344707,0.7850315765625442,0.6288292070735881,0.9859584711723013,0.7883046603458107,Degrading
1.5016383104263984,5.245170136843689,3.483507428628053,2.177723491219515,4.199877643371451,0.2706642376770264,-1.8728728303565043,32.623742674615976,40.90635248178393,17.077633564155498,2883.265,1368.515,B0007,131,24,1.4827874322228984,0.7869066496769029,0.7745393145838445,0.7851293342889446,0.6245362236166572,0.9862847356493593,0.7884388064562661,Degrading
1.50112505998119,5.23724902630892,3.478976541530706,2.056251340337525,4.200436806124781,0.27901477412156306,-1.8726786421400126,32.58599202496769,41.06596192416311,17.31626489901321,2882.969,1359.0,B0007,132,24,1.476971179775059,0.7866376899776999,0.7733696267826333,0.7850487318181522,0.6201939532230462,0.9850019065253737,0.7853461452707392,Degrading
1.5061185824548118,5.262063354184096,3.483501191305966,2.1512510632923165,4.193077426787744,0.271459803978156,-1.872734820116884,32.864544723781215,40.84520330629611,16.38714872321794,2891.656,1378.094,B0007,133,24,1.4819015554137276,0.7892544559542473,0.7770338878080847,0.7874142509525252,0.6289077010838563,0.9862829696776507,0.7879677614238417,Degrading
1.5169736195764176,5.309662932613295,3.4899701994096612,2.1693699073642034,4.203372086437543,0.2720921390700621,-1.8800362373714223,33.079651096902374,41.12807910254104,16.55220722763053,2901.25,1415.578,B0007,134,24,1.4981366198874824,0.7949428436533169,0.7840627817980169,0.7900267513065224,0.6460139189960068,0.9881145386001201,0.7966003911442314,Degrading
1.506239331097266,5.264589428589065,3.484801138956006,2.116759239247948,4.202065190134895,0.27487138562116303,-1.8730214281226414,32.932141650182686,41.094988453128494,16.757329217256515,2891.703,1386.797,B0007,135,24,1.4820775214392872,0.7893177321167073,0.7774069060109584,0.7874270493178199,0.6328794067313177,0.9866510235861455,0.7880613273930117,Degrading
1.5013188327391784,5.237714718239183,3.47835437960934,2.009424225590032,4.200086642861885,0.2823117509156759,-1.8725486136074456,32.755748003791545,41.11877573165318,17.02915848068546,2883.016,1358.703,B0007,136,24,1.4771155312812152,0.7867392331194328,0.7734383941817955,0.7850615301834469,0.6200584141471762,0.9848257539496386,0.7854229009315646,Degrading
1.4962564130513243,5.215676418736766,3.475694933923807,2.0034792344341588,4.199758658258613,0.28258465838189456,-1.8724613181992062,32.52965474617847,40.98003499062696,17.207692016940833,2873.453,1340.016,B0007,137,24,1.4720772783056488,0.7840863627922923,0.7701840613487585,0.7824574713044311,0.6115304050199658,0.9840727856443685,0.7827439234352925,Degrading
1.4911102308280852,5.206217903419881,3.481431873453954,2.172988732474185,4.199843161074874,0.2707612378199709,-1.8659419458758726,32.848065199041,41.017509953482886,16.885236001717555,2874.031,1349.875,B0007,138,24,1.472248013656454,0.7813895982093708,0.7687873493681382,0.7826148639669922,0.6160296634341129,0.9856970841434695,0.7828347081110211,Degrading
1.491268166291176,5.204741673019808,3.4796060336232353,2.087464676179042,4.200352076636086,0.27649649550394423,-1.865786095147701,33.072327061961936,41.299420742573055,16.90093116128417,2874.234,1349.984,B0007,139,24,1.4670106672274663,0.7814723614588583,0.7685693586352527,0.7826701420128397,0.6160794067313177,0.9851801344909499,0.7800498671569278,Degrading
1.4859749964403752,5.183643947982128,3.47822589673296,2.110564313669325,4.200169604165679,0.2751259546380272,-1.8654605849037513,32.85096451719535,41.105738037939375,16.947862119283624,2864.984,1331.016,B0007,140,24,1.461767249533538,0.7786985706434911,0.7654539177508515,0.7801513148005742,0.6074231602966343,0.9847893766195015,0.7772617979445021,Degrading
1.4808952224895797,5.15996428160101,3.4743233868367187,2.0724687293779813,4.199911577879335,0.2778258705992035,-1.865134613881632,32.57230232995455,40.87704013237699,17.043956032448047,2855.093,1312.734,B0007,141,24,1.4566952670489708,0.7760366061258162,0.7619572089521084,0.7774579396701398,0.5990799771819737,0.9836844598021146,0.7745648855418226,Degrading
1.475579741524336,5.140189734107369,3.4737305453330443,2.1253826973270518,4.199564012073342,0.27395504541306487,-1.858515986418667,32.45068444176091,40.73021986226824,17.116383498893928,2855.625,1302.688,B0007,142,24,1.451354972758956,0.7732511235707036,0.7590371579218578,0.7776028062730507,0.5944953793496863,0.9835166087101582,0.7717253043822815,Degrading
1.4758324924427404,5.143162929464256,3.474812723214051,2.1147331324879475,4.199951033620322,0.2745709348042032,-1.8588972649148483,32.7394359440147,41.03226257370644,17.14688744911906,2855.594,1302.64,B0007,143,24,1.451615926257375,0.7733835731606105,0.7594762012004869,0.777594364798069,0.5944734740444952,0.9838230055091208,0.7718640605251802,Degrading
1.4710281481275542,5.127784637462356,3.476096426841386,2.1738445330859366,4.19995987158867,0.27115793190115217,-1.8581969672334215,32.775898242252914,40.89527781087817,16.86881992719114,2847.437,1303.078,B0007,144,24,1.4468161332173683,0.770865942608228,0.7572053326803306,0.7753731676553176,0.594673359954364,0.984186460250837,0.7693118787265885,Degrading
1.4710165044750458,5.117656204501004,3.4686822529487804,1.9947266977360072,4.200414702164272,0.2837379792854724,-1.8581200056254086,32.5817324044051,41.02491521192672,17.26597086791945,2847.36,1284.532,B0007,145,24,1.4467570607768785,0.7708598409607662,0.7557096958717953,0.7753522001206858,0.5862096976611523,0.9820872867346184,0.7692804682873966,Degrading
1.4655795579111406,5.094448986883045,3.4661964701943586,2.0033802121225017,4.199552965128597,0.28266310578979587,-1.8577209868352302,32.35021153014993,40.81596834579472,17.357961694555236,2837.328,1274.578,B0007,146,24,1.4413797481446793,0.76801070653514,0.7522827522344573,0.7726204298943672,0.5816670849971477,0.9813834875790092,0.7664212034585077,Degrading
1.4604597632099678,5.079130617546297,3.468183423895935,2.116470909151213,4.199706970400125,0.27448777109671585,-1.8512458354075154,32.28754240914786,40.65138669632271,17.330903173654097,2837.281,1265.421,B0007,147,24,1.4362456252208178,0.7653277698603362,0.7500207323233611,0.7726076315290724,0.5774881916714204,0.9819460533683633,0.7636912492774013,Degrading
1.461034643984938,5.081346312281073,3.4678606629897453,2.051877342511651,4.199300346769649,0.27877904296350897,-1.8514531972432,32.603239183227075,40.965385542419945,17.293464828065204,2838.515,1265.453,B0007,148,24,1.4368154153924828,0.7656290258295363,0.750347917645558,0.7729436566944708,0.5775027952082145,0.9818546701399472,0.7639942223624945,Degrading
1.460503737230881,5.077329915518118,3.4662499547181245,2.003221375307111,4.200086391757318,0.2828554929502132,-1.8574211435317929,32.61208344144242,41.11319128215138,17.409939754083453,2828.328,1265.547,B0007,149,24,1.4362945145860049,0.7653508136580531,0.7497548277905646,0.770169679093244,0.5775456930975471,0.9813986306411282,0.7637172450957491,Degrading
1.4660564130200893,5.091371384890565,3.462469269360201,1.9865974995249176,4.189989265375979,0.28234983840720784,-1.857823928669184,32.26742656599958,40.78738321989129,17.46018989076964,2838.265,1256.281,B0007,150,24,1.4418575315878015,0.768260593910521,0.7518282915257238,0.7728755802833285,0.573317056474615,0.9803282059800039,0.7666752540388226,Degrading
1.486113968236063,5.188210939677331,3.480518309485383,2.1908121182442706,4.202670619155847,0.2708729920104874,-1.8658259561850365,32.637733704417855,40.73001188190229,16.749855496586537,2864.547,1330.891,B0007,151,24,1.4672063484781797,0.778771396322874,0.7661283123891618,0.7800323172338974,0.6073661152310326,0.9854384269665575,0.7801539162528438,Degrading
1.4760528767208858,5.141347567920518,3.4723137993738336,2.033261415031626,4.199186500777735,0.280674535222071,-1.8647784241320746,32.665258715232376,40.990354594470126,17.071083659319047,2846.39,1302.718,B0007,152,24,1.4518640367848883,0.7734990615926468,0.7592081319388376,0.7750880636454537,0.5945090701654308,0.9831154857206164,0.7719959877076817,Degrading
1.466083051342928,5.108196812016833,3.474362108592906,2.19135439601875,4.199638763972608,0.26998998098418464,-1.8578958465335809,32.502652632323915,40.62521315513875,16.874890038198178,2837.969,1284.25,B0007,153,24,1.44713797527485,0.7682745532462896,0.7543128543623836,0.772794977812536,0.5860810039931545,0.9836954230849115,0.7694830109888089,Degrading
1.460671218647128,5.086358069489567,3.4722823212388754,2.1840705012733683,4.200028390360542,0.27038243077626223,-1.851194762921303,32.446842086875606,40.58944296824891,16.957168776622183,2838.156,1274.594,B0007,154,24,1.441790586562399,0.7654385792932444,0.7510879895387194,0.7728458989680705,0.5816743867655448,0.9831065733227955,0.7666396575299911,Degrading
1.4558164119732317,5.06614016945857,3.4701761898320465,2.1664368343684446,4.199347098159206,0.2715372359526194,-1.8509042611451945,32.39361892904713,40.584393586876246,17.044581456923137,2829.843,1256.062,B0007,155,24,1.431630947911111,0.762894504845983,0.748102469903744,0.7705822221447663,0.5732171135196805,0.9825102647744756,0.761237498597311,Degrading
1.4560659407330832,5.0584289506432345,3.4635011119445216,1.987193667465448,4.199148920577739,0.2837615614650409,-1.8508582746706244,32.417221778010834,40.884444140401214,17.379569593495205,2829.625,1247.281,B0007,156,24,1.4318084249673686,0.7630252659214359,0.7469637762141185,0.7705228595142503,0.5692098117512835,0.9806203513568574,0.7613318680230078,Degrading
1.4504448996311141,5.043498384477603,3.467453100453348,2.1314172797434523,4.199648027535327,0.2738609968254639,-1.8504182940365097,32.40094040453025,40.65159637790841,17.108409481717732,2819.437,1246.719,B0007,157,24,1.4262562585106868,0.7600796600518104,0.7447590220912645,0.7677486096073788,0.5689533371363378,0.9817392770435618,0.7583796286128112,Degrading
1.4449352246568183,5.02405486366927,3.4675864728547836,2.188995882590831,4.199193175738452,0.26996449680019863,-1.843689287692697,32.36314241861483,40.53138082339522,17.065513373882606,2819.579,1237.125,B0007,158,24,1.4260877528924911,0.7571924136058931,0.7418878528275263,0.7677872770089077,0.5645750142612664,0.9817770387439134,0.7582900295471566,Degrading
1.445494859978346,5.018979121610908,3.462182535852444,2.032246494641712,4.199053572226856,0.2806297602259418,-1.8498733070449755,32.382600705235255,40.821433488540606,17.379080469801803,2810.672,1228.125,B0007,159,24,1.4212633510031694,0.7574856804683902,0.7411383324740733,0.7653618506327294,0.560467769537935,0.9802470231814328,0.7557247625474358,Degrading
1.4405514885052295,5.006598116114737,3.465962999117946,2.1695130053947387,4.199879744716988,0.2713369138330934,-1.843287720729204,32.4323818014572,40.643362943412974,17.138933425093768,2811.485,1228.422,B0007,160,24,1.4163272748795108,0.7548951952250337,0.7393100647037864,0.7655832351217642,0.5606033086138049,0.9813173849615757,0.7531001152898851,Degrading
1.4408520008518535,4.999949931798718,3.4601727514874407,1.9917978280585305,4.198680179439704,0.28368201666912907,-1.8494580225090995,32.4886182994049,40.97063567014205,17.432129931035895,2802.422,1218.484,B0007,161,24,1.4165781829175994,0.7550526733355922,0.7383283462868401,0.7631153290650331,0.5560679977181974,0.9796779933510786,0.7532335299856006,Degrading
1.4350731993537147,4.9848490344557685,3.464226115253961,2.1534486462617077,4.199235005181635,0.27226661402086466,-1.8426221358637018,32.524062377970175,40.74888323397497,17.15123061187972,2801.625,1218.641,B0007,162,24,1.4108401729425175,0.7520243959571622,0.7360984398448257,0.7628983014663114,0.5561396463205933,0.9808256213934645,0.7501824724719788,Degrading
1.4352631509803029,4.978536736049913,3.458799193390812,2.0101572712330453,4.198950996279868,0.28201606607307056,-1.8427098003104345,32.482615965621896,40.93461596721165,17.42425381534143,2802.031,1209.031,B0007,163,24,1.4109949628347804,0.7521239367034533,0.7351663207422674,0.7630088575580065,0.551754021677125,0.9792890981321107,0.7502647785094155,Degrading
1.4304115565118,4.965287552837833,3.4620805499710854,2.132718741006573,4.199393701075195,0.27384344144244144,-1.842239518040086,32.46389583182878,40.74175890345818,17.23706054605839,2793.39,1209.078,B0007,164,24,1.40617142903988,0.7495815455548708,0.7332098516447645,0.7606558644832837,0.5517754706217912,0.9802181479399995,0.747699973099343,Critical
1.4305358410273104,4.960773007827282,3.4578782949034514,2.0114763339798887,4.198994975977764,0.28194439535178567,-1.842252843487983,32.55681404542561,41.00964443691023,17.454125665411244,2793.39,1199.984,B0007,165,24,1.4063358479692922,0.7496466746282487,0.7325432016587957,0.7606558644832837,0.5476253280091272,0.9790283643344153,0.7477873991603194,Critical
1.4246832900573003,4.944704961738689,3.461590937144894,2.1610456063312298,4.198421699164089,0.27158635705288503,-1.8356063485512328,32.576296430484255,40.80558697887537,17.2097693354075,2792.485,1190.079,B0007,166,24,1.4004552399066514,0.7465797501605543,0.7301704791198755,0.7604094278749486,0.5431050770108385,0.9800795239620852,0.7446605183267027,Critical
1.4459635870402705,5.023109725420157,3.462906230864041,2.0143553387267827,4.188887274283021,0.28210992553139796,-1.8561013515700384,32.81804879809979,40.92586026351328,16.43447096378176,2802.016,1237.484,B0007,167,24,1.4217865046055154,0.7577313084863696,0.7417482869578679,0.763004772973338,0.5647388476896749,0.980451922799943,0.7560029376876234,Degrading
1.4566561495496175,5.077433390776243,3.4753580425264796,2.1732119934933296,4.2050716026539625,0.2751974835408152,-1.8574370794605966,32.92941193334214,40.57390100608222,15.83597780711051,2820.39,1284.453,B0007,168,24,1.4324552720625434,0.7633345542761643,0.7497701076868145,0.7680081168866533,0.586173645179692,0.9839774016529279,0.7616758143909068,Degrading
1.868527668883195,6.606634200022859,3.527546226327255,2.472160843460044,4.188195942647034,0.2359380947195542,-1.9541761960216968,31.773285281389256,38.10180309676608,14.282282845161685,3434.891,1926.797,B0018,1,24,1.8550045207910817,1.0063228527003418,1.00385950983592,1.0027458885384113,0.973359864856946,0.9979378532035905,1.0064068021427621,Healthy
1.856787475181781,6.581233863195367,3.534835576186522,2.4114381994148304,4.186703558364525,0.23822583660538213,-1.9474374301153292,31.92489159472864,38.14987995994155,13.835092885511425,3425.485,1979.532,B0018,2,24,1.8431955317089987,1.0,1.0,1.0,1.0,1.0,1.0,Healthy
1.8533108759676775,6.572802980187521,3.538246596159443,2.394395968141027,4.188811210133346,0.23762181874045557,-1.9520511323479741,31.31691283374216,37.5266914843442,13.782797235155389,3410.375,1992.344,B0018,3,24,1.8396018424355425,0.9981276267421164,0.998718951007805,0.995588945798916,1.0064722368721497,1.0009649727404297,0.9980502940617894,Healthy
1.8445252332496314,6.542762009058101,3.537697945111872,2.3999481734774424,4.188875360300162,0.2370215144318158,-1.9460914562122762,30.821190751176527,37.06279237079503,13.834935560845658,3404.719,1985.953,B0018,4,24,1.8306736044962053,0.9933959906041755,0.9941543098244214,0.9939377927505156,1.0032436959847075,1.0008097601327295,0.9932064032288624,Healthy
1.8466047724017376,6.562130424907823,3.542667604586918,2.3851461229395867,4.189908817357781,0.2397742289312896,-1.9412796601390512,31.95346971511436,38.2110354381278,13.788967209279392,3417.641,2037.25,B0018,5,24,1.8327002069419656,0.9945159567714951,0.9970972862103599,0.9977101052843612,1.0291573967988394,1.002215669790459,0.9943059080892509,Healthy
1.8425850371052623,6.5530503056611185,3.5451037330477333,2.371677070838912,4.190509582057232,0.2414517211722879,-1.9400338819083036,32.02311236185272,38.17496505957075,13.479678524485568,3411.766,2051.594,B0018,6,24,1.8285288846046388,0.9923510696477914,0.9957175875952592,0.9959950196833441,1.0364035539713428,1.0029048470968172,0.9920428153974737,Healthy
1.8297268689947568,6.5115769793362155,3.5475142438631493,2.4964491577040797,4.1903241054041,0.23218501916583212,-1.9335667184847714,31.634533158077698,37.64038685475582,13.326726713334526,3399.516,2031.625,B0018,7,24,1.8212011895697924,0.9854261155093288,0.9894158321513694,0.9924188837493084,1.0263158160615742,1.0035867772074154,0.9880672767697015,Healthy
1.8237771204882245,6.486147260965339,3.544812433691423,2.4374506721131883,4.190302498850287,0.23629886387759835,-1.9332161326561408,31.28819492159572,37.37602884738843,13.458760897309936,3388.75,2013.484,B0018,8,24,1.815170010643328,0.9822217915971645,0.9855518578724597,0.9892759711398531,1.0171515287451782,1.0028224389196807,0.9847951448538476,Healthy
1.8185033235229782,6.465002391135236,3.5434780274164095,2.4152206992194847,4.188517549229078,0.2371732047677659,-1.9325959489970461,31.11122470608501,37.28928029078695,13.634639188509269,3380.406,2005.156,B0018,9,24,1.8042980520967649,0.9793815112550484,0.982338954293945,0.9868401116922129,1.0129444737442992,1.0024449372661375,0.9788967155447863,Healthy
1.8374176632120622,6.5300727597047254,3.543133206790044,2.377432309524995,4.191794143442699,0.2401297981078768,-1.9387520938161948,31.13166983979621,37.52377766578506,13.925774434432604,3404.141,2025.485,B0018,10,24,1.8231002302844224,0.9895681050046816,0.992226214027015,0.993769057520322,1.0232140728212527,1.0023473879971734,0.9890975747939535,Healthy
1.8264579328358745,6.497015019374875,3.545155146280937,2.3887487262583647,4.190699409462101,0.23984417695745233,-1.9319248326301843,31.51305775907457,37.72420412562674,13.59591454207763,3396.141,2027.641,B0018,11,24,1.8121253520255491,0.983665582221284,0.987203183237193,0.9914336218082986,1.0243032191447272,1.0029193918279922,0.9831433078320011,Healthy
1.8134426442229554,6.451350318750309,3.545032366549762,2.432289857016922,4.190263311275428,0.23671690983377958,-1.9249594896453863,31.31102568785445,37.41366095304306,13.40266394220513,3384.094,2007.781,B0018,12,24,1.8046916382117768,0.9766560085426136,0.9802645602412926,0.9879167475554557,1.0142705447550229,1.0028846576151755,0.9791102501960162,Healthy
1.7996114838129005,6.40066647978366,3.5440892170496827,2.497495633221204,4.18970538556629,0.2318704689357917,-1.9179528942264987,30.893964711700164,36.94724908852665,13.39270238284012,3370.656,1977.766,B0018,13,24,1.790844349786295,0.9692070351975619,0.9725632932721773,0.9839937994181845,0.999107869940976,1.0026178419515466,0.9715975972043703,Healthy
1.792309438143801,6.369409011086362,3.541317108618481,2.478768686108376,4.188354430914051,0.23251146397316694,-1.917373033348097,30.540598970902945,36.70709131205994,13.616589629884807,3357.797,1956.766,B0018,14,24,1.783470722841926,0.9652744119077669,0.9678138087002794,0.9802398784405711,0.9884993018551861,1.0018336163853345,0.9675971388604137,Healthy
1.7955574416739981,6.382349732874594,3.541197979542517,2.385849407868021,4.193543208571066,0.24021272223025195,-1.9180652422275588,30.82566018736547,37.13061214416645,13.827066648678041,3363.015,1975.5,B0018,15,24,1.7809386125310702,0.9670236716230605,0.9697801150278211,0.9817631663837383,0.9979631549275284,1.0017999149377292,0.9662233777660016,Healthy
1.7859202513214545,6.350684751333818,3.541255460524435,2.372854084449551,4.190238041929225,0.241444618741721,-1.9106033469326071,31.451400678644543,37.686600065941576,13.68648014897975,3357.734,1970.547,B0018,16,24,1.771209039672698,0.9618334220757341,0.9649687100239875,0.980221486884339,0.9954610483690085,1.0018161762264595,0.9609447338614394,Healthy
1.7776285423549427,6.322862677267616,3.5427478949705886,2.4086912736769084,4.19075698083662,0.23888392979145712,-1.909404549449075,31.518847747922937,37.633580732302406,13.403164267061097,3344.187,1964.312,B0018,17,24,1.7686303996707076,0.9573678011700889,0.9607412240168738,0.9762667184354915,0.9923113139873465,1.0022383838267812,0.9595457287327759,Healthy
1.7626767673780228,6.267394702853144,3.541251093602656,2.496331992137246,4.189715378549557,0.23244841634642938,-1.8960567702455418,31.11237289077096,37.15252578645951,13.356864198911953,3339.969,1931.453,B0018,18,24,1.7536304801917124,0.9493153044914068,0.9523130211042454,0.9750353599563273,0.9757119359525382,1.001814940830446,0.951407731856727,Healthy
1.7553039181196126,6.230482442634337,3.5350260562177453,2.4199896352919668,4.187635645163932,0.23673810485604102,-1.8948411660605735,30.586452588663985,36.78829001793698,13.660965064582157,3327.641,1890.203,B0018,19,24,1.7462197416415093,0.9453445488950032,0.9467043068439555,0.9714364535240995,0.9548736772125938,1.0000538865322355,0.947387139129198,Healthy
1.7526965037023547,6.216652906668482,3.5326627624319777,2.3587321881999297,4.191004692440202,0.2420506018685824,-1.90021436299665,30.242913021104116,36.541146197392216,13.760178935321282,3312.844,1868.578,B0018,20,24,1.7376647337053737,0.9439402877977536,0.9446029476986447,0.9671167732452485,0.9439493779337743,0.9993853140527434,0.9427457390232616,Healthy
1.7406833830653934,6.174407211453158,3.5333109441755526,2.4458096660548825,4.1906972904216495,0.2357136559940899,-1.8936767267608487,30.10270376338569,36.372087786130464,13.78970387524841,3302.031,1852.906,B0018,21,24,1.7315166735475835,0.9374704463121064,0.9381838329713018,0.963960139950985,0.9360323551223219,0.9995686837539939,0.9394101948273131,Healthy
1.7237267469528357,6.108282010373499,3.52738705832889,2.3808537751929744,4.185877977731026,0.23938537053798345,-1.8739718829459886,30.251184852221932,36.52608510498833,13.812007237165748,3305.547,1828.563,B0018,22,24,1.7085949894470602,0.9283382024020177,0.928136294401148,0.9649865639464192,0.923735004031256,0.9978928248012974,0.9269743551639702,Healthy
1.720652404026915,6.098463653320274,3.5296025965720452,2.436955746154759,4.188109147549676,0.23625500977889216,-1.8791764961687347,30.212407704391104,36.476252762052624,13.814462528323176,3289.562,1815.719,B0018,23,24,1.711469957068211,0.9266824701402414,0.9266444226249249,0.9603200714643327,0.9172466017220232,0.9985195974461357,0.9285341287049168,Healthy
1.716779652801348,6.082770325347923,3.5289707694229833,2.4671365731790718,4.188302415854336,0.23438380743056172,-1.8780560689384003,30.125011009636175,36.37720890237669,13.869041476945835,3283.797,1804.328,B0018,24,24,1.7075021373272627,0.9245967434335876,0.9242598655192863,0.958637098104356,0.9114922112903454,0.9983408544366111,0.9263814435053876,Healthy
1.7585026015879561,6.235804284070744,3.5322741848919814,2.4129371999368505,4.18962510592865,0.23896798551869866,-1.8993718818269214,30.22428629982563,36.64000948247426,14.022095600908937,3325.235,1863.422,B0018,25,24,1.7492382064360228,0.9470672465710149,0.9475129457021138,0.9707340712337085,0.9413447218837584,0.9992753860146151,0.9490247650579646,Healthy
1.7481312655520322,6.20213170393916,3.532438322521663,2.3497771039810256,4.190150750158746,0.24393574439533722,-1.8926958551018207,30.976376254737342,37.38165499248184,13.951111615628239,3317.547,1870.953,B0018,26,24,1.7327697147429957,0.9414816121489018,0.9423964917313936,0.9684897175144541,0.9451491564672863,0.9993218203186002,0.9400900148322208,Healthy
1.731585376944569,6.149884166759511,3.5363211310943603,2.4904700018477026,4.189151018945234,0.23431450662672548,-1.8783667048362822,31.415702913300986,37.59824760372582,13.631301092872455,3311.766,1867.891,B0018,27,24,1.7222313328292376,0.9325705823037423,0.9344576252109625,0.9668020732830533,0.9436023262063963,1.0004202613886333,0.934372562867704,Healthy
1.7212537922175395,6.109389568517352,3.53353527421993,2.4650908929255406,4.189631312089484,0.23637695652955396,-1.8708343396819402,31.383299841535273,37.56055515516341,13.596202139534395,3305.218,1844.484,B0018,28,24,1.711846298984729,0.9270063565293208,0.928304584750173,0.9648905191527622,0.9317778141500113,0.9996321464072184,0.9287383077570269,Healthy
1.714838653945482,6.076035073418356,3.527012841842043,2.363133281953362,4.187690359657657,0.24335291601062248,-1.8696567234639716,31.167937826253638,37.52114200586718,13.887223208874385,3295.453,1807.359,B0018,29,24,1.699267835126687,0.9235513901652088,0.9232364629067105,0.9620398279367739,0.9130233812840611,0.9977869594848542,0.9219140378184061,Healthy
1.7035634979741665,6.038321565513182,3.52925730014011,2.4790616361836206,4.190215357888677,0.23601704240940324,-1.8623726014599724,30.994690437264207,37.21887096740918,13.73399239792769,3287.0,1791.906,B0018,30,24,1.6940366439243106,0.9174789903229966,0.9175060013110389,0.9595721481775573,0.9052169906826462,0.9984219135724468,0.9190759280723793,Healthy
1.6914741449754673,5.993096685813973,3.527821497534469,2.491905723274248,4.189776104976122,0.23528435512899715,-1.8547843408980225,31.055317978554886,37.33441415744885,13.864091300423084,3276.922,1765.953,B0018,31,24,1.6819027078768087,0.9109680927861012,0.910634207869368,0.956630083039336,0.8921063160383363,0.998015727039949,0.9124928304906206,Healthy
1.6865616329652233,5.973293477202086,3.525692957415014,2.4337177596826547,4.189846430994002,0.24004452342757918,-1.8538766950740675,31.373945543706103,37.7331798444306,13.959666351365811,3268.687,1762.515,B0018,32,24,1.6769770618433686,0.9083223877305115,0.9076251659444738,0.954226043903272,0.8903695418917199,0.9974135660416287,0.9098204900098074,Healthy
1.6751345489881124,5.930948845199031,3.524396248234728,2.4424506461535755,4.188109551881256,0.2394721635863499,-1.845735037450336,31.56128410753226,37.84649344841882,13.845030292897583,3260.594,1748.422,B0018,33,24,1.6655229306478936,0.9021681648429449,0.9011910180501312,0.9518634587510966,0.8832501823663371,0.9970467288430269,0.9036062110586996,Healthy
1.6668405811280351,5.894744779014433,3.520797576383474,2.4383419399858552,4.186368648390758,0.23938630633957264,-1.8382538558498933,31.318474723902874,37.6701649416618,13.972975041219591,3258.812,1718.937,B0018,34,24,1.6571924575832084,0.8977013273771949,0.8956899118841486,0.9513432404462433,0.8683552476039791,0.9960286696508263,0.899086629212187,Healthy
1.6642464605471732,5.882625990055321,3.519457281260753,2.4157245398944123,4.1901657245031085,0.24290739226961808,-1.8435676915974055,31.104012325043954,37.53185198546868,14.040052223510799,3243.422,1707.141,B0018,35,24,1.6482241555294048,0.8963042258695988,0.8938484959413291,0.9468504459952386,0.8623962633592183,0.9956495020505707,0.8942210021533539,Healthy
1.6552970045215125,5.8417420922927175,3.513165600287965,2.323395712524894,4.189966178473989,0.2505997920449218,-1.83704467002657,30.989730398009076,37.593333753421376,14.270328950426066,3236.515,1678.046,B0018,36,24,1.6387701497987262,0.8914843656835081,0.887636302511881,0.9448340891873704,0.8476983448613107,0.9938695943753244,0.8890918633462991,Healthy
1.6374661693367498,5.782291569849908,3.517217159454334,2.4985039496028567,4.188259618341401,0.23646371766168012,-1.8211904293154166,30.967851972472324,37.36141011067826,14.108971425867153,3230.734,1650.641,B0018,37,24,1.6276486907262062,0.8818813091015926,0.8786029626126141,0.9431464449559697,0.8338541635093548,0.9950157747503505,0.883058071010546,Healthy
1.6383630370281346,5.779343565157133,3.5120091114107965,2.350237238739749,4.18974005757658,0.24844885716156304,-1.8270453339799269,31.285342046153826,37.89980324671546,14.406317367102023,3222.093,1645.765,B0018,38,24,1.62215370227252,0.8823643302891935,0.8781550215799665,0.9406238824575205,0.8313909550338161,0.9935424253027487,0.8800768417491062,Healthy
1.6301857101174473,5.745988876323647,3.50911052654104,2.3337740352348813,4.1862359225351335,0.2491635346183944,-1.819052179250902,31.41096207271253,38.03149707759718,14.377066868913595,3220.344,1628.078,B0018,39,24,1.6140066510467586,0.8779603115094531,0.8730868702990923,0.9401132978249795,0.8224560148560367,0.992722419730415,0.8756567728602631,Healthy
1.6922687092426167,5.97851773858936,3.516106699716392,2.317647291087635,4.189625262426538,0.25277801281033435,-1.8693745969498121,30.755137125871208,37.42220155418978,14.405662526533703,3250.75,1724.796,B0018,40,24,1.6760516154424625,0.9113960169711627,0.9084189777882514,0.948989705107452,0.8713150380999146,0.9947016272563559,0.9093184019865969,Healthy
1.6591630514075584,5.864890064347445,3.519010068254593,2.492394514304757,4.186586244011676,0.23843671844136033,-1.839770443871628,30.977446633931525,37.32511174435206,13.942408563464888,3239.344,1695.219,B0018,41,24,1.649300642552199,0.8935664816702433,0.8911535718470703,0.9456599576410347,0.8563736277059427,0.995522986121747,0.8948050351570559,Healthy
1.6487116648599545,5.8175824472093485,3.5124212742229295,2.372828310153791,4.189366482043888,0.24807896905848456,-1.837963396328485,30.800512192698992,37.31088262198154,14.156860009419333,3222.25,1658.329,B0018,42,24,1.63238299185809,0.8879377348764937,0.8839653123015986,0.9406697153833691,0.8377379097685715,0.9936590255811066,0.8856265999866847,Healthy
1.6328272288797059,5.753824143966872,3.50815215295169,2.3560703177076867,4.188553804618968,0.24913183688172647,-1.8296109578903785,30.616192795676138,37.23234655688736,14.347060792828188,3206.157,1626.954,B0018,43,24,1.6164159719025777,0.8793829399995553,0.8742774172096104,0.9359716945191703,0.8218882038784925,0.992451297193399,0.8769639162503001,Healthy
1.6209212074652775,5.709619363401333,3.508648568515266,2.4644431530094417,4.188764708195774,0.2416809977881533,-1.8210831511954937,30.399839302766903,36.94850857727268,14.382161069700242,3197.969,1589.0,B0018,44,24,1.6109028378249377,0.8729707783636294,0.867560624966024,0.9335813760679145,0.8027149851581081,0.9925917324563346,0.8739728423339433,Healthy
1.6118919962560792,5.673025292213816,3.5051993439595477,2.4195167274486726,4.188636968174337,0.24592770126573008,-1.8199201144788144,30.38386825126278,37.002663545357386,14.450028672941336,3181.625,1569.469,B0018,45,24,1.5954638693695655,0.8681079648591843,0.8620002586353023,0.9288100809082509,0.7928485116684146,0.9916159516933042,0.8655966455660089,Healthy
1.7424527604799764,6.173965683791261,3.523165280193865,2.3422406504312434,4.188466199744378,0.25318729486331965,-1.8951156248467713,30.576239500422755,36.71025442949399,13.58524545202365,3302.36,1840.219,B0018,46,24,1.726707440085764,0.9384233703479656,0.9381167440832491,0.964056184744642,0.9296232644887782,0.9966984897200657,0.9368010123618151,Healthy
1.7261904003344355,6.1218794946088435,3.527269876472835,2.3755467142668496,4.189570916346704,0.24733295181963344,-1.8867694858233446,30.705906284556665,36.72807623650589,13.319111847817684,3285.812,1816.078,B0018,47,24,1.7165673917429751,0.929665038894901,0.9302023939377996,0.9592253359743218,0.9174279577192993,0.9978596742194585,0.9312996707144712,Healthy
1.7054804083881594,6.044657842532944,3.526762654741574,2.414629137532592,4.189584987657955,0.242383456978437,-1.8786631828974334,30.62583594950684,36.72959308355185,13.449346923701938,3260.016,1774.031,B0018,48,24,1.6958235570934848,0.9185113704093634,0.9184687808067193,0.9516947235209029,0.8961870785620035,0.9977161819069227,0.9200453928624319,Healthy
1.6874803012857835,5.9744127558719615,3.523020179476104,2.3844645496129964,4.189371286385834,0.2436980584625848,-1.870474802329599,30.597357068657974,36.787462351640364,13.582848464382916,3240.031,1737.437,B0018,49,24,1.6777783190792557,0.9088171499651988,0.9077952371945073,0.9458605131828047,0.8777008909176512,0.9966574409316189,0.9102552009355354,Healthy
1.6703509129762815,5.909062256938856,3.5197923457982654,2.398646371281655,4.187606340824144,0.24226706150778526,-1.8562833971202242,30.528493896066262,36.75689163314213,13.632929336245205,3232.265,1700.234,B0018,50,24,1.6606586897774192,0.8995918678376225,0.8978654124395218,0.9435933889653582,0.858907054798811,0.9957442913357555,0.9009671850916801,Healthy
1.6761065420639352,5.937198346949956,3.5251014582287223,2.4557130111721626,4.188829347125095,0.23981359831205834,-1.8625354754370638,31.203754246103966,37.35015763097096,13.576676043094707,3232.031,1728.125,B0018,51,24,1.6664109274827466,0.9026916459030094,0.9021406122874482,0.9435250774707815,0.8729967487264667,0.997246231755905,0.9040879813427397,Healthy
1.66291476818168,5.880640809470176,3.518519199837846,2.323665882820083,4.189202115880737,0.2493914106635456,-1.8606833274060013,31.172639449335037,37.48126030855565,13.747220400290761,3209.5149999999994,1700.328,B0018,52,24,1.6468336174407805,0.8955870235062197,0.8935468533274346,0.9369519936592918,0.8589545407702427,0.9953841201388273,0.8934665851288426,Healthy
1.6357762903341153,5.783761298271634,3.5190801794284594,2.488054079510012,4.186778882107656,0.23690724186719364,-1.8383636766891702,30.96825922704022,37.12544389762631,13.565769052168083,3196.125,1658.781,B0018,53,24,1.6257639928779952,0.8809712000959999,0.8788262837180902,0.9330430581362931,0.8379662465673705,0.9955428204739695,0.8820355545082065,Healthy
1.6283311285338316,5.746313504489927,3.5114167272902406,2.3306937114568003,4.187888599491238,0.24918642757567697,-1.8436958588115402,30.821704306343126,37.19112571388883,13.881495006863577,3172.562,1619.359,B0018,54,24,1.6121577411874597,0.8769614995245574,0.8731361966371358,0.9261643241759925,0.8180514384207984,0.9933748406703696,0.8746536726316159,Healthy
1.6220119318658404,5.72159903533634,3.5108038681605738,2.389399831578687,4.18915752014188,0.2455983748859378,-1.8362729789790888,30.765219721637393,37.17642722353301,14.03245033599396,3172.735,1602.922,B0018,55,24,1.6057366823755344,0.8735582039118635,0.8693809024677858,0.9262148279732652,0.8097479606290781,0.993201463686785,0.8711700168276265,Healthy
1.6837054017015063,5.950184086949077,3.5143261179075496,2.4864200723178747,4.191289655270872,0.24280634848491844,-1.8646902787950443,30.809988428281613,37.11936678632194,14.024592463422781,3238.109,1679.516,B0018,56,24,1.673645314879889,0.9067841226883923,0.9041137590056862,0.9452994247529911,0.848440944627316,0.9941979031734487,0.9080128972144893,Healthy
1.6504307003262304,5.836330664085768,3.5196664048265602,2.4673631110639858,4.190628233635541,0.24226929721478901,-1.8572649157581866,31.03903359070028,37.2702464066457,13.703024376108388,3191.063,1661.797,B0018,57,24,1.6404348572349936,0.8888635465212043,0.886814051195572,0.9315653111895104,0.8394898390124534,0.9957086628124505,0.8899950271222681,Healthy
1.629717733177143,5.7525911908388965,3.512403849382274,2.375173080957567,4.189158279329032,0.24876150712458966,-1.8483454421357695,31.04176453157222,37.39550861947664,13.854200654744794,3165.828,1622.813,B0018,58,24,1.6132653317422077,0.8777082756967608,0.87409007344496,0.924198471165397,0.8197962952859565,0.9936540961182562,0.8752545804222944,Healthy
1.6085508608661396,5.669743602182487,3.5077862234460104,2.371626022111289,4.185868202467219,0.24844054549141317,-1.839168422289249,30.959784195511766,37.378956702246384,13.990647158979527,3140.407,1581.141,B0018,59,24,1.5920964324686278,0.8663085476212948,0.8615016150527242,0.9167773322609791,0.7987448548444784,0.9923477762522427,0.8637696896934458,Healthy
1.5966581270373925,5.624770908077363,3.5076596102713244,2.463955873060647,4.186906972044146,0.24221243142965285,-1.830332610270234,30.843513277103145,37.245718322158105,14.077969621821396,3131.922,1542.297,B0018,60,24,1.5866011820698824,0.8599035422086087,0.85466814050373,0.9143003107589144,0.77912203490522,0.9923119575636624,0.8607883183173715,Healthy
1.590110957571771,5.600917973741218,3.5074833565874615,2.475545296633258,4.189576283423886,0.2428311991615096,-1.829290599843924,30.797157400797865,37.21755583353321,14.097245323846643,3121.109,1538.109,B0018,61,24,1.580076649033625,0.8563774685178215,0.8510437541299924,0.911143677464651,0.7770063833269681,0.9922620956450344,0.8572485240177359,Healthy
1.5808552003086351,5.561378586446635,3.5023865933440717,2.3791563087604626,4.189808713646982,0.2505308672928681,-1.8278449003095165,30.984434580754094,37.56150979821064,14.275118543021378,3105.265,1516.875,B0018,62,24,1.5641732953289167,0.8513926453289266,0.8450358552896698,0.9065183470369889,0.7662796054825081,0.9908202285104708,0.8486203815167811,Degrading
1.5657704217955233,5.507797745258383,3.503693493885047,2.4776158338943337,4.188889298039903,0.24339017954535835,-1.8188198987741453,30.967899275139946,37.4174791317661,14.133250531365931,3091.25,1498.391,B0018,63,24,1.555618272193922,0.8432685176542528,0.8368943969701448,0.9024269555989881,0.7569420448873775,0.9911899488306406,0.843978973164916,Degrading
1.5569743026173335,5.469975687309555,3.4989948462048113,2.4205549690097223,4.188220838257245,0.2480474474926816,-1.817194042260449,30.976616345195186,37.55101533655474,14.3271566259017,3076.703,1468.578,B0018,64,24,1.5402045278637395,0.838531239265767,0.8311474415002378,0.8981802576861379,0.7418814143949176,0.9898607080275069,0.8356164613939098,Degrading
1.548974079830292,5.4349879711257385,3.495405576723954,2.415388497112405,4.186454063976498,0.24854315694839318,-1.8157980815469457,30.89768961926806,37.59895044072871,14.571742963671618,3062.328,1436.937,B0018,65,24,1.5321613015959863,0.8342226024971685,0.8258311563003635,0.893983771641096,0.7258973333090851,0.9888453087526332,0.8312527212863718,Degrading
1.5484615071466388,5.431626705662351,3.494528300232307,2.3974205597873093,4.1895672733133145,0.25180264647469053,-1.822108117298183,30.815688222379325,37.48923978216981,14.457620276256321,3050.563,1443.078,B0018,66,24,1.5316232403693415,0.8339465489958904,0.8253204214543973,0.8905492214971019,0.7289995817193154,0.9885971284702018,0.830960803680568,Degrading
1.5325312328989733,5.375444670087571,3.4962554827793926,2.497752653580319,4.189297764105604,0.24451613098918087,-1.8129628028687816,30.726188079151118,37.37911114363861,14.476090099190333,3034.672,1410.735,B0018,67,24,1.5222595950771978,0.825367067250891,0.8167837189541305,0.8859101703846316,0.7126608713574724,0.9890857459772567,0.8258806886677773,Degrading
1.5235066310114926,5.332694008176203,3.48769646191346,2.3726090777895896,4.186793087812023,0.25310566427547665,-1.8044876731207795,30.76818712651005,37.559604168615785,14.726120076485252,3031.25,1390.297,B0018,68,24,1.5065267126851285,0.8205067361639437,0.8102878759556853,0.8849111877588137,0.7023362087604546,0.986664411043436,0.8173450329972788,Degrading
1.5184426842451795,5.312664502412915,3.486547580844067,2.36844257542991,4.188594535127793,0.2547236505348396,-1.809986175960184,30.775415173787835,37.61805450748922,14.750242289347721,3011.343,1375.031,B0018,69,24,1.5014219556532926,0.81777947370984,0.8072444488142643,0.8790997479189078,0.694624284931994,0.9863393942089522,0.8145755183451341,Degrading
1.5133900391433415,5.288063230982251,3.482298183882304,2.331968556073514,4.186295492358637,0.257256305074142,-1.8090400456598725,30.761821976538275,37.71101994346608,14.966822382534765,3003.0,1352.672,B0018,70,24,1.4963534117486457,0.8150582979321203,0.8035063547209601,0.8766641804007316,0.6833291909400808,0.985137245800582,0.8118256506195176,Degrading
1.550698501022955,5.4368776622054975,3.491819481711868,2.4057755306304176,4.187384370589753,0.2528720400746576,-1.8273691233501441,30.913721930762733,37.767989299214086,14.758108660774422,3045.187,1427.484,B0018,71,24,1.5334262000312422,0.8351513147034452,0.8261182895521276,0.8889798086986221,0.7211219621607531,0.9878308075304988,0.8319389742711993,Degrading
1.534249090124632,5.380320517082781,3.493995853241935,2.4720838848798987,4.188929264481706,0.24836794799207226,-1.8180385592622932,31.228215653165606,37.91919394450186,14.546523116946744,3028.469,1418.953,B0018,72,24,1.523845267514426,0.8262922443369173,0.8175245902096678,0.8840993319194216,0.7168123576683781,0.9884464999674337,0.8267409731085484,Degrading
1.5183768305986294,5.31135421344108,3.484377015629623,2.342731326096539,4.185269759332432,0.2568306177070208,-1.8085351614741645,31.261679783387308,37.99328509003338,14.551558938300936,3012.937,1374.187,B0018,73,24,1.501192099426124,0.817744007267164,0.8070453540853619,0.8795650834845284,0.694197921528927,0.9857253443705195,0.8144508130584652,Degrading
1.5096010436591076,5.2803628593869165,3.4859116793558376,2.4198650452188226,4.18799771486628,0.2522875804459769,-1.8068041184926535,31.18408593575448,37.984838024989045,14.68710424437906,2998.875,1355.671,B0018,74,24,1.492417671450291,0.8130176791026213,0.8023363048860199,0.8754599713617196,0.6848441954967134,0.9861594985746225,0.8096903696736565,Degrading
1.500569701430284,5.244496336857901,3.484278753976679,2.438879997223475,4.187899339921793,0.2513746279293885,-1.8050190987020625,31.001432353085377,37.8288851383529,14.729454479562222,2983.547,1334.859,B0018,75,24,1.483323851940123,0.8081537179064485,0.7968864875304031,0.870985276537483,0.6743305993537866,0.9856975462874612,0.804756644871418,Degrading
1.4980676096761723,5.233848539131304,3.4829886521206714,2.430465824271706,4.1882916128809375,0.25328404675617033,-1.8118563821702207,30.981374033120872,37.844837975501,14.797914717972414,2966.86,1327.016,B0018,76,24,1.4807376792294196,0.8068061798669286,0.795268584573612,0.8661138495716665,0.6703685517586986,0.9853325782915807,0.8033535529768181,Degrading
1.4841410719916859,5.184594156812654,3.483799876979844,2.4907267597860656,4.187409532380725,0.2485402540522564,-1.8021525551783737,31.088687926688607,37.8984610468502,14.782900739629458,2954.797,1308.547,B0018,77,24,1.4735077809902477,0.7993058396984217,0.7877845195270714,0.8625923044473994,0.6610385687122007,0.9855620726603254,0.7994310726350454,Degrading
1.4855137202884467,5.184025696875097,3.4787540756450497,2.367832802864477,4.188656943531829,0.2586825720615871,-1.8092953592546854,31.336420133762665,38.27784043980244,14.853740541450641,2945.735,1309.188,B0018,78,24,1.46801928526661,0.8000450994764566,0.7876981436362622,0.859946839644605,0.6613623826237718,0.9841346225778415,0.7964533659136381,Degrading
1.475514336578935,5.143092444572583,3.475219435178451,2.3532703553328904,4.188198669984733,0.25928028571553985,-1.8000309691416814,31.225999871035654,38.24434303919528,15.033328045937427,2941.375,1287.922,B0018,79,24,1.458092355711902,0.7946597854094642,0.7814784509231029,0.8586740271815524,0.6506194393422284,0.9831346777740687,0.7910676488890837,Degrading
1.4653796800291685,5.100003063843969,3.470739535801023,2.362897904778893,4.184528192003684,0.25826458177370376,-1.7981302589297095,31.037323488688802,38.06956259266949,15.130338938395269,2923.953,1255.219,B0018,80,24,1.44786609888914,0.7892016181796502,0.7749311405517779,0.8535880320596937,0.6340988678132004,0.9818673205573404,0.7855195360346214,Degrading
1.4703012779583515,5.121551164390262,3.474600910003521,2.420200016704328,4.1927676322495895,0.25673839160569434,-1.8058248446047425,30.811349225731828,37.81744565252647,15.101847724989106,2921.031,1259.187,B0018,81,24,1.4527808777541982,0.79185221658952,0.7782053139050145,0.8527350141658772,0.6361033820115057,0.982959697874269,0.7881859806849626,Degrading
1.4531734031984378,5.059619502079388,3.4740521567700093,2.472605886588914,4.187873640279204,0.2518312779304581,-1.795955865281378,30.932223179746046,37.90256777035479,15.085701107471497,2902.75,1237.985,B0018,82,24,1.4425356364492432,0.7826277496061691,0.7687949717718747,0.84739825163444,0.6253927696041286,0.9828044563583103,0.7826275680647585,Degrading
1.4499567488415788,5.049789644008488,3.475075728648004,2.483165462226557,4.1880559282136725,0.25152621540312803,-1.7951057003644757,31.215527070380897,38.16628336469349,15.010925992316306,2897.875,1240.797,B0018,83,24,1.4392712877203313,0.7808953734458096,0.7673013524483202,0.8459750954974259,0.6268133073878068,0.9830940233992471,0.7808565412405533,Degrading
1.44632484784763,5.034175685720205,3.472424307596416,2.434198683008624,4.188063095530185,0.2553873265325528,-1.7940097981352856,31.400797084337558,38.36789486715962,14.995504907303491,2892.094,1231.032,B0018,84,24,1.4286475681888218,0.7789393601473069,0.7649288553432406,0.8442874512660251,0.6218803232279144,0.9823439401225453,0.7750927905430571,Degrading
1.4356540034119742,4.993332375256747,3.471751102262539,2.497859027600416,4.185913481526783,0.25003502675471406,-1.7841592631620102,31.259213269721236,38.19823604401131,15.0862269749469,2886.921,1209.109,B0018,85,24,1.4249026750004896,0.7731924211043176,0.7587228290398952,0.842777300148738,0.6108054833162586,0.9821534912828844,0.7730610510320244,Degrading
1.487576745413541,5.187481521269171,3.4745407296058963,2.374740845794832,4.187259539606346,0.2600894900799881,-1.8136320536623207,31.134701292957466,38.09998280757164,14.984187644177872,2942.531,1298.422,B0018,86,24,1.4698115324524124,0.8011561717734583,0.7882232464461472,0.8590114976419397,0.6559237233851234,0.9829426729246418,0.7974257245999359,Degrading
1.4703830810471699,5.1221188276823,3.471720060423485,2.3589340839760866,4.187670932765983,0.26107470269964445,-1.810960446087532,31.246879695988095,38.21452378284136,14.949460831569791,2912.469,1264.75,B0018,87,24,1.4525819651050202,0.7918962728371582,0.7782915687477747,0.8502355140950844,0.6389136422144224,0.9821447095903884,0.7880780634044809,Degrading
1.4536810849575432,5.060033692118151,3.4713984098288235,2.4413266342198545,4.187836103953847,0.2549764345163562,-1.800802328247715,31.027558674438325,37.93969653616424,14.91265192232854,2895.594,1231.032,B0018,88,24,1.442834198908794,0.7829011690286346,0.7688579067848788,0.8453092043900353,0.6218803232279144,0.982053715090721,0.7827895489584915,Degrading
1.4462893823056984,5.022300921299245,3.4626491088970703,2.311419659807122,4.18719517574786,0.2644348065790667,-1.798647877727257,30.931917385258963,38.06666733482501,15.277643809562523,2884.406,1211.219,B0018,89,24,1.428376058807949,0.7789202596619764,0.7631245182435719,0.8420430975467708,0.6118713918239261,0.9795785501945953,0.7749454869194308,Degrading
1.4264176048518038,4.9527151153476305,3.466072725920186,2.495315923820125,4.183339938829854,0.24999022482858319,-1.7804067367547436,30.667082236656018,37.63260475617888,15.153251424865218,2873.766,1174.719,B0018,90,24,1.4154547844370715,0.7682180238275015,0.7525511504833462,0.8389369680497798,0.5934326901510054,0.9805470866227618,0.7679352299235834,Degrading
1.4655128975864355,5.104973777048253,3.4730670533412877,2.4398479869382084,4.192209704853633,0.25755912484066074,-1.8167125180994765,31.226789107710772,38.18223603956323,15.028439483813429,2893.375,1253.484,B0018,91,24,1.454576670077708,0.789273364439816,0.7756864264613217,0.8446614129094128,0.6332223980213505,0.9825257719874281,0.7891602627362243,Degrading
1.4463198777324933,5.029370769948745,3.4668548162926327,2.376538319699514,4.186622455926472,0.25997402118722357,-1.7981268087177564,31.387733116648285,38.3907466519188,15.090759234187896,2884.9839999999967,1217.031000000003,B0018,92,24,1.4283179548274056,0.7789366834192467,0.7641987618879189,0.8422118327769634,0.6148074393341472,0.9807683388862943,0.7749139634160672,Degrading
1.437810954295102,4.99664901659965,3.46527367520258,2.3722299202290382,4.186945959000922,0.2606232704196867,-1.7964439222994821,31.505666838292886,38.51622654624205,15.07640864872127,2870.234,1209.484,B0018,93,24,1.4197026883204058,0.7743540784894293,0.7592267833760951,0.8379058731829215,0.6109949220320763,0.9803210363014996,0.7702398708638724,Degrading
1.4337414197189928,4.980060322357597,3.4638878223448684,2.361475505115684,4.18744003081614,0.2619815198121017,-1.795371462470329,31.5462258449116,38.56612180540248,15.041973554557451,2864.11,1199.969,B0018,94,24,1.4155606630306516,0.7721623712367127,0.7567061778806996,0.8361180971453678,0.6061882303493957,0.9799289804822565,0.7679926728761941,Degrading
1.4238717148442503,4.936217773407197,3.457807923440064,2.317937855025735,4.1845980039811215,0.2643751106331802,-1.7937175263130196,31.389977882297476,38.5606541602861,15.385497420673612,2846.64,1164.015,B0018,95,24,1.405680035419228,0.766846897599227,0.7500444257135895,0.8310180894092368,0.5880253514467056,0.9782089856554069,0.7626320763244748,Degrading
1.4266178152637665,4.9486377130772095,3.459813554486507,2.3372859753156225,4.186742025132256,0.26461246605949673,-1.8014517734888207,31.385433749863733,38.53842073636507,15.248352625558194,2839.532,1179.375,B0018,96,24,1.4084461071166137,0.7683258500675202,0.7519316006610518,0.8289430547791042,0.5957847612465977,0.9787763758502874,0.7641327699024486,Degrading
1.4150455123558539,4.905089924959734,3.458027727779737,2.35288102649522,4.1871520936423146,0.26299515484071223,-1.7915215753378781,31.423707199142058,38.548873480234754,15.291728606217944,2832.703,1156.844,B0018,97,24,1.3968547782872414,0.7620934174048755,0.7453146365745739,0.8269494684694284,0.5844027780303628,0.9782711679931524,0.7578440562907001,Degrading
1.4047040699628581,4.871210995401165,3.4613996718507845,2.4646122144537173,4.187096292904282,0.2549409261122887,-1.7816941240706174,31.435368910968148,38.45838357496903,15.201952267127837,2827.077999999994,1147.203,B0018,98,24,1.3935670371440676,0.7565238826405464,0.7401668283880221,0.8253073652344103,0.5795324349391674,0.9792250862160433,0.7560603382387551,Degrading
1.4005339859991692,4.85602421757352,3.4611285476693214,2.4684655225527004,4.187367312766795,0.2550970840878703,-1.779737998541223,31.542375291159843,38.54382874673793,15.12584409685326,2821.531,1130.234,B0018,99,24,1.3893644292809475,0.7542780230473365,0.7378592401540627,0.8236880324975879,0.5709602067559403,0.9791483855674221,0.7537802720217849,Degrading
1.3971185426968138,4.836799505382692,3.455556822823358,2.409292353940073,4.18534593452204,0.2595850489683989,-1.7856528650965158,31.52669677306915,38.650883957434026,15.39616489259485,2805.156,1112.484,B0018,100,24,1.378565141566671,0.7524385861984741,0.7349380991354554,0.8189076875245402,0.5619934408739035,0.9775721524652379,0.7479212692581099,Critical
1.3961170643407488,4.837597749616141,3.459598362944341,2.477625480372779,4.186646524222555,0.2549386328393227,-1.7784070647657095,31.435921914290375,38.45654834997334,15.181244811533979,2814.906,1118.468,B0018,101,24,1.384901110085747,0.7518992254103113,0.7350593901046022,0.8217539997985687,0.5650163776084449,0.9787154984664522,0.7513587605117921,Degrading
1.3888555006503243,4.801959307005145,3.4506569891269216,2.335608852853518,4.184730834033599,0.26403237252573614,-1.7778412667349817,31.475238112886494,38.6564130442344,15.474580543457677,2801.156,1105.219,B0018,102,24,1.3703251814242443,0.7479884042810846,0.7296442288518925,0.8177399696685287,0.5583233814861291,0.9761859964218152,0.7434507939337764,Critical
1.3845597754906631,4.791996885956024,3.455515243082573,2.441999086782534,4.187175976285891,0.25753346472332,-1.7764462760420034,31.5817445550721,38.655587491253975,15.30838582844645,2794.187,1108.484,B0018,103,24,1.3733464385229082,0.7456748787876833,0.7281304669561431,0.8157055132338924,0.5599727612385149,0.9775603896152018,0.7450899347881721,Critical
1.3791885086643703,4.77302365864157,3.455840338587253,2.465168783147216,4.186108406696249,0.2560472901892914,-1.7752748972563315,31.647958536134297,38.6997087046862,15.254041287177,2785.391,1097.297,B0018,104,24,1.3679487285504814,0.742782104629043,0.7252475383581245,0.8131377016685228,0.554321425468242,0.9776523586750557,0.7421614826084829,Critical
1.3752982553116473,4.750961708945498,3.448678293668265,2.370892032033162,4.183460397462309,0.26190564612415446,-1.774201326872465,31.662032275252905,38.87481687744787,15.57657947436375,2779.5,1074.156,B0018,105,24,1.3567141087089647,0.7406869518963146,0.7218952870698896,0.8114179451960817,0.5426312886076102,0.9756262262667373,0.7360662964775248,Critical
1.4717278734960382,5.131234928239601,3.4745031786447553,2.461879783248223,4.187091541628412,0.2562696911093872,-1.8196650877007408,30.434500875864142,37.36397452607736,14.908548827725816,2899.234,1269.109,B0018,106,24,1.4604310209194575,0.7926205304416731,0.7796767346219554,0.8463718276390058,0.6411156778470871,0.9829320498106859,0.792336459043689,Degrading
1.4614303196983558,5.096374964096336,3.474031881945217,2.424706636890725,4.18736921126964,0.25813961239512057,-1.8096836854216038,31.017997058077018,37.88258787662229,14.81199369682109,2894.922,1260.172,B0018,107,24,1.4500998937104097,0.7870746325210324,0.7743798609858104,0.8451130277902253,0.6366009743717203,0.9827987206389662,0.7867314502254065,Degrading
1.4494867113731604,5.054604493835168,3.474404210386772,2.444722297403138,4.187597633155394,0.2560558945441953,-1.7993287687468957,31.39483761465523,38.15898073660424,14.674572405254509,2888.25,1250.296,B0018,108,24,1.4381406901824496,0.7806422279056221,0.7680329553554295,0.8431652744063979,0.6316119163519459,0.9829040518300585,0.7802431513324118,Degrading
1.4404152734388345,5.017306862379234,3.471767043833224,2.443569395327192,4.187608979498198,0.25752330438826654,-1.7959419603883284,31.24511885640641,38.05243159675446,14.708005118634851,2873.906,1225.297,B0018,109,24,1.4283681980964316,0.775756672581937,0.7623656850180972,0.8389778381747401,0.6189831738006761,0.9821580011307518,0.7749412222001526,Degrading
1.4262208080269578,4.960985956438694,3.4685305272975935,2.4666000274194886,4.186194120124063,0.2544729699855063,-1.7956017209600372,31.05306925187263,37.89096376444466,14.82453784517373,2847.406,1190.141,B0018,110,24,1.4147874517552432,0.7681120360246558,0.7538078815558152,0.8312417073786631,0.601223420485246,0.9812423951666628,0.7675731778947302,Degrading
1.4259309587919566,4.955180573153327,3.4651213646662598,2.4272514813701016,4.186991375693876,0.25922497389969,-1.7929541659933774,30.88589263299332,37.81203585126145,14.93014092769656,2849.281,1177.609,B0018,111,24,1.413889163393182,0.767955933487949,0.7529257698718904,0.8317890751236686,0.5948926311875736,0.9802779478655491,0.7670858240862993,Degrading
1.4102764228329383,4.899462782524242,3.465287985947589,2.4762628371779,4.185443351643291,0.2534224673361877,-1.784474211719448,31.053992379018933,37.9591954678784,15.02178948954511,2833.688,1155.781,B0018,112,24,1.3989331662177225,0.759524954623507,0.7444596080871406,0.8272370189914713,0.5838657824172582,0.9803250847910829,0.7589716566427659,Degrading
1.4142125426377823,4.911291222675439,3.461799526154992,2.3607989727330003,4.186308413669027,0.26298480955619646,-1.793581043096934,31.492840068071885,38.52104349883516,15.082237607521993,2826.453,1172.109,B0018,113,24,1.3953322584033976,0.76164480940358,0.7462569063441357,0.8251249093194102,0.5921141966889143,0.9793382044348655,0.7570180343859964,Degrading
1.4089576133203328,4.894933969131982,3.463260140320492,2.377011586588198,4.187179397572641,0.2619734430620895,-1.7920645354970144,31.93832684630049,38.87868799770175,14.975788027330516,2818.312,1173.781,B0018,114,24,1.390046129540245,0.7588146905086134,0.7437714676128162,0.8227483115529625,0.5929588407765067,0.9797514101226604,0.7541501189791858,Degrading
1.3975549065278088,4.851100969455625,3.462839429201602,2.456756319667845,4.1854460754417,0.2556416201337189,-1.7809541104468565,31.74562722135923,38.65118899876309,15.01315207541225,2812.7189999999973,1136.563,B0018,115,24,1.3860271454209647,0.7526735963096622,0.7371111664310747,0.8211155500607935,0.574157427109034,0.979632391540375,0.7519696752605783,Degrading
1.4072322562346335,4.878180320767214,3.4569152237960306,2.3277314025979847,4.193052368415502,0.2676082970326924,-1.7989851707207014,31.31018499405759,38.434235278537344,15.2954492630574,2803.5,1138.719,B0018,116,24,1.388215260193751,0.75788547426348,0.7412257978018009,0.8184242523321514,0.5752465734325083,0.9779564421849136,0.7531568063788691,Degrading
1.3877211092397208,4.807764422058816,3.4574690175816127,2.4537913827403948,4.186241953638429,0.2574394360571047,-1.7873231599598716,31.127360345471814,38.10387572433,15.068254076524394,2783.25,1115.234,B0018,117,24,1.3761826562394497,0.7473774612271454,0.7305262997787647,0.8125126806860926,0.5633826581232332,0.9781131096659453,0.7466286851094209,Critical
1.3837976168563093,4.78507107955609,3.4502191781217797,2.3475608877759067,4.186011006323472,0.26493801889138324,-1.7861666392556754,30.985550813719595,38.12742842632319,15.292181226000832,2776.391,1090.813,B0018,118,24,1.3647168898640163,0.7452644071292189,0.7270781101270285,0.8105103364924967,0.5510459037792772,0.9760621403058218,0.7404080936538837,Critical
1.3781091562564942,4.762224272485913,3.4486728051793962,2.3558347560196564,4.18675624032869,0.2645712379606562,-1.7849995504167617,30.899653280757406,38.03962943213698,15.35656267519499,2766.516,1078.86,B0018,119,24,1.3589854739373584,0.7422008036334778,0.7236066019653227,0.807627533035468,0.5450076078588272,0.9756246735809758,0.7372985939681158,Critical
1.3657649563295684,4.712325611700394,3.444632719716698,2.379110236294476,4.1831553230638425,0.26235097271168484,-1.7783310205058362,30.706123644966482,37.85657903247749,15.504040125041389,2751.516,1050.844,B0018,120,24,1.34623087640088,0.7355526545631502,0.7160246406154047,0.8032485910754243,0.5308547676925658,0.974481739100539,0.7303787651615363,Critical
1.4385108164367428,5.003438100580106,3.467272639213176,2.444740635238248,4.191989955143364,0.2597087050137913,-1.809775952165901,30.47122187456595,37.43017193410286,15.062436734792218,2848.859,1205.265,B0018,121,24,1.4268427818454643,0.7747309994623437,0.7602583656175989,0.8316658808898594,0.6088636101866503,0.9808865404013403,0.7741136289119066,Degrading
1.4180955046498755,4.929196081282564,3.464490491162134,2.431867772331712,4.185628679672912,0.2578119687917207,-1.7896694300229212,30.939221783021114,37.8264149292754,14.919485145768892,2840.016,1180.406,B0018,122,24,1.4064481483279665,0.763736035278374,0.7489774993179328,0.8290843486396817,0.5963055914226191,0.9800994746408322,0.7630488052582881,Degrading
1.4127323683091475,4.904580986751945,3.459667012281024,2.344037291947413,4.186834478731371,0.26514702115159183,-1.79700972481249,31.111640631561894,38.08307173716899,14.965254630975082,2817.375,1156.031,B0018,123,24,1.3934907492075153,0.7608476399114228,0.7452373048434171,0.8224747736451918,0.58399207489447,0.9787349192669967,0.7560189492839535,Degrading
1.399914051011675,4.860076974237913,3.462241956955771,2.456436863057259,4.186613091061155,0.2565546711445496,-1.7861513769566686,31.037910219908994,37.88279649093536,14.838625454208053,2809.234,1145.0,B0018,124,24,1.3882493512249316,0.7539441480100583,0.7384750451457462,0.8200981758787441,0.5784195456299772,0.9794633674845303,0.753175301991838,Degrading
1.389601350100692,4.81467859373672,3.4555661695067355,2.395547668334432,4.183907160253637,0.2603308765642147,-1.784162084841115,30.967950840538833,37.96027066990377,15.12600595625377,2791.187,1121.312,B0018,125,24,1.3701878338420928,0.7483900923904331,0.7315768887445466,0.8148297248418837,0.5664530808292061,0.9775747966287855,0.743376277920804,Critical
1.3914392566722555,4.8237630773010505,3.458696199585801,2.453674917297921,4.18533882899107,0.2573622425302024,-1.7845257009241222,30.93996203578424,37.880513353762176,15.031179017254452,2794.016,1122.344,B0018,126,24,1.379695166560862,0.7493799238041675,0.732957250505452,0.8156555932955479,0.5669744161751364,0.9784602777244699,0.7485343485406661,Critical
1.388301014125375,4.807499535240099,3.4525282614097663,2.3062728144586413,4.185280284017658,0.268153663797996,-1.7920667435100546,31.295019295352862,38.43416278222213,15.254241471146369,2774.719,1111.781,B0018,127,24,1.3686586323935683,0.7476897774687216,0.7304860509706805,0.8100222304286838,0.561638306427984,0.9767153767119343,0.7425466310264744,Critical
1.3821490604790951,4.7901014992445115,3.4552290080443044,2.3471092023857154,4.186281579801858,0.2647639387319315,-1.7827798732717042,31.81846533166901,38.847489737859576,15.128331073499254,2777.844,1113.844,B0018,128,24,1.3627371779096438,0.744376553026771,0.7278424682691321,0.8109345100036929,0.5626804719499356,0.9774794141264982,0.7393340285748864,Critical
1.3752487691432111,4.771916539291851,3.4619744219744675,2.4884289104730986,4.185356132672309,0.2545420008137018,-1.7725212915953121,32.00067162597675,38.80283421497622,14.753148610788184,2781.125,1113.969,B0018,129,24,1.3634051133928071,0.7406603003979081,0.7250793146826356,0.8118923305750864,0.5627436181885416,0.979387682215573,0.7396964076451872,Critical
1.363688879697047,4.718599701675222,3.452221905520614,2.3992178234155577,4.181406543107895,0.25988652157311093,-1.769870119236631,31.73992229230571,38.72699121838442,15.164102926775708,2760.906,1076.281,B0018,130,24,1.3518646035305233,0.7344345531862987,0.7169779709642797,0.8059898087424117,0.5437047746639104,0.9766287090628882,0.7334352651544697,Critical
1.3743824908837,4.751380592195276,3.4476500494421916,2.278633888650029,4.185252405343103,0.27085690569915755,-1.7884847819526568,31.52613649688221,38.67191958148309,15.27044253111432,2753.25,1079.141,B0018,131,24,1.3547969729652622,0.7401937535953849,0.721958935203125,0.8037547967660054,0.5451495606032133,0.9753353374251176,0.7350261812479023,Critical
1.3606817861369576,4.701544010660767,3.447928507599004,2.365584676338373,4.185763363191996,0.26405515941435304,-1.77774044867741,31.27624493654335,38.371813640118894,15.248230702175015,2742.843,1066.187,B0018,132,24,1.341051440640485,0.7328150390521918,0.7143864066210284,0.8007166868341271,0.5386055896040074,0.9754141128450234,0.727568734607918,Critical
1.899306877122896,6.2786259393082995,3.400080836543819,1.9182683747066007,4.196965327364252,0.27725912189293783,-1.0680263652396946,33.13281956573637,41.81748104839704,15.302339969601562,6515.422000000006,697.922,B0025,1,24,1.847011162956716,0.9995861906178831,0.9976988365634458,1.0,0.9646468555632343,0.9980465394632035,0.9999458537035051,Healthy
1.900736619009313,6.293107407977846,3.4067357604110753,1.8939610306669548,4.202556431495687,0.27504124242867545,-1.0683949803553137,32.848310333012144,41.50441060959557,15.286520111707976,6516.219,723.5,B0025,2,24,1.8485654344528384,1.0003386494559068,1.0,1.000122325154072,1.0,1.0,1.0007873144208237,Healthy
1.900093153496709,6.294175164454346,3.407792325190085,1.82462740970999,4.202713117217314,0.27783293248964874,-1.071886802134967,33.07297579198606,41.67077619357013,15.24756274777964,6489.5,746.593,B0025,3,24,1.847111177186175,1.0,1.000169670785397,0.9960214395936279,1.0319184519695923,1.000310139926697,1.0,Healthy
1.8910335499955715,6.279711484689263,3.425685226676254,1.9612044915457985,4.203084581094102,0.264581610677064,-1.069881568315977,33.12836651135456,41.58349706133725,15.02619552085116,6471.25,752.063,B0025,4,24,1.8489837601535537,0.9952320213961798,0.9978713340770886,0.9932203930919584,1.0394789219073945,1.00556235282037,1.001013790068788,Healthy
1.8902914164284745,6.268647960586327,3.4102415310941074,1.7869386268841287,4.200058863569411,0.27783809926515024,-1.0696478002906964,33.20066590827124,41.82908827830225,15.207537246433333,6466.672,756.609,B0025,5,24,1.837012071856044,0.9948414439312112,0.9961132957367751,0.9925177524955396,1.0457622667588113,1.0010290703270186,0.9945324864822076,Healthy
1.8610013753615586,6.170968361051775,3.3956511580583038,1.9399607811955053,4.178122904439056,0.27340057475515217,-1.0609975004031984,32.8030291471027,41.15307253815554,14.766113354847032,6410.672,678.281,B0025,6,24,1.817549211247137,0.9794263886151001,0.9805916157141648,0.983922760490417,0.9374996544574982,0.9967462688237864,0.9839955676170659,Healthy
1.8941158612972835,6.287022721279135,3.3987545550856617,1.7632585904014149,4.198227921922519,0.2840299375934012,-1.070055639766417,32.70663040910488,41.167510218490015,14.980109689260242,6474.156,746.703,B0025,7,24,1.839863822522073,0.9968542109693803,0.9990331188863871,0.9936664117842242,1.0320704906703524,0.997657227948771,0.9960763841648436,Healthy
1.88589611085956,6.264299992030522,3.4107861698937034,1.7411634552856723,4.201052747751877,0.27929907379420843,-1.0673189298080559,32.88774741633189,41.40744159178738,14.825195951102742,6460.75,752.531,B0025,8,24,1.8430595619731431,0.992528238622921,0.9954223860996231,0.9916088320909979,1.0401257774706287,1.0011889414875368,0.997806512535318,Healthy
1.872090999525677,6.234497834646633,3.4362212866947472,1.990361763373611,4.2014816169511375,0.2573254249297992,-1.0619524466901569,32.85054388832057,41.089112912518665,14.559426703758966,6448.907,755.829,B0025,9,24,1.8401871729536057,0.9852627467661256,0.9906867037964562,0.9897911447639146,1.0446841741534207,1.0086550670076373,0.9962514415385016,Healthy
1.872417822327718,6.232385391577532,3.429899192703782,1.8524105657072527,4.201461223125712,0.26418077495235187,-1.0617949104462785,33.21344988692114,41.56081694228564,14.784396647288624,6447.125,760.344,B0025,10,24,1.8281265632888255,0.985434750334182,0.9903510281227147,0.9895176398397516,1.0509246717346235,1.0067993040616428,0.9897219971749237,Healthy
1.8692470101955685,6.2079106440720775,3.406197718925981,1.7970500760271888,4.190430872833885,0.2745339232441811,-1.0616392954595641,32.54793058844526,41.027186904575295,14.873873546449179,6431.219,743.484,B0025,11,24,1.8253563336445804,0.9837659836601301,0.9864618926100381,0.9870763551462967,1.0276212854181064,0.9998420653895889,0.9882222338263714,Healthy
1.8667239047524702,6.217881838042187,3.431364532702854,1.9099130781506344,4.197641122625931,0.26084605518510945,-1.0590758191027096,32.95568065114475,41.20659187421087,14.6273053119248,6442.203,767.875,B0025,12,24,1.8214180552626156,0.98243809853068,0.9880463553124336,0.9887622014353015,1.061333794056669,1.0072294342807517,0.9860901053272281,Healthy
1.863072443884466,6.211923003444363,3.437199999112006,1.934448897147264,4.200877212432817,0.25890024568647385,-1.0596169539874956,33.31259035127085,41.45812420664237,14.466033183492446,6427.079,771.704,B0025,13,24,1.830315627968932,0.9805163712399497,0.9870994726022688,0.9864409396659178,1.0666261230131306,1.0089423544540639,0.990907125989661,Healthy
1.8624200357654686,6.205689445767218,3.4349851634526334,1.8425883947903756,4.20189282071032,0.26292297600879183,-1.0597552847363263,33.27639301328207,41.50830652935,14.538413312191953,6417.156,776.297,B0025,14,24,1.8175491643824844,0.9801730153798454,0.986108935293269,0.9849179377790102,1.0729744298548722,1.0082922201862081,0.9839955422452024,Healthy
1.8551703107967716,6.178999919838884,3.4358715577304486,1.828585254411004,4.200832471783116,0.26274880217833135,-1.059854592361014,33.13052620279671,41.36968179986157,14.52884053893979,6398.907,778.329,B0025,15,24,1.810901200296979,0.9763575577243323,0.9818678626088113,0.9821170447593409,1.075782999308915,1.008552408924095,0.9803964280350699,Healthy
1.852206578318976,6.170176607720049,3.437200278486185,1.8355395996102943,4.200683407820828,0.26205074239450227,-1.0604451363745762,33.262538649813465,41.46226760798129,14.582457481687086,6384.75,760.703,B0025,16,24,1.8083032603084237,0.9747977749987636,0.9804658029351356,0.9799442000840458,1.0514208707671042,1.0089424364604767,0.9789899398817618,Healthy
1.8258770885686126,6.075560186232966,3.388736246577245,1.949278391612896,4.176908127442872,0.2795553328013125,-1.061164896269225,33.4559068625216,41.32045149274522,13.926565682085826,6284.063,720.953,B0025,17,24,1.7928016149381063,0.9609408281949137,0.9654308741864007,0.9644905579408355,0.9964796129923981,0.9947164925313555,0.9705975672071878,Healthy
1.857822403558235,6.187878128523069,3.3997812429989795,1.7363301713780446,4.198430576015103,0.2871263289207327,-1.0644657893096274,33.359161719231366,41.29100352861782,14.012767788459541,6370.937000000005,783.609,B0025,18,24,1.812563150045885,0.9777533275878165,0.9832786455668345,0.9778241532167832,1.0830808569454042,0.9979585979362084,0.9812961842432683,Healthy
1.8518514950323628,6.168708254843612,3.4092528162288933,1.7105280581137303,4.201378297006623,0.28165195423195305,-1.0636693462251967,33.19907517017467,41.08913600776219,13.929155306842862,6359.812,771.297,B0025,19,24,1.807772607491239,0.9746108982206647,0.9802324757755553,0.9761166659657646,1.066063579820318,1.0007388468008198,0.978702651913534,Healthy
1.8485389222078412,6.153324299023276,3.413290161572333,1.6755342791432477,4.201267329262803,0.2804586847639107,-1.063944284256531,33.10915637159371,41.02067280816404,13.988522907160732,6346.156,775.406,B0025,20,24,1.8048055175003967,0.9728675243137457,0.9777879035121242,0.9740207157725155,1.0717429163787144,1.0019239534916164,0.9770963111434228,Healthy
1.8448699327129292,6.139210666394224,3.418321145613461,1.6704419000715314,4.201007650907643,0.27766750217058994,-1.0644931821377202,32.8730319628199,40.73588950026045,13.863350414089627,6328.172,778.781,B0025,21,24,1.800538555899242,0.9709365718821978,0.9755451906972816,0.9712604954828703,1.0764077401520387,1.0034007290312965,0.9747862381744231,Healthy
1.8384972036625267,6.120094429146467,3.422800244593675,1.7016507714607274,4.200640308563649,0.27305443339894786,-1.0611486398597036,32.8903015920882,40.76227622359968,13.94231090428114,6326.062,759.328,B0025,22,24,1.7942356098033032,0.9675826683966371,0.9725075439500606,0.9709366484626774,1.049520387007602,1.00471550637102,0.9713739118489767,Healthy
1.840323047890843,6.129194541192513,3.4103062616510487,1.8891035060983297,4.199028873312285,0.27291746817701595,-1.057828326267502,32.07013291213046,39.71112605386658,13.560102630185291,6352.843,765.093,B0025,23,24,1.807409052434889,0.9685435919308103,0.9739535882420283,0.9750470499071271,1.057488597097443,1.001048071083606,0.9785058283217327,Healthy
1.8360334702562817,6.113116980737732,3.4104689136383888,1.756482386846181,4.200691577023061,0.27717989671469156,-1.0619681305424282,32.18349666127279,39.797043058510575,13.55493192200494,6309.172000000006,768.75,B0025,24,24,1.7902504816962077,0.9662860301756578,0.9713987994211034,0.9683443374811332,1.062543192812716,1.0010958153170244,0.9692164195678861,Healthy
1.8299155346161988,6.0946366082617605,3.4208452515825636,1.8323981556137667,4.199965507353377,0.2693278914951572,-1.0623591353414312,32.133961271398654,39.64019141128942,13.404737468305036,6284.297,748.485,B0025,25,24,1.7961223845359495,0.9630662219105608,0.9684621941356854,0.9645264727288568,1.0345335176226675,1.004141645306176,0.9723953851397835,Healthy
1.825654365921412,6.0824703958060145,3.426965494192803,1.89712686584404,4.200628533399999,0.264703594202633,-1.0638074812423732,32.19734869129393,39.75344188854835,13.556812990015313,6265.969,750.875,B0025,26,24,1.7912236690350776,0.9608236114959372,0.966528934194766,0.9617134546311803,1.0378369039391846,1.0059381575808763,0.9697432894991007,Healthy
1.8193838062530778,6.06272293196236,3.4343195510923628,1.9934958310371556,4.200021709929957,0.25849401157505136,-1.0603658561835867,32.128660226085096,39.57317189988566,13.402641053067377,6266.641,754.172,B0025,27,24,1.7854822365303245,0.9575234787330805,0.9633909830104878,0.9618165945352417,1.0423939184519697,1.0080968389159595,0.9666349587306737,Healthy
1.8022652658346066,5.991129706474306,3.379891621690332,1.9679550948765452,4.179880908916163,0.28344367779615787,-1.0606190479243294,32.16680073898097,39.45687787991913,13.156833636996463,6198.75,688.891,B0025,28,24,1.7677890780323615,0.9485141623282672,0.9520145324199107,0.9513965480670314,0.9521644782308223,0.9921202756513454,0.9570561316863179,Healthy
1.8657749915819217,6.143965302907829,3.404890220315493,1.98069037313681,4.185453870728775,0.26717533811209604,-1.0495360191773455,32.764485625071856,40.711455499237935,14.292115968704039,6515.422000000006,598.266,B0026,1,24,1.8132504303869896,1.0,1.0,1.0,0.9605390755951729,0.995980501496228,0.9998428554708935,Healthy
1.8675600826664929,6.161027208339466,3.418631404129339,1.9296821070764223,4.191986600147927,0.2630985626633311,-1.0501897262481417,32.560591865941106,40.56984371986605,14.224023076401213,6516.219,622.844,B0026,2,24,1.8149760087078304,1.0009567558213746,1.0027770185198739,1.000122325154072,1.0,1.0,1.000794355124077,Healthy
1.855294676068746,6.141765672027962,3.4453022579697716,2.169258771295841,4.19141376026019,0.24623493389769568,-1.0474152615120336,32.70948277164228,40.42073541309615,13.565029571113925,6489.5,645.531,B0026,3,24,1.8135354175561995,0.9943828620490354,0.9996419851396579,0.9960214395936279,1.0364248511665841,1.007801617281178,1.0,Healthy
1.856954614872837,6.135382587680705,3.4281919482774947,1.898741105703338,4.188502919522219,0.2601170374121666,-1.0511342688931857,32.89402601565415,40.839359753382105,14.105239810626934,6471.25,650.266,B0026,4,24,1.815149273310334,0.9952725399638859,0.998603065804577,0.9932203930919584,1.044027075800682,1.0027965998722785,1.0008898948090625,Healthy
1.8568831009070166,6.141653466725666,3.433945869545595,1.9095478812878095,4.191429313781171,0.25751446804904116,-1.051239794627214,32.88851048708752,40.762597974826,14.08483163554876,6466.672,654.156,B0026,5,24,1.81429130140682,0.9952342106014799,0.9996237224547689,0.9925177524955396,1.05027262043144,1.004479706527518,1.0004168012619457,Healthy
1.4294079748861592,4.620668214838591,3.2986715430208906,2.044256084427152,3.986547462246525,0.2320689462209439,-0.8176606997984733,31.60887613480477,39.78739652537364,13.495917748422876,6410.672,40.422,B0026,6,24,1.3863373424430123,0.7661202349347693,0.7520661310785253,0.983922760490417,0.06489907585205926,0.9649099750960136,0.7644390779591991,Degrading
1.8598931095481828,6.155796515416846,3.395711592779412,1.8584184081271529,4.1842030048921135,0.27611351202954765,-1.051071206615797,32.4909596779559,40.12859054534907,13.670458809406217,6474.156,663.813,B0026,7,24,1.8165277958816064,0.9968474858649746,1.0019256639524667,0.9936664117842242,1.0657773053926825,0.9932956178539043,1.0016500247507927,Healthy
1.8524345693634057,6.140629507915983,3.4209107644287986,1.9288388497995343,4.189253474215399,0.2625041134276123,-1.048981367462035,32.63416073863936,40.39287009990307,13.900089246593033,6460.75,689.75,B0026,8,24,1.8085638576011065,0.9928499297725042,0.9994570615510691,0.9916088320909979,1.1074201565721111,1.000666746434467,0.997258636414285,Healthy
1.8488748757763005,6.1315295168506125,3.4290052342029878,1.935441772448038,4.190404777859946,0.25827625191223197,-1.0490946281054965,32.646683898798194,40.37811271633581,13.946241494198972,6448.907,692.766,B0026,9,24,1.804936077644182,0.9909420396983174,0.9979759348492201,0.9897911447639146,1.1122624605840306,1.00303449797516,0.9952582453980384,Healthy
1.8380458491425073,6.103651511776652,3.4422746572295977,2.084244057146889,4.188068725985081,0.2482617070302753,-1.0429437842976168,32.95341147758712,40.6345527951007,13.9664235533828,6447.125,675.844,B0026,10,24,1.8049315924982108,0.9851380029400524,0.9934384735030817,0.9895176398397516,1.0850935386709994,1.0069159995054455,0.9952557722475679,Healthy
1.7623734175820003,5.809744614122309,3.391747147883427,1.896444377630184,4.137907749692748,0.2558930148459232,-1.002108129626011,32.14122281811957,40.0980220096873,13.844648359443003,6431.219,488.141,B0026,11,24,1.717679232699393,0.9445798263636007,0.945601794230944,0.9870763551462967,0.7837291520830256,0.9921359593744331,0.9471440238062867,Healthy
1.8436127397212996,6.123934153532748,3.433128893119263,2.039907733440496,4.186123854255208,0.2531849870337747,-1.046478428570111,32.73498021932445,40.34748376711444,13.86971255649041,6442.203,682.578,B0026,12,24,1.809804813280106,0.9881216910074287,0.9967397033694834,0.9887622014353015,1.0959052346976128,1.0042407288988255,0.9979429107146301,Healthy
1.8396622761080794,6.120286957641635,3.4445618404708633,2.1312634408664395,4.1900980869893365,0.2477561697377913,-1.0467914868488972,33.077725434853896,40.65512551876581,13.783041261370716,6427.079,707.204,B0026,13,24,1.806556213274488,0.9860043598013379,0.996146080894209,0.9864409396659178,1.1354432249487831,1.0075850342655261,0.9961516029882028,Healthy
1.8389015556482033,6.105274010284157,3.435084142217923,1.8782785619868927,4.18806162606315,0.25748189019039047,-1.0469850347811238,33.067457381369145,40.78648924035223,13.94013471229285,6417.156,689.953,B0026,14,24,1.7938155707698509,0.985596636220891,0.9937025535275468,0.9849179377790102,1.1077460808806057,1.0048126680368965,0.9891262962964783,Healthy
1.832590655908322,6.088259563039305,3.4457210478614795,1.9640553148703688,4.1883484559434,0.2504847856414371,-1.0475275600281526,32.902717226956746,40.64545029611132,13.923472639861135,6398.907,691.657,B0026,15,24,1.799304949381792,0.9822141813330535,0.9909332593655502,0.9821170447593409,1.1104819184258017,1.0079241194881143,0.9921531898210273,Healthy
1.8289959328800673,6.074168086585741,3.4449342432242034,1.9028600928182504,4.18723267594963,0.25228037433618306,-1.0476470565655591,33.04143942038261,40.753548433947245,13.984829573732604,6384.75,695.187,B0026,16,24,1.7842197448470132,0.9802875165184465,0.9886397118341383,0.9799442000840458,1.1161494692089833,1.0076939675517793,0.9838350702029904,Healthy
1.7149115956099557,5.655747568639813,3.348388974288582,2.066791178782658,4.116319031433004,0.2696805904240787,-0.99787222854682,33.28920270851618,40.90407080657346,13.623456971349352,6284.063,414.719,B0026,17,24,1.6818819918515189,0.9191416989440647,0.9205370293942007,0.9644905579408355,0.6658473068697779,0.9794530554666082,0.9274050981137781,Healthy
1.8346155755516698,6.108905526404065,3.4115903895548496,2.1735697218309302,4.182977160580856,0.2620166870308179,-1.05175253436239,33.31828122927918,40.76016987388447,13.5820046085529,6370.937000000005,693.797,B0026,18,24,1.8007519383961936,0.9832994781413417,0.9942936239423145,0.9778241532167832,1.1139177707419514,0.9979403996096261,0.9929510727850951,Healthy
1.8412337638914786,6.119573283810624,3.4077180188358045,1.869998135001252,4.188680037627242,0.2724948959823716,-1.0581306387784024,33.24546150252619,40.86760057065783,13.830454148632246,6359.812,705.0,B0026,19,24,1.795972684272296,0.9868466305952384,0.9960299223881259,0.9761166659657646,1.131904618170842,0.9968076741820273,0.9903157483918512,Healthy
1.8379049590905638,6.106363405679614,3.416993809879986,1.834360851438286,4.189566172290167,0.2684665308541439,-1.0584303641401285,33.19381621015531,40.8457724786952,13.932961056924295,6346.156,686.609,B0026,20,24,1.7931026940553298,0.9850624900552837,0.9938798649773594,0.9740207157725155,1.1023771602520054,0.9995209795804909,0.9887332095623457,Healthy
1.8343288434197376,6.095920856483167,3.4279308915459796,1.8588013920189888,4.191202777072821,0.26263716765055567,-1.058835499937123,32.950371591621256,40.61328442378913,13.811373073674687,6328.172,689.547,B0026,21,24,1.8010267542068712,0.9831457982317996,0.9921802217206657,0.9712604954828703,1.1070942322636166,1.0027202369361634,0.9931026087341684,Healthy
1.8157543412415582,6.04253509415566,3.4504230620169447,2.1656553710973343,4.18738502716279,0.2436957276561689,-1.048570222149277,32.98142836772341,40.55411444614823,13.865001438642214,6326.062,669.796,B0026,22,24,1.7824572301269948,0.9731904165475211,0.9834910837298896,0.9709366484626774,1.0753832420317126,1.009299527831285,0.9828632034818026,Healthy
1.8290589108596826,6.084763964706988,3.4243550860962872,2.161441726851442,4.187376898822461,0.25546731152362573,-1.0522245912177104,32.285643510120714,39.89740047610024,13.841534721661812,6352.843,697.531,B0026,23,24,1.7959303030608789,0.9803212708456828,0.990364311111454,0.9750470499071271,1.119912851372093,1.0016742612146003,0.9902923790046273,Healthy
1.824841797151726,6.059837132890089,3.419928142613709,1.8357784756785411,4.187719914558781,0.2660387933628281,-1.0562946339613315,32.40988062398286,40.148009555945954,14.018084519841889,6309.172000000006,678.032,B0026,24,24,1.7783142127341005,0.9780610231057444,0.9863071866669033,0.9683443374811332,1.0886064568334928,1.0003793150916487,0.9805787058354996,Healthy
1.818042414072986,6.031699300276076,3.4304184604928114,1.7730752055194368,4.187714468300498,0.2629460590694471,-1.0562794361681302,32.395070835603484,40.16428171644192,14.034867282951435,6284.297,680.453,B0026,25,24,1.771719092984802,0.9744167556515135,0.9817274354432601,0.9645264727288568,1.0924934654584453,1.0034478874643329,0.9769420965443584,Healthy
1.8132651047814357,6.017764256276077,3.4416415585585702,1.803496921850417,4.188634886565279,0.25706339517969246,-1.0570022650761444,32.48055490141574,40.34822918896084,14.267590990558965,6265.969,659.734,B0026,26,24,1.7790749489536772,0.9718562597111644,0.979459349066958,0.9617134546311803,1.0592283139919465,1.006730808826432,0.9809981827380251,Healthy
1.806428163490341,5.99319264274289,3.448941537538792,1.8019162984387032,4.188731148597371,0.2538560367783019,-1.0532958143214939,32.39831599080119,40.155136061235744,14.086133813778662,6266.641,662.469,B0026,27,24,1.7733229782464677,0.9681918621702273,0.9754600404247756,0.9618165945352417,1.0636194616950634,1.0088661601168356,0.9778264935327706,Healthy
1.803162141928677,5.980414169251668,3.3679598202717265,2.094755756018166,4.16813557610843,0.28388744026079915,-1.061746365944055,32.5316653403438,40.01460073648428,13.793217962462442,6198.75,619.859,B0026,28,24,1.768754111010884,0.9664413715824556,0.9733801990094646,0.9513965480670314,0.9952074676805107,0.9851778159539497,0.9753071783921045,Healthy
1.8640450457950675,5.987393481608645,3.415635388206693,2.4407952016086623,4.201942981365258,0.26369180402816045,-1.048298128077691,33.531461449042084,42.07194057268294,15.783393259167038,6515.422000000006,239.266,B0027,1,24,1.8233077742149364,1.0,1.0124266620131304,1.0,1.9933517728605705,1.0,1.0049989619735884,Healthy
1.8661240594432946,5.913903402843211,3.405140913759623,2.4193060956450503,4.206957767652323,0.2728672321678771,-1.049212058679183,33.768115475386416,42.526459613766654,16.561741605423165,6516.219,120.032,B0027,2,24,1.814238465116796,1.001115323716515,1.0,1.000122325154072,1.0,0.9969275191130457,1.0,Healthy
1.8542739622043547,5.859780228416138,3.425659661801085,2.4982363525248754,4.206087528624208,0.2676467910312528,-1.0465273412198817,34.0575363030056,42.65704114936764,16.48776524549854,6489.5,59.984,B0027,3,24,1.812859679313087,0.9947581290415946,0.9908481470290753,0.9960214395936279,0.4997334044254866,1.0029348195738348,0.9992400195287336,Healthy
1.8559092497710044,5.838982728174163,3.4201699208239194,2.47983581845354,4.206597549468143,0.27265296338499867,-1.050325186760964,34.34311925332076,43.07456793109374,16.78602194156198,6471.25,60.438,B0027,4,24,1.814424244673997,0.9956354080377962,0.9873314341534514,0.9932203930919584,0.5035157291388963,1.0013275809920705,1.0001024008479442,Healthy
1.8548766806335804,5.828763750256682,3.4180604683404985,2.4669313816061296,4.206708529635488,0.27422633093054233,-1.0497801003401392,34.3900563067441,43.12836631992577,16.781349125555707,6466.672,60.812,B0027,5,24,1.812800333853042,0.9950814680245151,0.9856034759469361,0.9925177524955396,0.5066315649160223,1.0007099938541972,0.9992073085807596,Healthy
1.8375931780987824,5.74578015027444,3.3978401981445576,2.492471012096456,4.182675464297748,0.2726297014059318,-1.0476986183510903,34.16207101391941,42.9279467397339,16.757434826705392,6410.672,40.422,B0027,6,24,1.7946038703195293,0.9858094267861416,0.9715715254178919,0.983922760490417,0.33676019728072515,0.9947900791391325,0.9891775005464881,Healthy
1.8713049102330175,5.92874598043958,3.3984422668226393,2.4232193266263646,4.202445131277022,0.2748310341329762,-1.057277544603645,33.65117316898919,42.34490965860999,16.430268715873236,6474.156,103.11,B0027,7,24,1.816519171293833,1.0038946829393027,1.0025097768065054,0.9936664117842242,0.8590209277525993,0.9949663475664243,1.0012571148836766,Healthy
1.8634192519075905,5.876443875161431,3.411384397730043,2.4791120561344835,4.207150334625055,0.2731037619397714,-1.0548269593999815,33.993154419553875,42.50145921854708,16.180230120891146,6460.75,82.812,B0027,8,24,1.819833556519024,0.99966428177855,0.9936658539833826,0.9916088320909979,0.6899160223940283,0.9987554320079575,1.0030839889627563,Healthy
1.8606189333148562,5.846925553740192,3.40775629545449,2.428102703648056,4.206634870908589,0.27650791398664476,-1.0553776405080413,34.121102900157744,42.75456095698592,16.504452831485317,6448.907,62.266000000000005,B0027,9,24,1.816980986440728,0.9981620012413649,0.9886745108026591,0.9897911447639146,0.518745001332978,0.9976932278019466,1.0015116652946476,Healthy
1.8611495229817119,5.845125198643544,3.4031041806987625,2.4202095510772232,4.206620391551443,0.27782680507598506,-1.0554671306178591,34.521504581092735,43.20868549225104,16.6761294303111,6447.125,62.484,B0027,10,24,1.8047602710768988,0.9984466454714239,0.9883700832572611,0.9895176398397516,0.5205611836843509,0.9963312221347754,0.994775662504054,Healthy
1.8583862637467456,5.810799097336726,3.38665218439762,2.3998890148152445,4.194991220811618,0.28085346080696044,-1.0556702942579712,33.91883669839733,42.59572185384836,16.683286495005504,6431.219,41.516000000000005,B0027,11,24,1.802177888140868,0.9969642460834909,0.9825657778825208,0.9870763551462967,0.3458744334844042,0.9915145498523805,0.9933522647613188,Healthy
1.8558116548712633,5.841996003895821,3.414036913012559,2.483742346997907,4.2023598960429815,0.2712378702320275,-1.0529574586448567,34.20379110985749,42.63365730314649,16.315650251213636,6442.203,63.063,B0027,12,24,1.810054375611175,0.995583051524223,0.9878409581541663,0.9887622014353015,0.5253848973607038,0.9995320123454474,0.9976937488725599,Healthy
1.8641735969399014,5.8831100039099145,3.3945090590148355,2.382935984422233,4.206738745019596,0.2784193179888177,-1.0601013419063348,34.48622307207775,42.89197473994752,16.170489709959508,6427.079,84.813,B0027,13,24,1.8191618703574552,1.0000689635398694,0.9947930500659696,0.9864409396659178,0.7065865769128233,0.9938148172182543,1.002713758601928,Healthy
1.8515840536139714,5.845709863805579,3.4204049256076163,2.4903839742860163,4.205268152663341,0.2693644498698273,-1.0537206430621189,34.40141739485764,42.73670303920533,16.05697774635106,6417.156,85.203,B0027,14,24,1.806344581230731,0.9933150799068908,0.9884689460763181,0.9849179377790102,0.7098357104772062,1.00139638364721,0.995648927063424,Healthy
1.8572757914210454,5.85387329511107,3.401908039296132,2.39789040439265,4.205946910651655,0.2766377594520737,-1.0609023642037643,34.3150259504104,42.71819238433457,16.161024680429723,6398.907,85.39099999999999,B0027,15,24,1.8120006378747944,0.9963685135242347,0.9898493256242095,0.9821170447593409,0.7114019594774726,0.9959810262658719,0.9987665197905186,Healthy
1.853937233122412,5.8431446057265175,3.407597938928066,2.41937557251393,4.205053312485709,0.27518592101521083,-1.061328199408463,34.450526992415796,42.87852551010068,16.26572882369938,6384.75,85.672,B0027,16,24,1.809238569578753,0.9945774847579694,0.9880351787479865,0.9799442000840458,0.713743001866169,0.9976468655564413,0.9972440802936448,Healthy
1.827227538811469,5.778611968684918,3.3774091842080276,2.444119634453687,4.181855642136106,0.2771669668750391,-1.061988907424718,34.74150404461673,42.99196482622249,15.813372739917604,6284.063,86.266,B0027,17,24,1.7820717716005336,0.9802485958873945,0.9771231579309785,0.9644905579408355,0.7186916822180752,0.9888084647059664,0.9822698646651219,Healthy
1.86080601882042,5.883838446647425,3.3771878224396685,2.395925863485738,4.20282058770571,0.28451468128895907,-1.0662806393885873,34.663008920131865,42.920147884014575,15.880725427874726,6370.937000000005,88.031,B0027,18,24,1.8145504562341048,0.9982623665764119,0.9949162246746656,0.9778241532167832,0.7333960943748334,0.9887436563341117,1.0001719680865044,Healthy
1.8547675446409517,5.8700120497805175,3.390746744780089,2.408349641748691,4.206436642050531,0.27969417599353485,-1.0653782286766844,34.47643463041281,42.77821015998406,15.887877518344478,6359.812,86.687,B0027,19,24,1.809153485164282,0.9950229200871277,0.9925782769732776,0.9761166659657646,0.7221990802452679,0.9927133196029828,0.9971971821509217,Healthy
1.8519937237463973,5.849849099879276,3.3939882666698242,2.399239705167686,4.20638281753962,0.2791573769926674,-1.0657949875596555,34.45771838499012,42.71393681070588,15.963958273278791,6346.156,87.35900000000001,B0027,20,24,1.806555150809371,0.9935348547097316,0.9891688621540319,0.9740207157725155,0.7277975873100507,0.993662344168347,0.9957649920585657,Healthy
1.8487603073987458,5.829841878012009,3.3952705696224297,2.378335964879865,4.205465867894676,0.27956478386797623,-1.0664883306260853,34.276431502022604,42.66066961608101,16.012704805263326,6328.172,87.594,B0027,21,24,1.802401655959492,0.9918002312064286,0.9857857798639749,0.9712604954828703,0.7297553985603839,0.9940377656659204,0.993475604566381,Healthy
1.8421534729066664,5.806563943305349,3.4104656511949063,2.437999478526856,4.206584936190674,0.2747742745686554,-1.0632318841030186,34.35292925698558,42.64239690775237,16.100624680231668,6326.062,87.92099999999999,B0027,22,24,1.7964331683322998,0.988255877754787,0.9818496427442057,0.9709366484626774,0.7324796720874434,0.9984864493939732,0.9901858013007403,Healthy
1.8420182034315356,5.802064080054906,3.4006414041604756,2.484818012933219,4.202786069304105,0.27537157298258313,-1.0590432103446814,33.64812848797218,41.86831727976231,15.95212669806526,6352.843,66.0,B0027,23,24,1.8088036930508289,0.9881833100475654,0.9810887471150551,0.9750470499071271,0.5498533724340177,0.9956101918553755,0.99700437832707,Healthy
1.8384521668915867,5.790339188600169,3.403879368199544,2.456168013420922,4.206301818692852,0.27601243557678984,-1.0635509942186294,33.75077258934032,41.97207960495628,15.980828109386902,6309.172000000006,66.125,B0027,24,24,1.7915527748749651,0.9862702465473067,0.9791061493862689,0.9683443374811332,0.5508947613969608,0.9965581747841882,0.987495750598381,Healthy
1.8325383543146492,5.770417082261447,3.4141854712687336,2.4697995830050976,4.205750597989692,0.2736182604889381,-1.0638261484808667,33.72038549007088,41.92250461031742,15.936644626093972,6284.297,66.51599999999999,B0027,25,24,1.7853375192239571,0.9830976769839916,0.9757374595410571,0.9645264727288568,0.5541522260730471,0.9995755059386708,0.9840699299190648,Healthy
1.827889919622859,5.757003143350162,3.4230599701504794,2.491582666091738,4.20589200120434,0.27156282745497096,-1.0651012851496238,33.812030459081335,42.14300769699952,16.216849964191056,6265.969,66.562,B0027,26,24,1.793209210325309,0.9806039418125825,0.9734692556159074,0.9617134546311803,0.5545354572114103,1.00217370447953,0.9884087702935275,Healthy
1.833777274047195,5.762786443300393,3.4023930606429906,2.394485973926669,4.205560793070628,0.278834674539607,-1.0684596107286113,33.79680193008211,42.43039551713637,16.523013254004866,6266.641,66.907,B0027,27,24,1.7873097711102113,0.9837623174310348,0.9744471714789651,0.9618165945352417,0.5574096907491336,0.9961230265942832,0.9851570261989506,Healthy
1.8176433733695891,5.7022479483763675,3.3633791712406205,2.4249816079125552,4.186200185347402,0.28671474058382856,-1.0694140697591354,33.92036482801563,42.033372446715575,15.98245671561439,6198.75,44.156,B0027,28,24,1.7700926253324452,0.9751070004825518,0.9642105323592052,0.9513965480670314,0.36786856838176485,0.9847008796235981,0.9756670136626671,Healthy
1.808215778053105,6.436591004284209,3.676492835528995,2.6151397684307285,4.181907184700754,0.22950448875765408,-0.9970402880141495,30.261078788805897,31.679728237853865,5.25047087430184,6515.422000000006,3996.625,B0028,1,24,1.8046847720100736,1.0000250037478013,1.0,1.0,0.9930388822257686,0.9996086043914691,1.0,Healthy
1.8081705670122654,6.440089925624709,3.677932362103996,2.578716047628789,4.186798367560072,0.23120424643531434,-0.9969604106618353,30.023214006195516,31.42728999177483,5.301218012224879,6516.219,4024.641,B0028,2,24,1.804783321452588,1.0,1.0005435985194913,1.000122325154072,1.0,1.0,1.0000546075658434,Healthy
1.8012449166752214,6.424008165098134,3.681544140844236,2.679890873914289,4.186905629206883,0.22676660152566155,-0.9970702802711341,30.21665562692593,31.694210133469813,5.392729654226372,6489.5,4047.484,B0028,3,24,1.797618668222458,0.9961698025267121,0.9980451081670871,0.9960214395936279,1.0056757857408896,1.0009820133663834,0.9960845772640142,Healthy
1.7964292039949548,6.408860353153114,3.6819955552100256,2.674600586599544,4.1855363847405656,0.22676078066998084,-0.9973030888189302,30.363564779968748,31.849947051821637,5.383574388546023,6471.25,4077.281,B0028,4,24,1.7929913687761174,0.9935064958851135,0.9956917176945626,0.9932203930919584,1.0130794274570079,1.0011047492737755,0.9935205286733084,Healthy
1.7955793938262237,6.407004580491373,3.6822366580622092,2.655983638577288,4.186483098548598,0.2275175269501176,-0.9974129863341045,30.383708693138953,31.89197660091397,5.374489478742621,6466.672,4080.234,B0028,5,24,1.7919180081592216,0.9930365124752325,0.9954034016184742,0.9925177524955396,1.013813157496532,1.0011703031851709,0.992925765181344,Healthy
1.7795079470708681,6.336330121219914,3.6730621916612125,2.5587601304544574,4.167593667891115,0.22347404128086867,-0.9966248234259864,30.151543075778466,31.647839531181656,5.308123405539032,6410.672,4030.562,B0028,6,24,1.775026135903797,0.9841482764600256,0.9844232944119704,0.983922760490417,1.0014711871195467,0.9986758401288279,0.9835657525534266,Healthy
1.7961642628622891,6.412500995372843,3.6821638997402064,2.684075980505414,4.183182085400848,0.2219575282113289,-0.9963089849547179,29.942877366572425,31.66717160096336,5.585192943947476,6474.156,4118.672,B0028,7,24,1.7920487852223417,0.9933599714711566,0.9962573342169276,0.9936664117842242,1.0233638230093067,1.001150520787117,0.9929982305033483,Healthy
1.7946544822623531,6.409382668280958,3.6829104616020185,2.692955180725203,4.1836584764239335,0.2221508919996827,-0.9974947737184627,30.159672019699293,31.543075306784417,5.048100655872265,6460.75,4131.797,B0028,8,24,1.790475801581265,0.992524994601452,0.9957728654834304,0.9916088320909979,1.0266249834457284,1.001353504906538,0.9921266192028747,Healthy
1.7906409003132617,6.39539760134833,3.6830910997567576,2.664091579679959,4.186132992895621,0.22366693948702368,-0.9972667051793968,30.18503729745987,31.63889282611546,5.214991332667072,6448.907,4130.313,B0028,9,24,1.7868365091987264,0.9903053024870497,0.9936001211031646,0.9897911447639146,1.026256254905717,1.0014026189567582,0.9901100385573334,Healthy
1.7909139818798308,6.395485633749482,3.6823376400116725,2.599501054239839,4.18607245667024,0.2262456000716393,-0.9977254189629399,30.557366977302667,32.06283964981591,5.3362905623794745,6447.125,4135.5,B0028,10,24,1.7871529619962183,0.9904563289286649,0.9936137979704835,0.9895176398397516,1.0275450655101908,1.0011977593587817,0.9902853892902702,Healthy
1.7858322616353142,6.369335510365041,3.6779403019036363,2.5987712023407274,4.177617061522188,0.2240136524309193,-0.9970949960183577,29.87809290999813,31.17821904490572,5.089002883064051,6431.219,4067.219,B0028,11,24,1.7816340617009505,0.9876459080882718,0.9895510692112638,0.9870763551462967,1.0105793286904348,1.000002158767171,0.9872272927291069,Healthy
1.7892280710153683,6.387184140779032,3.6809827017477756,2.568337342317612,4.183570268917493,0.22681512973309234,-0.9972732896654729,30.329541918405045,31.830430244172504,5.310717180407799,6442.203,4108.563,B0028,12,24,1.7850235136604733,0.9895239440667388,0.9923240635497437,0.9887622014353015,1.0208520461825041,1.0008293626264608,0.9891054334504626,Healthy
1.7844592328635156,6.372709448400777,3.6821031308211283,2.571655326217227,4.186886063009724,0.22733951867519225,-0.9970037592871084,30.67805955282036,32.176676996947776,5.288553691404008,6427.079,4129.547,B0028,13,24,1.7803865429693038,0.9868865611567114,0.9900752501066307,0.9864409396659178,1.0260659273709132,1.0011339982105452,0.9865360258934827,Healthy
1.7829701785546492,6.365822956916119,3.68119828344271,2.5464403411304843,4.186431294608572,0.2285140973660483,-0.9977226887954374,30.61748146501738,32.101579055970326,5.219157133611301,6417.156,4109.656,B0028,14,24,1.7789060856417256,0.9860630468621906,0.9890053527836418,0.9849179377790102,1.021123623200181,1.0008879775420465,0.9857156846624048,Healthy
1.7779775081900118,6.346686257014947,3.6808780113914024,2.5488905698718844,4.186605296553263,0.22875325592299398,-0.9976984888319611,30.47693232752601,31.92722580084625,5.165536048081552,6398.907,4078.75,B0028,15,24,1.7738387518973049,0.9833018746278216,0.9860322417240086,0.9821170447593409,1.0134444289565205,1.0008008981670673,0.9829078071743177,Healthy
1.7729462486745702,6.33045672484275,3.6816453877057884,2.592227961453642,4.186411251128915,0.22729002061163076,-0.997566184368524,30.59851621920085,32.17577171129977,5.378650677283165,6384.75,4100.187,B0028,16,24,1.769682881523146,0.9805193608499566,0.9835107933111151,0.9799442000840458,1.0187708667679924,1.0010095415674443,0.9806049837457529,Healthy
1.745110598435075,6.221982777676158,3.6751321799254955,2.598546956085325,4.1643364768914175,0.22079450943959683,-0.9970360820430222,31.100240402928506,32.50607956309833,5.162310994548992,6284.063,4033.594,B0028,17,24,1.7408787283206992,0.9651249889099855,0.966658091765469,0.9644905579408355,1.002224546239031,0.9992386531608486,0.9646442167191854,Healthy
1.769246852921625,6.3250479682615,3.6846266213857497,2.6924907199800523,4.183279934429277,0.22205387217099318,-0.9969371531723805,30.938169249041685,32.36361154404582,5.139380606425416,6370.937000000005,4135.5,B0028,18,24,1.7648189744011906,0.9784734278940531,0.9826704794590077,0.9778241532167832,1.0275450655101908,1.0018201148424395,0.9779098276734057,Healthy
1.7656585607742115,6.308757579584745,3.6832544826548084,2.6173421756941537,4.185224082214954,0.2252386699806568,-0.9969974742534108,30.779624907003203,32.23987480909281,5.159963180724841,6359.812,4111.906,B0028,19,24,1.7617857390844025,0.976488940250643,0.9801395762734686,0.9761166659657646,1.0216826792749962,1.001447041442537,0.976229071364142,Healthy
1.7615689769944336,6.293525381690242,3.6830019424524427,2.6240203066915697,4.185772001736481,0.2251392448807387,-0.9968197698794886,30.70960684046627,32.1209393902127,5.160847977914436,6346.156,4088.609,B0028,20,24,1.75770610357021,0.9742272156908106,0.9777730754527136,0.9740207157725155,1.0158940884416772,1.0013783778083256,0.9739684906924003,Healthy
1.7568281353170112,6.274976786399141,3.682514927726665,2.63525875804135,4.185968902546653,0.22523217093330036,-0.9963445930927353,30.47705959403915,31.876773372691297,5.009473672914229,6328.172,4060.922,B0028,21,24,1.7519375960601256,0.9716053160957653,0.9748913333506047,0.9712604954828703,1.0090147170890522,1.00124596245159,0.9707720834308378,Healthy
1.7557538772599397,6.2668340559111755,3.6802726203570852,2.540126038881981,4.185740020171981,0.22904080229020754,-0.9967865142227076,30.54925924889458,32.13891568195097,5.429058853321049,6326.062,4051.718,B0028,22,24,1.7521244035832175,0.9710112028651497,0.9736262645459307,0.9709366484626774,1.0067278050390085,1.0006362972514673,0.9708755959810567,Healthy
1.7636597966117444,6.293202673815549,3.67908706723787,2.578459071114453,4.1838351172655095,0.2267070649966994,-0.996914300528855,29.858081061792472,31.30995086456362,5.207228820726645,6352.843,4037.625,B0028,23,24,1.759771413398964,0.9753835333830987,0.9777229389946913,0.9750470499071271,1.0032261262557332,1.0003139549671363,0.9751129065265594,Healthy
1.75250294520216,6.256618495200709,3.680942088612725,2.6156681128542663,4.185613308228973,0.2258002146200525,-0.9972513551873874,29.927497513672723,31.44390039724308,5.273828956779312,6309.172000000006,4031.5160000000033,B0028,24,24,1.7483011320324189,0.9692132905901196,0.9720391572241098,0.9683443374811332,1.0017082268952693,1.0008183202442058,0.9687570700145853,Healthy
1.7457703087048024,6.233176544337427,3.681439648314102,2.6736673087239398,4.186072517005326,0.22411248036516648,-0.9970973800951103,29.887309173794996,31.383820135357173,5.231504709468712,6284.297,3999.281,B0028,25,24,1.7411482627836237,0.9654898384887604,0.9683971748692143,0.9645264727288568,0.9936988168634171,1.0009536026943409,0.9647935693746214,Healthy
1.7405526541755367,6.212743696460684,3.680615489022298,2.6531966228276134,4.186079245979765,0.22513850200267244,-0.9972667201815385,29.974612767860144,31.360116664622662,5.251208365702091,6265.969,3969.797,B0028,26,24,1.7363833316311177,0.9626042398486458,0.9652226920003878,0.9617134546311803,0.9863729460590398,1.000729520462624,0.9621532572124044,Healthy
1.7400383961845431,6.204587132976336,3.6776600467841285,2.5306280538039845,4.185739001637966,0.23023079529174612,-0.997266880260863,29.928807475767645,31.44534438395542,5.344012175577163,6266.641,3962.079,B0028,27,24,1.736559066269527,0.9623198319502011,0.9639554740772792,0.9618165945352417,0.9844552594877407,0.9999259596716151,0.9622506341289356,Healthy
1.7216452800581945,6.136011738877453,3.67453404625628,2.651385292787423,4.167590440976821,0.21985439649014396,-0.9969394063653589,30.029795182593666,31.550251048213177,5.3137627828064495,6198.75,3934.078,B0028,28,24,1.7172335652295243,0.9521476079012606,0.9533014812955041,0.9513965480670314,0.9774978687540081,0.9990760254639997,0.9515421152010135,Healthy
1.7466509466710294,5.860590166657227,3.3651860477851834,1.999936473158621,4.122758586822445,0.26512345669033627,-3.9753962170197243,51.631545591665024,58.72626885895911,15.311091049573072,1572.359,421.25,B0029,1,43,1.697507332205763,0.9322383706169438,0.9224705781970088,0.9217149127794849,0.7669772810860216,0.9925066640511601,0.9299179930675603,Healthy
1.8926522330936593,6.411104719926895,3.3905928994464873,1.852059092593436,4.20134576801382,0.29707473530241996,-3.9342485526057955,52.84944288631656,59.76796387174703,15.116668792964425,1723.281,555.281,B0029,2,43,1.844701206961174,1.010163500203952,1.0091228544728292,1.0101852036395909,1.0110098792135955,1.0,1.0105528333462932,Healthy
1.8736097995141707,6.353145894486839,3.3944582472061784,1.8857258246963948,4.20075138362936,0.2898989009220971,-3.9332952670181975,52.905865867265994,59.844347317645614,15.13893899843822,1705.906,549.234,B0029,3,43,1.8254376674722927,1.0,1.0,1.0,1.0,1.0011400211922588,1.0,Healthy
1.8640860351702362,6.321350384425237,3.394696317253661,1.8534777499421091,4.20121939681188,0.29363903779818357,-3.932113456162452,52.90438507577814,59.9199472840752,15.21710462518589,1697.688,552.859,B0029,4,43,1.815750429913437,0.9949168901943168,0.9949953124657198,0.9951826185030126,1.0066001012318975,1.0012102360645665,0.9946931972909983,Healthy
1.851255615508183,6.284097595521497,3.398579443319999,1.913443763136564,4.20151734595852,0.2858241390288325,-3.931581069158435,52.87534956891003,59.89475354681757,15.191386306321895,1686.094,555.125,B0029,5,43,1.8132993337127028,0.9880689223488347,0.9891316364975561,0.9883862299563986,1.0107258472709264,1.002355500678013,0.9933504528936351,Healthy
1.865078290262639,6.317726340175306,3.3970260675114696,1.9392366668780088,4.190431936024234,0.28218377001219114,-3.976472905870513,52.762650424805656,59.58813236464061,14.929238447612661,1678.563,539.703,B0029,6,43,1.8151647619660576,0.9954464855736003,0.9944248794377177,0.9839715670148298,0.9826467407334577,1.0018973578532628,0.9943723602896504,Healthy
1.8526675380315494,6.290735578051101,3.4017447799349796,1.926680416628282,4.20151685379873,0.2848060717894082,-3.953172457226365,52.78843384352056,59.81336613073259,15.106791266353461,1677.469,552.859,B0029,7,43,1.8143317955190057,0.9888225064322081,0.9901764704490894,0.9833302655597671,1.0066001012318975,1.0032890650158304,0.9939160497500495,Healthy
1.839656800636962,6.2451014992955916,3.400790257856999,1.89070792341858,4.201511694320507,0.2883714277196788,-3.952037378872224,52.7841972696045,59.75433532594285,15.078750873727849,1666.093,545.578,B0029,8,43,1.801343601809866,0.9818782977725603,0.9829935598858187,0.9766616683451492,0.9933434565230848,1.0030075443183333,0.9868009376097788,Healthy
1.8268664925752518,6.205016277005652,3.4030834056443755,1.93249158993614,4.201805179645606,0.28324498144567967,-3.951642628329456,52.75173838351513,59.7737242563152,15.119929161565445,1654.328,547.5,B0029,9,43,1.7881558802945825,0.9750517386538865,0.9766840522882165,0.9697650398087585,0.9968428757141764,1.0036838708061728,0.9795765213778377,Healthy
1.815381003939877,6.1693735537831795,3.4052467951556413,1.9713665258317916,4.201438773335668,0.2787028577878109,-3.9514812160488924,52.7506031720156,59.80010734859943,15.08444218576377,1643.812,541.312,B0029,10,43,1.7760714604539518,0.9689215995831189,0.9710738044181964,0.9636005735368771,0.9855762753216297,1.0043219272097061,0.9729565090619068,Healthy
1.835426418852442,6.217580418665598,3.3969592538295337,1.852379628685352,4.19368630303113,0.29442639685069827,-3.974136073511709,52.76187024768883,59.92418745751934,15.233085441231538,1652.266,533.797,B0029,11,43,1.7852807447597443,0.9796204200727229,0.978661677525951,0.968556297943732,0.9718935826988132,1.0018776522489874,0.9780014823687986,Healthy
1.8196792241730206,6.171820992839514,3.3978270130572263,1.8385968486453488,4.20025041732416,0.2973664181128303,-3.94933484428352,52.810328108304326,60.120904895462246,15.408715921208575,1648.672,535.672,B0029,12,43,1.7698116401111978,0.971215684634477,0.9714590370410546,0.9664494995621096,0.9753074281635878,1.0021335836608163,0.9695272929049826,Healthy
1.8067503711972628,6.127506592238483,3.3976547229925322,1.8332269197665616,4.200366031445772,0.2969309502595952,-3.948773942479504,52.803620504971605,60.15908336784943,15.440930208794512,1636.969,539.0,B0029,13,43,1.7565231680521758,0.9643151800688464,0.9644838469010821,0.9595892153494976,0.981366776273865,1.0020827695201031,0.962247684131804,Healthy
1.7936834780870574,6.0872045665915895,3.400358560849027,1.8809955356138472,4.199929373943819,0.2892352760561622,-3.9481894541359304,52.774286568476356,60.0330623550184,15.357031965490137,1625.187,531.14,B0029,14,43,1.7543413277348154,0.9573409994718013,0.9581402139488047,0.9526826214340063,0.96705593608553,1.0028802223363749,0.9610524418311553,Healthy
1.7896654623482227,6.065403067110942,3.3951054015762527,1.800038174333754,4.199792574461424,0.30294580809165605,-3.946655613412357,52.80429201579515,60.155675284547456,15.425737174319615,1622.016,533.797,B0029,15,43,1.7392875506998715,0.9551964677022319,0.9547086070185172,0.9508237851323579,0.9718935826988132,1.0013308888042862,0.9528057745780416,Healthy
1.8204949349564792,6.162438231873463,3.3952154633066995,1.9415928705254093,4.186389353535962,0.2830051025705335,-3.97371791832226,52.721179096315566,59.70826330240836,15.04613620701064,1638.422,525.578,B0029,16,43,1.7797845109331345,0.9716510531854262,0.9699821685538705,0.9604409621632142,0.9569291048988227,1.001363349714136,0.9749905694658012,Healthy
1.8060782607006518,6.1333204369241185,3.400939370892573,1.972461938837724,4.200779737725044,0.28040772489839744,-3.924297634283963,52.76566676387698,59.826072535975634,15.156944514556606,1646.438,538.344,B0029,17,43,1.7657088508465202,0.9639564551642343,0.9653989596314038,0.9651399315085357,0.9801723855405893,1.0030515227728385,0.9672797282043162,Healthy
1.7925292596409452,6.084564709096947,3.3990966930758852,1.9166086737918733,4.20106410059631,0.2862004199725242,-3.922569043688066,52.80160858510679,59.97193555147316,15.270217971410275,1634.765,531.062,B0029,18,43,1.7523941408724169,0.9567249595437376,0.9577246942144108,0.9582972332590425,0.9669139201141954,1.0025080550457077,0.9599857459383863,Healthy
1.7785655933645794,6.038735392497891,3.4005060708668395,1.941628602033569,4.20039236023258,0.28257487679626264,-3.9219324486852223,52.76338281760698,59.90509096707212,15.229255690478354,1622.016,522.953,B0029,19,43,1.7380191225603103,0.9492721450462971,0.9505110527586359,0.9508237851323579,0.9521497212481382,1.002923728006972,0.9521109121008596,Healthy
1.7715188112950706,6.010222400265371,3.397536794846482,1.8754484122099284,4.200576454073823,0.2902056379846863,-3.920549166756126,52.793663259837146,60.003884509148,15.30812907415389,1616.25,524.235,B0029,20,43,1.7312214443143976,0.9455110726654118,0.9460230411961652,0.9474437630209402,0.9544838811872535,1.0020479885394464,0.9483870499460233,Healthy
1.7898454218074409,6.058533265734942,3.391570729569499,1.8380927294124036,4.194709553890768,0.2994707696289957,-3.9453058787745463,52.75741582344694,60.25771781052726,15.622003576063321,1622.218,515.718,B0029,21,43,1.7379128985265808,0.9552925172955169,0.9536272842392055,0.950942197284024,0.9389768295480614,1.0002883950247083,0.9520527211061068,Healthy
1.7638263741537645,5.989897209446954,3.4006008999743154,1.999771637867575,4.200658594506185,0.2767744553275565,-3.895864092268878,52.866554147425745,59.90492726798961,15.182824232201916,1619.656,518.625,B0029,22,43,1.7224270683625882,0.9414053954089731,0.9428238086968683,0.9494403560336854,0.9442696555566479,1.0029516963034582,0.943569369173616,Healthy
1.7587686964421179,5.960513028388551,3.3937647508109445,1.8317514112942035,4.200792247486221,0.2982844086389392,-3.9179079273158917,52.88238533970063,60.33243416075105,15.597128074372336,1605.484,520.109,B0029,23,43,1.7184213765608034,0.9387059658303285,0.9381986699787567,0.9411327470564028,0.9469716004471682,1.0009354857567758,0.9413749958059777,Healthy
1.7424566695440218,5.9146256282564105,3.3990916405291434,1.9739559216587697,4.200103293228043,0.27878745266647315,-3.89292863950299,52.89174684629843,59.98669670538192,15.2486828446702,1600.75,511.812,B0029,24,43,1.7010220930648232,0.929999763022078,0.9309758860392346,0.9383576820762691,0.931865106675843,1.0025065648795652,0.931843427675211,Healthy
1.7351788122858678,5.885752689568721,3.396460061958035,1.9069490533352145,4.200392899920808,0.2853973318793905,-3.891007378210508,52.86276331800625,59.99528714045464,15.27448057574118,1595.0,513.047,B0029,25,43,1.693698739563104,0.9261153590976102,0.926431218064154,0.9349870391451816,0.9341136928886412,1.0017304237593683,0.9278315933451678,Healthy
1.7551979809962313,5.950850184430592,3.3953349055125526,1.9996278665665836,4.193452277045169,0.27766372605580336,-3.8931180785218142,52.85514927949408,59.98821696841703,15.304077400959962,1612.422,505.109,B0029,26,43,1.713072721286705,0.9368001712263441,0.9366777157745814,0.9451997941269918,0.9196608367289715,1.0013985772420038,0.9384449284750539,Healthy
1.7394712451072514,5.901676591013381,3.397203474478597,1.9297361391600047,4.200426069460966,0.28444468133836176,-3.8906661202538677,52.84555100149494,60.01985635641876,15.320305098528408,1598.969,507.438,B0029,27,43,1.6976972688567131,0.928406355239121,0.9289376773378939,0.9373136620657879,0.9239012879756169,1.0019496811407789,0.93002204299177,Healthy
1.7310686979224046,5.86167182103435,3.389787970407681,1.811689567857529,4.200350636061038,0.30145737541578344,-3.8880091290817527,52.82153486606997,60.26410091872941,15.588208153001524,1592.187,508.719,B0029,28,43,1.6899314034061208,0.9239216716155482,0.9226408331219055,0.9333380620034163,0.9262336271971509,0.9997625993262306,0.9257677944962047,Healthy
1.7152533803809695,5.8174797371794496,3.3967598380460484,1.9610731754377528,4.200274898374017,0.2803816705292027,-3.8880141667450476,52.81580315824478,59.92046248220958,15.262257226070012,1577.484,500.125,B0029,29,43,1.685023551367069,0.9154805770260899,0.9156848959234145,0.9247191814789326,0.9105863803042055,1.0018188378205382,0.9230792052737374,Healthy
1.708445457938075,5.793409165954808,3.3957223246260377,1.9482718394124845,4.200350219079989,0.28199522472168703,-3.886820317431477,52.80521928839473,59.887692512983016,15.201654006721064,1571.547,501.969,B0029,30,43,1.678389965463405,0.9118469909695589,0.9118961318017642,0.9212389193777383,0.9139437835239624,1.0015128401821367,0.9194452351733781,Healthy
1.7156091834461586,5.8072967568533,3.3892258428534876,1.867494399191276,4.195839706712194,0.2927822221318414,-3.88571106427998,52.80312343851032,60.158935395611046,15.549698932027468,1578.484,492.703,B0029,31,43,1.6737947494868326,0.9156704794621688,0.9140820710402356,0.9253053802495566,0.8970730144164417,0.9995968089848761,0.9169279123096862,Healthy
1.6990976409098255,5.759249507178026,3.3940321153796114,1.926783206032701,4.20011947590298,0.28365768693740073,-3.85843433412322,52.85759471288148,60.04748235788095,15.389573388469486,1574.469,494.875,B0029,32,43,1.6687898927884717,0.906857789359558,0.9065193217388275,0.9229517921855015,0.9010276130028366,1.0010143405696643,0.9141861825932773,Healthy
1.691699191152171,5.72921189258859,3.390692269396659,1.869562035017659,4.20020354565233,0.29041838774966006,-3.8565643666104146,52.85638451770691,60.167863371476415,15.488139007734581,1568.281,485.64,B0029,33,43,1.6492566306631429,0.9029090217135023,0.9017913310569983,0.9193243941928805,0.8842132861403336,1.0000293075438775,0.9034855914564807,Healthy
1.6835974849258148,5.702267524368788,3.3912179554575785,1.8881277069953315,4.200021865512612,0.2877510289592826,-3.85547414018331,52.882092513244274,60.09738415148209,15.432363833163137,1561.422,486.734,B0029,34,43,1.6409676757039668,0.8985849056523796,0.8975502245772645,0.9153036568251709,0.8862051511741806,1.0001843500619592,0.8989447872937979,Healthy
1.6761942550107334,5.678525733043015,3.3923453388185667,1.9264548202409049,4.200544725415334,0.28378264684487614,-3.8555734475773074,52.87120880021078,60.02940147619038,15.356184443524413,1554.234,488.203,B0029,35,43,1.6456360229757092,0.8946335866973862,0.8938132111794806,0.911090060061926,0.8888797853009828,1.0005168533716817,0.901502172492388,Healthy
1.6969989907030323,5.736268095560275,3.3840832974347714,1.8497742851139864,4.193996290293578,0.29557775672163406,-3.854823111014098,52.8949932373189,60.33090148423857,15.721648376312594,1573.734,479.922,B0029,36,43,1.654547743574037,0.9057376787541708,0.9029019938827659,0.9225209360890928,0.8738024230109571,0.9980800992024791,0.9063841362850317,Healthy
1.6772983816662748,5.683849626763462,3.3935243600466607,1.988399313722457,4.199807562252484,0.2778608617985344,-3.8279463752523526,52.90577737967025,59.88870262903497,15.236969545537391,1566.578,481.094,B0029,37,43,1.6461201520877546,0.8952228911810775,0.8946512044837217,0.918326097686508,0.8759363040161388,1.0008645864269496,0.9017673851154603,Healthy
1.6703940634133767,5.6532780672575385,3.388551594762018,1.8822716064606957,4.199665175987453,0.28969993485103546,-3.851886221713202,52.85049305569667,60.13011665786984,15.505808652062868,1550.047,482.922,B0029,38,43,1.6275119188151763,0.8915378558793362,0.8898391696251404,0.9086356458093237,0.8792645757545964,0.999397950522222,0.8915735375773269,Healthy
1.6630968469624159,5.626742863259846,3.3876827466759964,1.8693019781355495,4.200099273216301,0.29125471652900436,-3.8509488961783584,52.93318563948955,60.20528139553767,15.521131566754462,1543.64,472.906,B0029,39,43,1.6200530533464497,0.8876431193910593,0.885662466549469,0.9048798702859361,0.8610282684611659,0.9991416979694123,0.88748746791763,Healthy
1.6551190550324493,5.595650946992058,3.3850191492367943,1.8433554303146655,4.2000806322388815,0.2950646361198624,-3.849366331322892,52.91920185424772,60.24494659507955,15.561725065429407,1536.781,474.141,B0029,40,43,1.612079811711934,0.8833851399910609,0.8807685263214051,0.9008591329182264,0.8632768546739641,0.9983561134070082,0.8831196158805038,Healthy
1.7035038942136271,5.697381416472088,3.3464479682177357,2.1274170450668684,4.121228264511843,0.25710361336973286,-3.881093691840246,52.450611378612734,61.11438949471705,17.96289115953416,1572.359,365.156,B0030,1,43,1.6560706096175404,0.9466792763994196,0.9364931625371907,0.9217149127794849,0.7560650890636873,0.9906375010603787,0.9398975779297658,Healthy
1.8188207123411535,6.145525668735908,3.3780751936361146,2.1401060472348874,4.191571549203586,0.2614926765743645,-3.7838858314888455,54.113241117794225,61.9990871891876,17.455547461718957,1723.281,489.562,B0030,2,43,1.7815548749509116,1.0107636863690512,1.0101557800446008,1.0101852036395909,1.0136509796695026,1.0,1.011115771387332,Healthy
1.7994519756392033,6.083740537983724,3.3818672028482375,2.1657237815883463,4.191314909952094,0.25885652344312626,-3.78000742647211,54.157828260748424,61.89071493502735,17.283194522337254,1705.906,482.969,B0030,3,43,1.761969227822918,1.0,1.0,1.0,1.0,1.0011225354661337,1.0,Healthy
1.7894030828854497,6.046266290600488,3.3803545588103723,2.095376108282347,4.191510310362352,0.26561268344286637,-3.7771963627067855,54.212018750385205,62.214205409958005,17.603483796623976,1697.688,486.203,B0030,4,43,1.751755031874225,0.9944155815827294,0.993840262064224,0.9951826185030126,1.0066960819431474,1.0006747526456936,0.9942029657570617,Healthy
1.7760382202407548,6.003936096846313,3.383237725223628,2.12524665517798,4.191406236830394,0.2621836260907194,-3.774391482257296,54.19837692352459,62.31179793095802,17.70977533189732,1686.094,478.656,B0030,5,43,1.7381688070362076,0.9869883966255162,0.9868823397975055,0.9883862299563986,0.9910698202162044,1.0015282464988462,0.9864921473026416,Healthy
1.7995110741942844,6.069603387794681,3.374148303155992,2.0759632130565406,4.1809364775885,0.27049798093740846,-3.8401506129683893,54.14161744851121,62.29994268441351,17.69840236743522,1678.563,472.219,B0030,6,43,1.750674529346134,1.0000328425297709,0.997676240447669,0.9839715670148298,0.9777418426441449,0.9988375360952532,0.993589730002981,Healthy
1.7874751588199964,6.03918335532444,3.38062959842195,2.0440070679316857,4.191416983179895,0.27181220512743237,-3.8162308411426897,54.21167948917778,62.48134926186261,17.850537867537483,1677.469,484.844,B0030,7,43,1.7491047649061158,0.9933441864626854,0.9926760218682745,0.9833302655597671,1.0038822367481142,1.0007561716774829,0.992698815215577,Healthy
1.7636699614698546,5.967044459406704,3.387081847293872,2.173948548947525,4.19167898729129,0.2583545021965035,-3.790540920260821,54.18634900836399,62.158212651524295,17.558842705197854,1666.093,477.453,B0030,8,43,1.7252544028765475,0.9801150491073048,0.9808183669490127,0.9766616683451492,0.9885789771186142,1.0026662087554252,0.9791626185255601,Healthy
1.7502044388751785,5.921271728252601,3.3879461849049983,2.1712631392036204,4.191660740391253,0.25854517128885474,-3.7878863152954003,54.15360140656882,62.11029841216025,17.51739346635049,1654.328,469.328,B0030,9,43,1.7112621367644252,0.9726319249245142,0.9732945860007093,0.9697650398087585,0.971755951210119,1.0029220756505004,0.9712213526446507,Healthy
1.7379228620525788,5.87964681108221,3.3883925705991067,2.1722790601698723,4.190518218566902,0.25863717514500895,-3.78521295034333,54.168189231806274,62.21537292970592,17.556480284737475,1643.812,472.484,B0030,10,43,1.6990418392711273,0.9658067487103855,0.9664525918508099,0.9636005735368771,0.978290532104545,1.0030542176747363,0.9642857618861236,Healthy
1.7579268377447321,5.9395714793305485,3.3829900242224884,2.1399140868464497,4.18494757447594,0.26246795464010336,-3.8087556215689466,54.22057063412252,62.42078136779365,17.800626826714392,1652.266,474.5,B0030,11,43,1.7185770039532977,0.9769234531087052,0.9763025629128891,0.968556297943732,0.9824647130561175,1.00145492042203,0.9753728821227852,Healthy
1.742530534458283,5.893422886215029,3.3872270612733906,2.112329336316492,4.19138696373963,0.26435598818741357,-3.7838496795424073,54.24400266886001,62.42541404009337,17.792912130622412,1648.672,476.172,B0030,12,43,1.70324722921867,0.9683673463079221,0.968717000572189,0.9664494995621096,0.9859266329723027,1.002709195951149,0.9666725175008847,Healthy
1.7289741563407102,5.847780045188436,3.387969833955272,2.1141726056716275,4.1916098999207785,0.26370808300320636,-3.7810084173912366,54.24150010859244,62.43136471336018,17.79867650376118,1636.969,468.938,B0030,13,43,1.689458044662304,0.9608337314623482,0.9612145699965223,0.9595892153494976,0.9709484459665113,1.0029290763976473,0.9588465099074355,Healthy
1.7151899693798112,5.804363988067206,3.3908449439184096,2.1697054636702,4.191138031319589,0.2587042440304795,-3.7778398595622393,54.183697227073836,62.27459158639179,17.672466328923583,1625.187,460.984,B0030,14,43,1.6756136292719177,0.9531735176041802,0.9540781615895294,0.9526826214340063,0.9544794800494442,1.0037801853275354,0.9509891562307811,Healthy
1.711543280601096,5.784282604391109,3.3859058007878593,2.0502203248956845,4.191251588829171,0.27043921342076505,-3.7765035959555266,54.22886640157327,62.57843700986901,17.937277220014444,1622.016,463.313,B0030,15,43,1.6718407140871654,0.9511469623928805,0.9507773331681463,0.9508237851323579,0.9593017357221685,1.002318067746537,0.9488478502844712,Healthy
1.763331097158615,5.947236078327326,3.375492904033759,2.056845844411806,4.17866916142942,0.2740781351906209,-3.8520176715688708,54.15865206479903,62.47198799326229,17.889224523802497,1638.422,464.985,B0030,16,43,1.7233056681204446,0.9799267338225253,0.9775624126630427,0.9604409621632142,0.9627636556383536,0.9992355736760329,0.9780566203473111,Healthy
1.7494028042163365,5.908807840623128,3.381550645715128,2.002654873353824,4.19028213835832,0.27606645157445014,-3.8026336945838524,54.242750421230845,62.67828739920007,18.073379338320365,1646.438,477.344,B0030,17,43,1.709207290507283,0.9721864367038258,0.9712458648970306,0.9651399315085357,0.9883532897556572,1.0010288261450073,0.9700551312233601,Healthy
1.7242814295656768,5.829442760807461,3.3864480900407194,2.098247338071892,4.18930659174196,0.2646347495295978,-3.7747932414905923,54.26601179807604,62.48426799373123,17.850420740056002,1634.765,469.703,B0030,18,43,1.684001734344571,0.9582258670466466,0.9582004236392793,0.9582972332590425,0.9725323985597419,1.0024785997719583,0.9557497984373522,Healthy
1.709634617487813,5.779417614032374,3.387180494037813,2.095250035916422,4.189336480826855,0.26470208755053204,-3.7717048923113476,54.24164371768822,62.520660259063135,17.9103050402804,1622.016,461.344,B0030,19,43,1.66898698813004,0.9500862710606737,0.9499776622537869,0.9508237851323579,0.9552248695050821,1.0026954108123027,0.947228227244487,Healthy
1.70276638730361,5.746619259624458,3.3813445010797873,1.965222517702767,4.187961671001895,0.27801234930568525,-3.7701783748857105,54.32282816477177,62.83792318174592,18.19319363934278,1616.25,452.235,B0030,20,43,1.6620689362837142,0.9462694255559398,0.9445865128115745,0.9474437630209402,0.9363644457511766,1.000967801856463,0.9433019090448929,Healthy
1.7094710009826306,5.776222009141736,3.385606758982866,2.1649300939348857,4.183473493335224,0.2591232004643784,-3.770286001350055,54.27566161448939,62.47596510401283,17.911534332774302,1622.218,453.796,B0030,21,43,1.6687049625248174,0.9499953453191716,0.9494523925006332,0.950942197284024,0.9395965372518733,1.002229543427849,0.9470681645142364,Healthy
1.6938020209813816,5.726658400809869,3.3887947335699495,2.1107101939003567,4.189021310957518,0.2629617014722009,-3.74290317214084,54.34652062246305,62.54340291733675,17.908189687959762,1619.656,456.156,B0030,22,43,1.652762183550463,0.9412877053191193,0.9413054953700903,0.9494403560336854,0.9444829792388332,1.0031732685980552,0.9380198912966313,Healthy
1.6779566370716725,5.6750543783420495,3.390949417762555,2.154272422860638,4.188208290959306,0.25902495887451304,-3.7394250053816305,54.369563893787316,62.54253781933885,17.862207697193362,1605.484,447.375,B0030,23,43,1.648481366235244,0.9324820333010704,0.9328232101467757,0.9411327470564028,0.9263016881000644,1.0038111123608775,0.9355903271205825,Healthy
1.6721666869204799,5.649425719661697,3.3873404080498895,2.056878607135279,4.188944596283129,0.26781018316099753,-3.737622424800312,54.38101073340462,62.63316972633199,17.97620207117611,1600.75,449.047,B0030,24,43,1.6307406443132095,0.9292644146985312,0.928610561937941,0.9383576820762691,0.9297636080162496,1.002742749608188,0.9255216371333261,Healthy
1.6648213171211834,5.625195317036515,3.3880651957973615,2.0619330487714467,4.189721988537926,0.2674021551137549,-3.7356557463501385,54.366222070376075,62.63885708285674,17.989381813695537,1595.0,450.313,B0030,25,43,1.62323023017929,0.9251824109002985,0.9246277486549122,0.9349870391451816,0.9323848942685762,1.0029573060363093,0.921259125611942,Healthy
1.6841759408995896,5.691161925284254,3.3873336724752856,2.182829076635093,4.182121595717829,0.2568917388023524,-3.737388532394875,54.36082826974155,62.50972828784737,17.890503871380076,1612.422,452.515,B0030,26,43,1.654190654039439,0.9359382543684361,0.9354708488555006,0.9451997941269918,0.9369441931055617,1.0027407556991665,0.9388306151540173,Healthy
1.6685568926602892,5.6437049849488305,3.391596603751742,2.152270345667462,4.18953881832451,0.25978624251272475,-3.733773399938973,54.329082038301124,62.41430430344205,17.79186126696743,1598.969,454.563,B0030,27,43,1.638514396616985,0.9272583626843293,0.9276702301343163,0.9373136620657879,0.9411846308976353,1.0040026966069613,0.9299336053907858,Healthy
1.6606607336720138,5.605508332941673,3.3844695827460796,1.98536642488698,4.18877344296717,0.2757082475336678,-3.7318248243234815,54.350797312061744,62.71706660837061,18.0993069612477,1592.187,445.016,B0030,28,43,1.618847673357618,0.922870271701534,0.9213917487019347,0.9333380620034163,0.9214173166393703,1.0018929090512878,0.918771819504396,Healthy
1.6435678375621086,5.55235259103951,3.3883015570002266,2.085108474542319,4.187364248433742,0.2651130763785539,-3.72789586160175,54.30570319180818,62.554566036297686,17.97517791030532,1577.484,436.203,B0030,29,43,1.6134212267751404,0.9133713262774232,0.9126544033844798,0.9247191814789326,0.9031697686601003,1.0030272752315808,0.9156920571017447,Healthy
1.6368990434475246,5.532093833043978,3.389973588057286,2.1156809695843,4.188843927084549,0.26292827053221257,-3.7258803546166885,54.311769035681074,62.48691429447336,17.832223838508305,1571.547,437.86,B0030,30,43,1.6066443601761986,0.909665312332697,0.9093244194923256,0.9212389193777383,0.9066006306823006,1.0035222408440128,0.911845868137755,Healthy
1.6442890301888187,5.551335849764508,3.386403894086122,2.08588060415804,4.184536605382707,0.2654656645758566,-3.7258300678775145,54.31694947968931,62.59235284434121,18.062387650163345,1578.484,439.109,B0030,31,43,1.6138387876938998,0.9137721108698844,0.9124872790193538,0.9253053802495566,0.909186717988111,1.0024655165952783,0.9159290424657146,Healthy
1.638894839551014,5.527693288428444,3.382990062267617,1.9452863886536,4.188530465383751,0.2797958446176236,-3.7235246959842048,54.37602664745592,62.84622214879507,18.261732751596305,1574.469,440.985,B0030,32,43,1.596329501327274,0.9107744256241369,0.908601090713253,0.9229517921855015,0.913071025262491,1.0014549316843986,0.9059917029877373,Healthy
1.6314340139769847,5.498840545635636,3.3809665909442286,1.916660490161616,4.188200529397757,0.28377900617915386,-3.7209177432015643,54.40922760509474,63.0242156686281,18.410674825071055,1568.281,431.562,B0030,33,43,1.589078586740699,0.90662826019431,0.9038584915486985,0.9193243941928805,0.893560456261168,1.0008559304166944,0.9018764696044993,Healthy
1.6231409421006768,5.4706471707693565,3.3813241868366974,1.927250989755404,4.187743893425592,0.2815770051645939,-3.7188832576508455,54.43118438830086,63.00027240816272,18.40016829196241,1561.422,432.609,B0030,34,43,1.5805481432309574,0.9020195948958865,0.8992242743774935,0.9153036568251709,0.8957282972613149,1.0009617883008357,0.8970350436731953,Healthy
1.6154578125368122,5.4526927629627,3.3870672693934285,2.051939170845275,4.1898269490660445,0.2689452856555208,-3.7178481811964144,54.42543761419732,62.80130766887856,18.174834405081796,1554.234,433.89,B0030,35,43,1.584613105427081,0.8977498896367976,0.8962730624225197,0.911090060061926,0.8983806414076265,1.0026618933096143,0.8993420999667642,Healthy
1.6368026723921194,5.519676937036225,3.382718302752806,2.0447593292567268,4.183231697201542,0.26967733345935513,-3.719718780129346,54.40878572720797,62.737405296482684,18.192281070880306,1573.734,436.203,B0030,36,43,1.5936651221220737,0.9096117565519872,0.9072834225217565,0.9225209360890928,0.9031697686601003,1.001374483648392,0.9044795430912262,Healthy
1.6160779935977057,5.457766808537946,3.3896129797375174,2.1123670299751245,4.187178870202528,0.26270816849075795,-3.6895994891111914,54.42284720424547,62.57852749153667,17.998287249371067,1566.578,426.469,B0030,37,43,1.5849874126960888,0.8980945396020589,0.8971070962777715,0.918326097686508,0.8830152659901567,1.0034154912013618,0.8995545368601544,Healthy
1.609755966299245,5.43170211247621,3.38569510149779,2.029028311417829,4.188109008087897,0.2707344068910146,-3.7133420593367292,54.38754363122996,62.84908045214772,18.27199205653762,1550.047,428.172,B0030,38,43,1.5787064969416462,0.8945812325596662,0.8928227754887764,0.9086356458093237,0.8865413722205774,1.002255695159193,0.8959898232117762,Healthy
1.6020232557483183,5.406830573849328,3.387023398111767,2.0574175231777425,4.188695408653485,0.2682601319524214,-3.711313300597217,54.45246463683033,62.7284644620379,18.08291819596719,1543.64,428.719,B0030,39,43,1.570705516096967,0.8902839739189181,0.888734577040536,0.9048798702859361,0.8876739500878938,1.0026489062447483,0.8914488921226645,Healthy
1.5941728605265975,5.38010939226467,3.3870565445350174,2.068863283525511,4.18874384592953,0.26754500740745585,-3.709186360280257,54.41109814733754,62.69299470731855,18.086477303249197,1536.781,419.094,B0030,40,43,1.562780404428482,0.8859213149938684,0.8843423480462479,0.9008591329182264,0.8677451347809073,1.0026587184666056,0.8869510203418519,Healthy
1.682579545510255,5.669192655734997,3.3729664490249562,2.4944372580491163,4.116561748956975,0.21814499108134813,-3.8333672232532003,52.655011353024406,60.84632469517393,18.016288382197892,1572.359,383.828,B0031,1,43,1.6666751942525773,0.9140541307896526,0.9038205793637817,0.9217149127794849,0.6912320068577892,0.9889495690419172,0.9187929184482551,Healthy
1.8490462963447283,6.300542487148282,3.410655663961355,2.470379105199965,4.206499027366964,0.2382056617311355,-3.8451016770532584,53.97231092767106,61.81769411336386,17.523065528995254,1723.281,555.281,B0031,2,43,1.8328583629543171,1.0044864801222,1.0044745886841264,1.0101852036395909,1.0,1.0,1.0104052008503601,Healthy
1.8407876391923006,6.272475738188724,3.411724207737072,2.432998201540817,4.206542652746716,0.24215470609216638,-3.8650342644443447,53.99108510894419,61.82805706187581,17.47854153425262,1705.906,558.719,B0031,3,43,1.8139835002945135,1.0,1.0,1.0,1.006191459819443,1.0003132957064553,1.0,Healthy
1.8313827857776623,6.244167459217646,3.414079984476593,2.455290559392926,4.206636701109276,0.24027252901849466,-3.863745544431601,53.996608338848425,61.95644236061217,17.597910662228557,1697.688,552.859,B0031,4,43,1.8044387333514835,0.9948908536680717,0.9954869049873356,0.9951826185030126,0.9956382444203927,1.001004006517404,0.9947382283568289,Healthy
1.829299145641801,6.232570177247924,3.412679097550016,2.379788594335936,4.206755471453542,0.2474269554357471,-3.8849374979545646,53.954262670522155,62.099570509363424,17.730528012234338,1686.094,555.125,B0031,5,43,1.802147684291295,0.993758925089512,0.99363798879319,0.9883862299563986,0.9997190611600254,1.0005932682123386,0.993475235027608,Healthy
1.798818144655382,6.105092623790978,3.3963237722822415,2.3704531055353044,4.172458299789621,0.24302208552283242,-3.8380587255136756,53.973288387308486,62.03750729435005,17.725167540493253,1678.563,510.797,B0031,6,43,1.7715647509798835,0.9772002518686327,0.9733146653117097,0.9839715670148298,0.9198892092472101,0.9957979071793874,0.9766156917591902,Healthy
1.8305732696282293,6.247377617553712,3.4200798093339357,2.479852487101495,4.2067410088524975,0.2384629958128421,-3.906047424985772,53.88993125496473,61.84294867967338,17.476062373731125,1677.469,562.531,B0031,7,43,1.8139928165779544,0.9944510874874447,0.9959986898821773,0.9833302655597671,1.0130564524988248,1.0027631477056336,1.0000051358148734,Healthy
1.817936512837956,6.204138267333547,3.4200087266691894,2.4765516954388933,4.2068100656143335,0.23919384198973365,-3.905358988025778,53.87262295937195,61.8379476525885,17.48877920487788,1666.093,555.343,B0031,8,43,1.8013261041198854,0.987586223490521,0.9891051837093416,0.9766616683451492,1.00011165517999,1.0027423063567111,0.9930223201189133,Healthy
1.8162493447410113,6.189718723963389,3.417702003194436,2.359674470455269,4.206952621072369,0.24847454217574322,-3.9279761474648427,53.81893583109196,61.84646585876763,17.513467869628002,1654.328,547.5,B0031,9,43,1.7883722583933568,0.9866696766488197,0.9868063237420774,0.9697650398087585,0.9859872749112613,1.0020659779020016,0.9858812156246192,Healthy
1.8046206724496758,6.155077384613703,3.420480701190782,2.4195090802038206,4.206832562039922,0.2430540029527198,-3.9274541286439484,53.82033376097016,61.76013798618494,17.397779692799105,1643.812,551.14,B0031,10,43,1.776540165737316,0.9803524502378265,0.9812835699211613,0.9636005735368771,0.9925425145106712,1.0028806886996078,0.9793585032327371,Healthy
1.8137675740027626,6.171511557713635,3.4123332615490005,2.3489668209281325,4.193946956737359,0.24768518817853868,-3.927239655425038,53.821133604090825,61.91960614794014,17.60383682094026,1652.266,533.797,B0031,11,43,1.7856209131823229,0.9853214653259005,0.9839036156233513,0.968556297943732,0.9613096792434823,1.0004918695268397,0.9843644734874458,Healthy
1.8098259476116811,6.173300862025412,3.420910074120947,2.399709439291441,4.206655556995042,0.24463499581828557,-3.9268971976071376,53.81794815350033,61.86471031425517,17.49779729826883,1648.672,555.547,B0031,12,43,1.781363403668594,0.9831801936728537,0.984188878474331,0.9664494995621096,1.000479036739957,1.003006580308867,0.9820174237413827,Healthy
1.797036987962423,6.130905546182693,3.4216539858581876,2.4168059304515817,4.207198543313955,0.24340623853705215,-3.926457770086078,53.80194299620242,61.77393480386064,17.43445992899713,1636.969,548.938,B0031,13,43,1.768489838397124,0.9762326461247456,0.9774299339024766,0.9595892153494976,0.9885769547310281,1.0032246943052758,0.9749205756888067,Healthy
1.7839511835868478,6.089765329567279,3.423749066677016,2.471072287476068,4.206978754188053,0.23924865327997885,-3.925817080441477,53.75880729814269,61.64539051089847,17.317200760614732,1625.187,541.109,B0031,14,43,1.766505238291406,0.9691238389505965,0.9708710856370397,0.9526826214340063,0.9744777869222971,1.003838969396416,0.9738265193727511,Healthy
1.7805138651084897,6.073185279588645,3.4209893105313918,2.404447263605832,4.20675228195214,0.2448759986087863,-3.9255513820662964,53.78850848662172,61.88870329111738,17.527668622767514,1622.016,543.859,B0031,15,43,1.751740527921767,0.9672565304109398,0.9682277832679784,0.9508237851323579,0.9794302344218514,1.00302981232589,0.9656871342199965,Healthy
1.7639971792632676,5.991806476587115,3.40095456627701,2.405938768821008,4.168980783747018,0.24000554640389038,-3.852591436358121,53.8368863785077,61.98674236534618,17.686798944059625,1638.422,505.391,B0031,16,43,1.7352349314055016,0.9582839115745437,0.9552538306536906,0.9604409621632142,0.9101535979080863,0.9971556502209088,0.9565880456596069,Healthy
1.807411582296624,6.1659647743551895,3.421591713831319,2.386904670931757,4.207227268504839,0.24616126267560323,-3.925749357747081,53.773379186088945,61.73655452780071,17.413951399520606,1646.438,558.641,B0031,17,43,1.7782778274549178,0.981868600057353,0.9830193103522005,0.9651399315085357,1.0060509903994554,1.0032064362244244,0.9803164290999347,Healthy
1.7944274806676104,6.119582287966627,3.420573981542695,2.365034266156857,4.207303258469689,0.24814413047405534,-3.9249912249362797,53.77386924606414,61.82230520583519,17.489948457649902,1634.765,551.469,B0031,18,43,1.7649894859707391,0.974815042464631,0.9756247044063899,0.9582972332590425,0.993135007320618,1.0029080383828077,0.9729909261490968,Healthy
1.7803764537082083,6.074954615013262,3.422624599533156,2.4186775515647607,4.207353806036226,0.24384126915560794,-3.9244475102493666,53.754659591825344,61.70265737807168,17.380111754248276,1622.016,543.531,B0031,19,43,1.762591283533551,0.967181882256337,0.9685098625455186,0.9508237851323579,0.9788395425019044,1.0035092770279541,0.9716688620637296,Healthy
1.7740542308917335,6.048606502306066,3.4201177255120836,2.360775838409723,4.206667054740019,0.2484967435425615,-3.9241185399534726,53.766677549195336,61.83339482415222,17.50846905305815,1616.25,544.797,B0031,20,43,1.744314576121582,0.9637473617924508,0.9643092703380779,0.9474437630209402,0.9811194692416993,1.002774264681923,0.9615934080097088,Healthy
1.7807597655027136,6.071699473691354,3.4199667649637617,2.4505597087782616,4.198651200144167,0.240227653218108,-3.924417903030087,53.731744909320135,61.71886225058171,17.438244958441302,1622.218,536.406,B0031,21,43,1.7628373753518478,0.9673901147467907,0.967990906162461,0.950942197284024,0.9660082012530593,1.0027300032368534,0.9718045258215625,Healthy
1.7779289827640925,6.0618663814823925,3.4203305433739613,2.3428829070219703,4.207348617133544,0.2501349576070621,-3.9240126202473213,53.77927288646249,61.9456150656118,17.592835456511125,1619.656,539.438,B0031,22,43,1.747857930947971,0.9658523041496578,0.9664232488897361,0.9494403560336854,0.9714684997325679,1.0028366626144163,0.9635467636084857,Healthy
1.7622196833727155,6.012652017235719,3.422863512888695,2.411955819284382,4.2072481474909695,0.2442756635069247,-3.9232971090768873,53.77940592279519,61.68681561807962,17.32373287988881,1605.484,540.953,B0031,23,43,1.7441167338864991,0.957318294545883,0.9585771660508592,0.9411327470564028,0.9741968480823223,1.0035793261267427,0.9614843429410075,Healthy
1.7569843191222192,5.989268173388318,3.4198002859215846,2.3413222526109294,4.207149488755062,0.2503352034951689,-3.92291737914847,53.7498055148608,61.72142337926525,17.364737492308336,1600.75,532.734,B0031,24,43,1.7268422932817389,0.9544742053424193,0.9548491573947184,0.9383576820762691,0.9593953331736546,1.0026811917886804,0.9519614114468921,Healthy
1.7507173819313449,5.966825951859258,3.4194705619732524,2.328244465576847,4.2072173595407625,0.2510352392163917,-3.9226738819129343,53.75572683773813,61.922368397426354,17.588766369393205,1595.0,533.953,B0031,25,43,1.7203093493042263,0.9510697185578252,0.9512712684612588,0.9349870391451816,0.9615906180834569,1.0025845171369951,0.9483599762759262,Healthy
1.7699079981354267,6.0241105507350605,3.4145994489347067,2.318164845471509,4.196145238330935,0.25077770432686364,-3.9229572377699213,53.754287656200816,61.87504931919781,17.566873194947604,1612.422,526.14,B0031,26,43,1.7394245516699778,0.9614949386079241,0.9604039620366259,0.9451997941269918,0.9475202645147233,1.0011563128506415,0.9588976699002882,Healthy
1.7552099274816513,5.992029166147725,3.4248774653161553,2.4548236850102603,4.2069462617112805,0.24085434647021864,-3.922700094183036,53.711431807207,61.49120341342234,17.17135383621511,1598.969,539.094,B0031,27,43,1.7367384416372014,0.9535102746842655,0.9552893333116371,0.9373136620657879,0.9708489935726238,1.0041698144744058,0.9574168901510015,Healthy
1.7475794348330747,5.958840077271456,3.420974185160828,2.3584309858697914,4.207372373768093,0.24876034746779477,-3.9220779649294735,53.69342764953342,61.70751319442212,17.38958227509422,1592.187,529.891,B0031,28,43,1.716963468448543,0.9493650422380477,0.9499981069663196,0.9333380620034163,0.9542754029041153,1.0030253775860472,0.9465154827316684,Healthy
1.7313571687848965,5.909413065002655,3.4245085053170605,2.4660401403368404,4.206841499612997,0.24023251593931505,-3.9213702793706045,53.61958378565316,61.49432037699378,17.205541792730557,1577.484,532.141,B0031,29,43,1.7127773558366357,0.9405523656952521,0.942118122358667,0.9247191814789326,0.9583274054037506,1.0040616358614214,0.9442077921648977,Healthy
1.7247297154972516,5.884827818487022,3.423217374797564,2.442554361335084,4.207073830058116,0.24227022640630272,-3.9210732675731483,53.633628437869824,61.505904797603456,17.194660495765177,1571.547,523.281,B0031,30,43,1.7061083466554066,0.9369520300853537,0.9381985780604004,0.9212389193777383,0.9423715200051865,1.0036830779984454,0.9405313479303463,Healthy
1.732418508347439,5.908378915460997,3.4217612690112014,2.455972935605985,4.202288246181564,0.24061289464997782,-3.9208447863377685,53.64298219337473,61.58650298757853,17.33017556696155,1578.484,524.922,B0031,31,43,1.713732696207521,0.9411289338663684,0.941953251327702,0.9253053802495566,0.9453267804949207,1.0032561495923478,0.9447344454507354,Healthy
1.7280824950184317,5.8901958273149555,3.420095731247544,2.3451886335989784,4.2068098855652165,0.25011918120292986,-3.9207501433470915,53.640194623026446,61.66803036509911,17.37311918352883,1574.469,527.172,B0031,32,43,1.7093475797926974,0.9387734131986449,0.9390543819011792,0.9229517921855015,0.949378782994556,1.0027678159909068,0.9423170494743598,Healthy
1.7212108263715031,5.863268773009885,3.418207639268387,2.3048157078228537,4.207132897125494,0.25339914280032527,-3.9202672088226542,53.65373339276206,61.83745125268187,17.55202614078373,1568.281,518.031,B0031,33,43,1.690100045411559,0.9350404086409091,0.9347614909552437,0.9193243941928805,0.9329168475060374,1.0022142297701964,0.9317064047920826,Healthy
1.7135752147361027,5.838285202809186,3.4190055604969225,2.327904771892418,4.207018144824621,0.2509542037978094,-3.919741625648533,53.65355338521763,61.7791359328034,17.48069801156756,1561.422,519.219,B0031,34,43,1.6946883343387664,0.9308923953270264,0.930778443233179,0.9153036568251709,0.9350563048258451,1.0024481792822995,0.9342358042747475,Healthy
1.7058187654568306,5.813782078147025,3.4200180230564365,2.3672431402232186,4.206967994384534,0.24794846811603263,-3.9196997597664827,53.647830742878845,61.63755727730526,17.340700402791136,1554.234,509.922,B0031,35,43,1.687010991299212,0.9266787374807169,0.9268719913495983,0.911090060061926,0.9183134304973519,1.0027450320458933,0.9300034928792424,Healthy
1.7271243592662715,5.87896219206419,3.41552953622903,2.32931910043758,4.198742074510769,0.2501201546469379,-3.919678832661814,53.654715008055895,61.76541153453152,17.525004121768987,1573.734,512.703,B0031,36,43,1.6957069027070075,0.9382529100554466,0.9372634406971548,0.9225209360890928,0.9233217055869011,1.0014290132889034,0.9347973134439741,Healthy
1.7192649204308315,5.857747849440249,3.4189014427486333,2.313616978242905,4.206906802432806,0.2522365024634315,-3.9194105864839486,53.66098543950281,61.71412204720752,17.436439978191792,1566.578,524.812,B0031,37,43,1.687696889615565,0.9339833035739034,0.9338813084244412,0.918326097686508,0.9451286825949385,1.0024176520879569,0.9303816100540909,Healthy
1.7009813838419745,5.803195536483916,3.423353784322714,2.464103908062826,4.20664698001037,0.24085886536911671,-3.9186527397651205,53.59867010741405,61.46370523914892,17.20045109343375,1550.047,515.89,B0031,38,43,1.6819617127259294,0.924050850639311,0.9251842141297272,0.9086356458093237,0.9290611420163846,1.0037230731016131,0.9272199622834776,Healthy
1.6940764586849009,5.778009891486149,3.4227287920309317,2.450218643464606,4.206935457661614,0.2420449926090257,-3.9185184747583235,53.628910349751585,61.45868723262231,17.163704889732678,1543.64,516.969,B0031,39,43,1.6750033888978846,0.9202997796248927,0.9211689502930847,0.9048798702859361,0.9310043023262098,1.0035398261387531,0.9233840267157533,Healthy
1.6864646220315949,5.752094127993603,3.422760457985402,2.4650879684691613,4.207096999865798,0.2411902174617894,-3.918145386509849,53.61379694880726,61.44540062417477,17.156398073178714,1536.781,507.406,B0031,40,43,1.6672987794846676,0.916164681968193,0.9170372860867549,0.9008591329182264,0.9137823912577597,1.0035491105572316,0.9191366841065365,Healthy
1.7104563678995892,5.653402086458371,3.31356881404843,2.62709691854036,4.087016142066692,0.20513547879830787,-3.895034492956119,52.14812251926887,59.47600707924567,16.210772895982537,1572.359,234.453,B0032,1,43,1.704864107351214,0.9095941982630626,0.8965844479431537,0.9217149127794849,0.5533427896427451,0.9859076921307561,0.9093730621600014,Healthy
1.8996631726463151,6.366440663326494,3.360932103985418,2.6672646952717707,4.187844886919987,0.2223001167112325,-3.9466385151298375,53.49862731805315,60.121290886265,15.742172383949672,1723.281,423.703,B0032,2,43,1.8940319526948568,1.0102114458581308,1.0096666750741048,1.0101852036395909,1.0,1.0,1.010275029677885,Healthy
1.8804609474926643,6.305487563862823,3.362818742242725,2.653980741191812,4.187701456265651,0.2250827429052549,-3.9459503925460986,53.56355547229223,60.28987126771494,15.864958949347155,1705.906,426.219,B0032,3,43,1.8747686491853093,1.0,1.0,1.0,1.0059381217503771,1.0005613437579026,1.0,Healthy
1.871193302430332,6.272810195755079,3.3620666570592657,2.614778884516638,4.187956631748198,0.22846748616219287,-3.945374357087773,53.636497641934646,60.57061862772471,16.14716229698154,1697.688,429.125,B0032,4,43,1.8654947184112376,0.995071609929103,0.9948176302344928,0.9951826185030126,1.0127966995749382,1.0003375709591105,0.9950532932273528,Healthy
1.8584704445063998,6.230469755208356,3.362352506750974,2.611753951946988,4.187837270519941,0.22894922429608536,-3.9451013111259323,53.66821955000141,60.44487262242978,16.02249681479227,1686.094,430.875,B0032,5,43,1.8527398169018068,0.9883057911861526,0.988102774306558,0.9883862299563986,1.0169269511898666,1.0004226216780374,0.9882498396305724,Healthy
1.8499138566649365,6.186204359597776,3.3539141264171213,2.6899647104301128,4.176580463554566,0.22442279388805614,-3.9441329415172497,53.78514931831166,60.80514996345169,16.401343164210218,1678.563,404.828,B0032,6,43,1.844174397003866,0.9837555303297002,0.9810826358696403,0.9839715670148298,0.9554522861532725,0.9979118954649591,0.9836810519555369,Healthy
1.8488057829909705,6.193576204856553,3.359881578137895,2.6352220172441965,4.187717629562103,0.22919466784870857,-3.944073053011351,53.80370465565283,60.79131486140098,16.358012775579454,1677.469,426.578,B0032,7,43,1.8430238477512757,0.9831662739160302,0.9822517516888556,0.9833302655597671,1.0067854133673824,0.9996874302083409,0.9830673499645791,Healthy
1.836113625483904,6.149074981059277,3.358862190732693,2.616116680441599,4.18755828453692,0.23040014570204292,-3.943421894744355,53.860865202701575,60.82453443905106,16.426447561491045,1666.093,419.062,B0032,8,43,1.8302818174911863,0.9764167811791618,0.9751942127838048,0.9766616683451492,0.98904657271721,0.9993841252400575,0.9762707618812301,Healthy
1.823268459146307,6.107997544005532,3.3601097902247443,2.637757551280405,4.1878149871796655,0.2288885440412835,-3.9431707154426756,53.86937461780675,60.93844327722512,16.541311128702006,1654.328,420.484,B0032,9,43,1.8173838456081812,0.9695859207166118,0.968679659129118,0.9697650398087585,0.9924026971723118,0.9997553316356201,0.9693909946690943,Healthy
1.8116664580246695,6.069086308819503,3.3601434422461938,2.6425811435343314,4.187881479812432,0.22882427624683382,-3.9427909793014866,53.919241142689074,61.056928797496845,16.615763110508084,1643.812,413.5,B0032,10,43,1.805799298110468,0.9634161562569418,0.9625086478009802,0.9636005735368771,0.9759194530130776,0.9997653443405509,0.9632118069049148,Healthy
1.8208990445184907,6.090960913444081,3.355149818972587,2.6868552360676885,4.180429711622443,0.22587357356852447,-3.942681377393959,54.04736439027928,61.26264235870029,16.856035654485737,1652.266,405.453,B0032,11,43,1.8149829605049184,0.9683259027242277,0.9659777855009645,0.968556297943732,0.9569273760157468,0.9982795591121956,0.9681103646007889,Healthy
1.8054603507339277,6.047810732335349,3.3593418283288132,2.6740516269543457,4.187435297570574,0.22689711932772313,-3.9184845032163937,54.07432799473692,61.30909593373104,16.894588686416846,1648.672,406.75,B0032,12,43,1.7995150369321795,0.9601158445439989,0.9591345111828881,0.9664494995621096,0.9599884824983539,0.9995268349352493,0.9598597873471846,Healthy
1.792586975604609,6.003287178488935,3.3586297517355432,2.6712280977184064,4.187467933100937,0.22695809812768247,-3.9177419538846427,54.13198237630402,61.35860964032413,16.93518624621597,1636.969,409.032,B0032,13,43,1.7866516942518147,0.9532699830830184,0.9520734309102726,0.9595892153494976,0.9653743306042204,0.9993149661526501,0.9529984913222299,Healthy
1.7795312787120605,5.959888381792757,3.3590704748251823,2.6834486699239664,4.187491241001438,0.22658712662179603,-3.916992039332035,54.1706485784692,61.48218876912336,17.076892336755087,1625.187,400.843,B0032,14,43,1.7735550719416031,0.9463271657328595,0.9451907281443677,0.9526826214340063,0.9460471131901357,0.9994460973614944,0.9460127641414907,Healthy
1.7760234061888602,5.9463531490047075,3.3579238322389635,2.670098200587867,4.1874322769983605,0.22764514080620046,-3.9165301686540293,54.230275057026425,61.55806089309812,17.120567261523135,1622.016,402.984,B0032,15,43,1.769995333364443,0.9444617334685641,0.9430441482564584,0.9508237851323579,0.951100181023028,0.9991049293310962,0.9441140026176583,Healthy
1.8055925623041276,6.023180132388497,3.346388148340216,2.6512994484308834,4.174276691190384,0.22916630533283316,-3.941133829882486,54.344649105313806,61.75555924618304,17.354212346197677,1638.422,394.25,B0032,16,43,1.799526080374287,0.9601861526088252,0.9552282946219338,0.9604409621632142,0.9304866852488655,0.9956726422328033,0.9598656779097947,Healthy
1.8029192652649892,6.028390137637529,3.3534652549262995,2.625703438629486,4.186860433427951,0.2317932813769744,-3.9168961856121998,54.34024033975075,61.788148736083365,17.386323307626412,1646.438,406.36,B0032,17,43,1.7968530684449833,0.9587645346578102,0.9560545598704597,0.9651399315085357,0.9590680264241699,0.9977783398092855,0.9584398956243563,Healthy
1.7899510852936535,5.985648305018407,3.3539379658636705,2.6363985091733704,4.187242083144707,0.23045346609812178,-3.9161279657117896,54.383818324015124,62.026796878552666,17.601806325784096,1634.765,398.281,B0032,18,43,1.7838265504081745,0.9518682574505505,0.9492760463635775,0.9582972332590425,0.9400004248258804,0.9979189885706249,0.9514915620033149,Healthy
1.7757158106706261,5.934239469948564,3.352033498067153,2.6091385279000474,4.187348698823322,0.23340630626060593,-3.9150746408037618,54.44223460892958,62.05922080379437,17.63752538194573,1622.016,399.828,B0032,19,43,1.7696444491040102,0.9442981589372003,0.941123015444213,0.9508237851323579,0.9436515672534771,0.9973523398738959,0.9439268412521292,Healthy
1.757436082420041,5.879687072002633,3.356088193037498,2.6928273258727597,4.187458308694366,0.22626898260772743,-3.8893700702054987,54.47793957059441,61.81678431928173,17.396272203899848,1616.25,390.469,B0032,20,43,1.7512940457049684,0.9345772826409078,0.9324714405432369,0.9474437630209402,0.9215629816168401,0.9985587596541519,0.934138751715313,Healthy
1.775904764770321,5.92836641617573,3.3485978246821815,2.6580053475407666,4.18032452902128,0.22962863927757368,-3.914545791564824,54.52288431969187,62.13034562682843,17.75060847372871,1622.218,391.812,B0032,21,43,1.7697554297961993,0.9443986418001636,0.9401915959919737,0.950942197284024,0.9247326547133252,0.996330101614189,0.9439860382587771,Healthy
1.7609573923712938,5.882626863799647,3.350888760453381,2.622656733898926,4.187278944270903,0.23223892521775213,-3.888729603382459,54.63737439274004,62.20855323363066,17.76877710941988,1619.656,393.797,B0032,22,43,1.7547726933914918,0.9364498607212705,0.9329376680581182,0.9494403560336854,0.929417540116544,0.9970117386423464,0.9359942594271766,Healthy
1.745088723610897,5.830862877672617,3.351949039148667,2.6579673401898325,4.186871482774904,0.22979770319538667,-3.887437874711392,54.626766126568995,62.27936068413306,17.828616805748872,1605.484,384.734,B0032,23,43,1.7389166355812984,0.9280111485100142,0.9247283130157432,0.9411327470564028,0.9080275570387748,0.9973272102622666,0.9275366517020401,Healthy
1.7399308390487613,5.809168050804397,3.349297591300232,2.62449780009349,4.187368946542894,0.23239740200156653,-3.8867994146602536,54.64310926864166,62.40536913200032,17.957780201508015,1600.75,386.234,B0032,24,43,1.7337200518764075,0.9252682654052026,0.9212876866330104,0.9383576820762691,0.9115677727087135,0.9965383077297545,0.9247647983818189,Healthy
1.7214114486720655,5.7491886934222105,3.351231111091802,2.6693549937573904,4.187171328295389,0.2291317651845515,-3.8600791350059627,54.70581681215588,62.21600779378832,17.773682473695523,1595.0,377.031,B0032,25,43,1.7150972597500092,0.9154199405030615,0.9117754392810479,0.9349870391451816,0.8898473695017501,0.9971136004556258,0.914831416929931,Healthy
1.752586322450095,5.84099588017599,3.3435018088780115,2.6245992054256915,4.179483481777926,0.23263665660952876,-3.8867131837578937,54.73634803491553,62.6157960112704,18.202726506559237,1612.422,378.828,B0032,26,43,1.7462926148815636,0.9319982554207933,0.9263353263356087,0.9451997941269918,0.8940885478743364,0.9948138508699008,0.9314709927757883,Healthy
1.7254657569524903,5.763887206900826,3.3521161040604457,2.682984874071112,4.187057003834118,0.22894987289006177,-3.859329219112499,54.729006905014316,62.26360588854172,17.83634302366989,1598.969,380.453,B0032,27,43,1.719149261914565,0.9175759588377314,0.914106506201686,0.9373136620657879,0.89792378151677,0.9973769181726349,0.9169927514318262,Healthy
1.7179191072857636,5.735321545336291,3.3500497479561155,2.6671246169170018,4.186996418231206,0.22982761440769361,-3.858428126429743,54.73589338579687,62.42580063958537,17.9984003356888,1592.187,370.672,B0032,28,43,1.711582246191498,0.9135627674567621,0.9095762202760984,0.9333380620034163,0.8748392152049904,0.9967621017942022,0.9129565116929362,Healthy
1.7014390389386154,5.674640752060828,3.346822633241171,2.6334454972272856,4.187162136817356,0.2339444499633487,-3.8566873181204584,54.73540508711326,62.5594040849182,18.15460128723477,1577.484,372.344,B0032,29,43,1.69510511952259,0.904798922417001,0.8999527307900151,0.9247191814789326,0.8787853756050819,0.9958019173527737,0.9041676263677692,Healthy
1.706887476632087,5.690222598547416,3.3445668126766406,2.6133538721871226,4.187124475593186,0.23511341027424876,-3.8827695760741974,54.74865999209295,62.582629376324434,18.16051430249054,1571.547,373.719,B0032,30,43,1.7005124371100973,0.9076963171758426,0.9024238872753422,0.9212389193777383,0.8820305733025257,0.9951307283805669,0.9070518849614132,Healthy
1.7144808990546117,5.711518387805228,3.3426166901503263,2.647938106735209,4.181856074494181,0.23177794499918844,-3.882600911283088,54.78747299373422,62.57090441669303,18.217708219971925,1578.484,364.063,B0032,31,43,1.7080989351250158,0.9117343815837472,0.9058012294780069,0.9253053802495566,0.8592410249632407,0.9945504957349858,0.9110985165381762,Healthy
1.697876227738824,5.662667885968614,3.34732439121854,2.6715941703662405,4.18690867607217,0.23045765190362508,-3.854937565206465,54.781382520592445,62.42898686923908,18.036570791705863,1574.469,365.594,B0032,32,43,1.691435430587127,0.9029042746155979,0.8980539297899416,0.9229517921855015,0.8628544050903582,0.9959512086689458,0.902210217416506,Healthy
1.690905580014679,5.636262325195665,3.3453547357724522,2.646261496806368,4.186886051758731,0.23277759052823593,-3.854046236326502,54.78435229628446,62.43152363917722,18.033831598062115,1568.281,366.531,B0032,33,43,1.6844494328889932,0.8991973921443404,0.8938662186089251,0.9193243941928805,0.8650658598121799,0.9953651642666348,0.8984838921970344,Healthy
1.6705164632617477,5.568537337591804,3.346646262078225,2.6718636231921065,4.186961283097403,0.23176930582150265,-3.825515955469031,54.845012944023324,62.5729328576623,18.168363087602373,1561.422,356.813,B0032,34,43,1.664037581688075,0.888354775720895,0.883125576126019,0.9153036568251709,0.8421299825585374,0.9957494404929357,0.8875962281592406,Healthy
1.6751000567053405,5.579623943210673,3.3430379418002483,2.6372752376377897,4.186797536056034,0.23435175114681864,-3.852185223644289,54.84412055277582,62.57967644827836,18.16297014787105,1554.234,358.015,B0032,35,43,1.6686372014231974,0.8907922597057151,0.8848838232887614,0.911090060061926,0.8449668753820483,0.9946758334796616,0.8900496614066554,Healthy
1.6964321668144802,5.64154581927029,3.3373798184076695,2.6027515790201994,4.180871809929545,0.23659653214249257,-3.8529024760904163,54.916794359881244,62.96996562520999,18.62396966241171,1573.734,359.734,B0032,36,43,1.6899344075625968,0.9021363453872514,0.8947041385986345,0.9225209360890928,0.849023962539798,0.9929923352067065,0.9014095730142313,Healthy
1.675973043103377,5.582102936344603,3.343534769020288,2.634449644633184,4.186876840985748,0.23487780880203493,-3.824369401335111,54.90429470994109,62.75574288944966,18.35366236463981,1566.578,360.75,B0032,37,43,1.669431712846442,0.8912565003479898,0.8852769718135697,0.918326097686508,0.8514218686202364,0.9948236577155187,0.8904734531228173,Healthy
1.6699474733642303,5.558815084190941,3.3406975425250534,2.612265282912701,4.186631058593124,0.2370009785146789,-3.850082677405248,54.85304065526831,62.70443033939053,18.323648986834385,1550.047,362.047,B0032,38,43,1.6634226761839213,0.8880521957081189,0.8815837043353931,0.9086356458093237,0.8544829751028433,0.993979479253279,0.8872682380872811,Healthy
1.6501457310642869,5.497694805519016,3.3456376475453258,2.6874948249577777,4.1868719484291095,0.23208981113649735,-3.820950546148158,54.870101858468004,62.46020747529598,18.03536065085222,1543.64,351.672,B0032,39,43,1.643615219594737,0.8775219359192378,0.87189051597321,0.9048798702859361,0.8299964833857679,0.9954493408474524,0.8767029576203863,Healthy
1.642392572828563,5.463759627451636,3.33983349960651,2.6076358711453813,4.186758471539941,0.239028609171694,-3.8197049752589796,54.91521152058179,62.78975435716677,18.366302814272878,1536.781,353.016,B0032,40,43,1.6358000873538243,0.873398926480482,0.8665086675873905,0.9008591329182264,0.833168516626033,0.9937223949410078,0.8725343727422954,Healthy
0.717452298185545,2.190434015640851,3.7179953044661613,1.9816234331870684,4.191105953862248,0.351519187146712,-0.8109495942196224,32.82332257180906,47.876225604831575,22.703202015833632,3260.531,19.484,B0033,2,24,0.6895699007862814,0.5998383376684965,0.6038963706796562,0.9989038356255873,0.9912494912494909,1.054828595550376,0.5939014009699285,Critical
1.196076097726932,3.6271687030932536,3.5247388250090337,1.287217552704193,4.19762922160552,0.38532641019993646,-1.3467063374074053,35.79329539654299,53.521374145800095,28.530821817591583,3265.75,19.65600000000001,B0033,3,24,1.1610848192311252,1.0,1.0,1.0005027405641171,1.0,1.0,1.0,Healthy
1.3020372964034277,3.927596971100837,3.489168398195939,1.92499373482904,4.199816411135521,0.3818428582104298,-1.4664895935962652,36.38266836733648,53.59969491765948,29.037600424081944,3264.109,19.671,B0033,4,24,1.2529393053824995,1.0885906832164511,1.0828272111389188,1.0,1.0007631257631253,0.989908351063996,1.0791109181947627,Healthy
1.3524049006321388,4.0710349987289,3.4703882503796533,1.948018740022197,4.2005663942344365,0.38439019183495776,-1.5284631729967968,36.45901475182769,53.81770081109488,29.470210857765913,3253.531,19.75,B0033,5,24,1.302918002447558,1.1307013853067542,1.1223726636307587,0.9967592993983964,1.0047822547822542,0.9845802547854758,1.1221557468216279,Healthy
1.3820450134427547,4.141306187528155,3.453967625388434,1.891347070952385,4.200743805234223,0.3907985854055647,-1.5665630077013475,36.279780573622936,53.57104302015468,29.73798855570476,3242.578,19.765,B0033,6,24,1.3218773211472523,1.1554825115803626,1.141746228675949,0.9934037129274789,1.00554538054538,0.9799215762829128,1.138484716407372,Healthy
1.3452836621640467,4.014989875150846,3.4578247593455274,1.1932458808760276,4.197576934147749,0.4090336253835544,-1.5273103379999617,36.16552578493363,54.60856796915766,30.752110491536996,3234.625,19.797,B0033,7,24,1.2884694418301417,1.1247475513645615,1.1069211839324866,0.9909672134110717,1.0071733821733817,0.981015879761436,1.1097117286257958,Healthy
1.8430849522134425,5.410727862222424,3.209334990541558,1.91705151743623,4.20050246544483,0.3346473052763693,-2.081391887401403,39.93652051985124,54.19146373008866,30.371707530477607,3235.36,19.813,B0033,8,24,1.713169326386719,1.5409428845841084,1.4917221406349666,0.9911923897149268,1.0079873829873824,0.910517104918641,1.4754902467170197,Healthy
1.7980044345442552,5.405520306326119,3.2871463464425337,1.9084502918482384,4.199260915072752,0.3420253749196088,-2.0319336640836947,38.25328053802186,52.93433121063188,29.09944848946452,3236.125,29.891,B0033,9,24,1.6560966776720512,1.5032525421762464,1.4902864324221494,0.9914267568883269,1.5207061457061448,0.9325928840796053,1.426335656312107,Healthy
1.7739142426803054,5.374346127713623,3.3197461384202485,1.9529802665635712,4.200453230054564,0.3471792806668897,-2.007342900413476,37.62899446299115,52.5032036116964,28.713125730222895,3230.25,39.671,B0033,10,24,1.6197297341990775,1.4831115227965166,1.481691800861199,0.9896268782690775,2.018264143264142,0.9418417372843901,1.3950141345157443,Healthy
1.7597036666524335,5.347773802974226,3.3333097880411087,1.9889951350881316,4.200671023041403,0.34835447982855144,-1.9948389441406584,37.32713409422701,52.17652816361563,28.400731013505403,3226.078,49.75,B0033,11,24,1.604655812282729,1.4712305262153809,1.4743658872038785,0.9883487346776716,2.5310337810337797,0.9456898662647907,1.3820315154454765,Healthy
1.758890600961548,5.360383896642595,3.335992217657965,1.9634548720089504,4.19613941105053,0.34314906991892163,-1.994851949410258,37.40237649452651,52.04937847239831,28.14102494162407,3224.5,50.031,B0033,12,24,1.6255699769029337,1.4705507486557166,1.4778424538321733,0.9878652949395992,2.545329670329669,0.946450895592077,1.4000441225124212,Healthy
1.7468617911742068,5.346896153059861,3.3499333575510475,1.9596564991730565,4.200736119460894,0.3483540819704434,-1.982103275692543,36.99574275414158,51.73549267436528,27.573490996008413,3222.188,60.406,B0033,13,24,1.5900967306245992,1.460493855277276,1.4741239216416986,0.9871569852599898,3.0731583231583217,0.9504061219464854,1.3694923095089362,Healthy
1.742989167177945,5.342544762922597,3.352100511151755,1.9224375381620544,4.199983318886737,0.3522602383325015,-1.9816298756157713,36.85780455256667,51.66117418178819,27.407427140400024,3216.546000000002,70.54599999999999,B0033,14,24,1.5739402299623984,1.4572560813566855,1.4729242558711066,0.9854284890608745,3.589031339031337,0.9510209628491165,1.3555773048558741,Healthy
1.7298713673170618,5.3223192152545815,3.364435103530164,1.9701535031712945,4.198997952942716,0.34750421966199346,-1.9691328896327156,36.6450177655176,51.20270858784091,26.72631963922413,3211.859,70.875,B0033,15,24,1.5711303351557309,1.4462887190911802,1.4673481304345457,0.9839925688756105,3.605769230769229,0.9545203972727089,1.3531572449600533,Healthy
1.737308431126177,5.355587916798686,3.3619403221625435,1.9056198246248632,4.200390681379551,0.34371856613760393,-1.9747683237565223,37.06472736671567,51.54633126076106,26.97674713388356,3215.859,81.218,B0033,16,24,1.5897706153457416,1.452506604243512,1.4765202159556114,0.985218018148291,4.13196988196988,0.9538126054357877,1.3692114383155003,Healthy
1.7386530794896535,5.386962880722612,3.3654741602580085,1.9194841380159544,4.19244756297013,0.3290407092260201,-1.9682317715937605,37.66051476409482,51.68734548388082,26.031938043352937,3225.125,81.781,B0033,17,24,1.6257378771074,1.4536308206424786,1.4851702034505878,0.9880567713884555,4.160612535612534,0.9548151869803809,1.4001887288337556,Healthy
1.75378044662254,5.4585585002673636,3.3663272801721305,1.8976584375642789,4.2017771251555125,0.3199436035889107,-1.9814766540711188,38.32310986221148,51.806645557310055,25.455153793010286,3234.343,92.406,B0033,18,24,1.6523506333962537,1.4662783162003574,1.5049089102506588,0.9908808192373477,4.70115995115995,0.955057224747284,1.4231093250279911,Healthy
1.728312331496625,5.365294996285427,3.377217174172977,1.9491950772703672,4.201164004146235,0.3314869981371732,-1.9615148467447636,37.01126182016035,51.0135246257672,25.688205255622247,3218.25,92.781,B0033,19,24,1.6143816761595386,1.4449852603702849,1.4791964299068574,0.9859505304510359,4.720238095238093,0.9581467852910552,1.3904080472162132,Healthy
1.71321588560119,5.310232254124224,3.380792043459977,1.984512151427813,4.201517882926393,0.3365751854561237,-1.9543536128625176,36.45751890099188,50.612625791907234,26.119100758546374,3203.5,82.797,B0033,20,24,1.58697453394504,1.4323636170449774,1.4640157899453785,0.9814316862580263,4.212301587301585,0.9591610077524857,1.3668032754023438,Healthy
1.7092326494923218,5.292898576289741,3.379892729676732,1.9563552671465751,4.20178668140198,0.3396532312865974,-1.9543735971035472,36.24583239287416,50.4762319652216,26.283705624957097,3194.39,83.062,B0033,21,24,1.5818355572787333,1.4290333639645603,1.4592369447210856,0.9786407255394963,4.225783475783474,0.9589058643708359,1.3623772622625716,Healthy
1.783153890670331,5.553150682444114,3.3335163148815434,1.9541530671990093,4.1779630595627175,0.29027121418456664,-2.008024980015611,38.88044910257506,52.80944186421341,26.86561485723612,3225.219,73.25,B0033,22,24,1.6919769406371152,1.4908364894667687,1.5309877033589259,0.9880855694463635,3.7265974765974748,0.9457484597807044,1.457238017940454,Healthy
1.7796417038887729,5.537313962602315,3.35231211831231,1.9044972660711088,4.196973763278454,0.30831032051658647,-1.9876053283446151,37.68662439550755,52.001298745862094,27.09842846211803,3252.985,84.313,B0033,23,24,1.6879483800354476,1.4879000652808554,1.5266215651563402,0.9965920255726755,4.289428164428163,0.9510809976973877,1.4537683656506795,Healthy
1.7623501142056908,5.468870044636341,3.359089419531549,1.874834635726596,4.200398891523595,0.32107641770513845,-1.9736296482799287,37.02885798715912,51.65598739515965,27.56309023470543,3245.25,84.547,B0033,24,24,1.6586223007531458,1.4734431342244254,1.5077517734348784,0.9942223130416294,4.3013329263329245,0.9530037788042182,1.42851088334054,Healthy
1.7468360836870043,5.419538219557174,3.3667293867076395,1.897981208291145,4.200117032191553,0.32414208658893173,-1.9603089116784294,36.84829116229335,51.50939532095622,27.56755762084614,3235.031,85.10900000000001,B0033,25,24,1.6420179032789863,1.4604723620903028,1.4941511308628646,0.9910915965122489,4.329924704924704,0.9551713059758437,1.4142101215020078,Healthy
1.731372181148651,5.378749447043613,3.376711639438572,1.991339490634848,4.199696801054791,0.3218890305113085,-1.9466374008279725,36.78338270641005,51.25839715822789,27.293687768860323,3228.141,85.344,B0033,26,24,1.6381810791118745,1.4475435003165902,1.4829057833611679,0.9889807601400566,4.34188034188034,0.9580033605553506,1.4109056048090305,Healthy
1.7354034589660663,5.383533861939168,3.367781888938211,1.8710207024150525,4.199468615978848,0.3269708600953183,-1.959191352221616,37.1454352740502,51.77188968997154,27.60017939029222,3217.875,85.54599999999999,B0033,27,24,1.6422892507912386,1.4509139194939957,1.4842248328146646,0.985835644581722,4.3521571021571,0.9554699102931632,1.4144438232159204,Healthy
1.7325420124095563,5.387755285682184,3.3728392448665945,1.9449657495126544,4.1967559287812986,0.31888987401811475,-1.9525734623288529,37.43950673452506,51.73759469619592,27.065849601536353,3220.219,85.875,B0033,28,24,1.651270876264092,1.4485215578692228,1.4853886672234187,0.9865537578555128,4.368894993894992,0.9569047275035903,1.42217936959814,Healthy
1.7264870561142016,5.364575968895929,3.374002354868022,1.907571146047148,4.199575185389948,0.3241178895292552,-1.9519388696631121,37.21232307005263,51.61243426951156,27.086577331976542,3210.234,86.062,B0033,29,24,1.6326559297917211,1.4434592074829373,1.4789981961194727,0.983494730108584,4.378408628408626,0.9572347122369768,1.4061469952495564,Healthy
1.7199074857993715,5.328693128813675,3.372312698394194,1.853794752061886,4.199545032445997,0.33349777206855014,-1.944321269342409,36.823942592131566,51.546238399221565,27.531864321033076,3210.546,86.54599999999999,B0033,30,24,1.6260888111680731,1.4379582445196826,1.4691054001070751,0.983590315151853,4.40303215303215,0.9567553415494695,1.4004909755386135,Healthy
1.703056504514579,5.281413683489948,3.3827767161652114,1.973807027309784,4.199505571389485,0.33012971984914957,-1.9306892906025632,36.46405070511895,51.03143629880169,27.386096412464646,3200.969,86.73400000000001,B0033,31,24,1.6079292963823688,1.4238696916953122,1.4560705927424749,0.9806562832307377,4.412596662596661,0.9597240771893337,1.3848508478882238,Healthy
1.7071200073603996,5.287741367108246,3.375532247108578,1.8729343749213587,4.199241343123339,0.3348079651755557,-1.9434335891264498,36.76266900330653,51.41437811978397,27.6144968867811,3188.625,86.922,B0033,32,24,1.6125361114907395,1.427267053162148,1.4578151169530256,0.9768745467752455,4.42216117216117,0.9576687563793969,1.3888185296906794,Healthy
1.7048173411587897,5.294335762948395,3.3809635204151607,1.973162822681108,4.196166399561636,0.3256671740792387,-1.9370016811131343,37.105629207043215,51.44638168113912,27.171304607793033,3191.735,87.36,B0033,33,24,1.6218384168987892,1.4253418694669082,1.4596331729575687,0.9778273335847547,4.444444444444442,0.9592096573017705,1.396830266003113,Healthy
1.6977918984521605,5.272994335827917,3.3849609857132434,1.9801558945564504,4.199389890561037,0.3276255481394452,-1.9294565493698395,36.92446822577901,51.30248392082844,27.073230931932763,3190.313,87.547,B0033,34,24,1.6145443029101134,1.419468127219253,1.45374940275899,0.9773916863683167,4.453958078958077,0.9603437740396462,1.3905481117040794,Healthy
1.6916580876860197,5.238307627099943,3.3815674619499325,1.8983018980313588,4.199342510279409,0.3366213934986797,-1.9282533581562027,36.60695698382364,51.29496206472584,27.52370626944819,3182.156,88.031,B0033,35,24,1.5953958917107596,1.4143398491959753,1.444186376727586,0.9748926889390029,4.478581603581602,0.9593810009288464,1.3740562836462171,Healthy
1.6841721815294988,5.217078785141788,3.385185787754866,1.943860439855496,4.199371542863236,0.3353039637243563,-1.9211152251549157,36.55039143131212,51.186634675664926,27.489993650988147,3180.156,77.10900000000001,B0033,36,24,1.5877243027113055,1.4080811285587622,1.4383336459350946,0.9742799643026627,3.9229242979242964,0.9604075523939536,1.3674490238901778,Healthy
1.677959377885351,5.197840178299086,3.386460424025938,1.9632916036547936,4.198739953896501,0.33543862277761805,-1.9205487390114635,36.58233147774771,51.18261676158976,27.43002780603979,3171.953,77.218,B0033,37,24,1.5811840578305605,1.4028868071807539,1.433029617251153,0.971766874206713,3.9284696784696767,0.9607691781297466,1.3618161495536791,Healthy
1.697313477104186,5.281514911800084,3.38478424054856,1.966790843925578,4.196658469661701,0.32324415766624987,-1.928157401644312,38.03675863150647,52.16803502599322,26.79286083226545,3192.172,88.782,B0033,38,24,1.6128422608267754,1.4190681348200374,1.4560985010970133,0.977961213917795,4.516788766788764,0.9602936298521025,1.3890822049458933,Healthy
1.7044888740035793,5.31298791554508,3.382889233805488,1.9197120509411163,4.199179844744276,0.32076683677375734,-1.9349668442210473,38.760697217070216,52.74767841756611,26.63476243213339,3194.735,89.469,B0033,39,24,1.61998606328022,1.4250672488505154,1.4647755178892445,0.9787464205392652,4.551739926739924,0.9597559994524751,1.3952349014027943,Healthy
1.6948519112161304,5.274325102110345,3.3844125991586744,1.90479520665137,4.199367783528825,0.32688255763204077,-1.9341884259387427,38.235160610115415,52.43795613968632,26.4191097382684,3178.75,89.328,B0033,40,24,1.6099381853611876,1.4170101003080746,1.4541162912032173,0.9738492188833155,4.544566544566543,0.9601881918584423,1.3865810306841277,Healthy
1.6749446601191575,5.188839599107373,3.385796894558174,1.9002006601986487,4.199251268298133,0.33786485239244524,-1.9188525560254726,37.20770413073148,51.81197793605918,27.309567710287762,3165.359,78.219,B0033,41,24,1.577097753956516,1.4003663005240932,1.4305481834033043,0.9697467210806993,3.9793956043956022,0.9605809288719417,1.358296765089803,Healthy
1.6689044325081062,5.156339043116607,3.3829095031701564,1.851172103937757,4.199383120313636,0.3453175190459955,-1.9177244980858124,36.9160184906247,51.73653410504897,27.73931267425829,3155.25,78.406,B0033,42,24,1.5708599066554392,1.3953162643077266,1.4215878734064051,0.9666497044063174,3.9889092389092373,0.9597617500529237,1.352924334757618,Healthy
1.7116981474597412,5.3150218897239005,3.3669463001908237,1.9532771236637267,4.1862894653699865,0.3196883807887573,-1.955575681668958,38.272310782775065,52.54160752520686,27.203915880968086,3173.766,78.906,B0033,43,24,1.6261581345348248,1.4310946859591265,1.4653362787320159,0.9723223090895555,4.0143467643467625,0.95523284627541,1.4005506812255741,Healthy
1.719958667455063,5.353123104759311,3.3716190861386144,1.8536215036991408,4.19649142433425,0.32269824723413887,-1.9478198159800646,39.1034201890991,53.32326193954195,26.968262656501164,3199.485,90.641,B0033,44,24,1.6348129972245726,1.4380010358235042,1.4758406743513643,0.9802016415505733,4.611365486365484,0.9565585575351028,1.408004798742569,Healthy
1.697782947597569,5.27799489620954,3.383250579221141,1.8889976705304932,4.1993042516227,0.32823362903924014,-1.9259112286553688,38.33805950325132,52.66626648084271,26.792840877833886,3196.015,90.75,B0033,45,24,1.611705363734261,1.4194606437032724,1.4551280429025704,0.9791385643065228,4.616910866910865,0.9598585163859538,1.388103036952579,Healthy
1.9849638465098955,6.25244949821309,3.3541040884435995,1.9693514891283213,4.297261420299437,0.2874121371439623,-2.0032895520905885,40.78203629126505,55.391416850220025,27.83915240642355,3595.281,148.765,B0033,46,24,1.8851401699720665,1.6595631751877622,1.7237823795956868,1.1014586216330398,7.568426943426939,0.9515893956866445,1.6236024610333064,Healthy
1.7458431679455686,5.4376855600928415,3.363721350351351,1.9935504677327176,4.196439332501794,0.30937653146286825,-1.979333360750941,38.52395699562303,52.73529025292928,26.852684965072065,3198.0,91.125,B0033,47,24,1.6584957887780232,1.4596422178015551,1.4991543005583328,0.9797466935080906,4.635989010989009,0.95431789909788,1.4284019231913525,Healthy
1.7244165276864232,5.345708033888943,3.366918878823245,1.9102322543360104,4.198801406927717,0.3277958024394289,-1.9635759174250933,37.84185542205372,52.530629852108135,27.61369335945297,3183.516,79.735,B0033,48,24,1.62418934644937,1.441728106567441,1.4737963605966597,0.9753093416917143,4.05652218152218,0.9552250665876261,1.3988550358662981,Healthy
1.7051990508897548,5.28151386238017,3.3760336978502696,1.9518631378335147,4.199283799066005,0.3308361947421618,-1.9412525646606564,37.464100471383695,52.2186933985822,27.657750070510662,3183.797,79.891,B0033,49,24,1.604172098856364,1.4256610044547995,1.4560982117749552,0.9753954295031202,4.064458689458688,0.9578110224497604,1.3816149107165598,Healthy
1.7089106463684467,5.295415157296212,3.3722882262741316,1.8963514295309496,4.198824744163288,0.3293365663015828,-1.9409306611824064,38.110532137074216,52.72731536294026,27.75194796847431,3191.516,80.125,B0033,50,24,1.6080016740907346,1.428764147712779,1.459930758880963,0.9777602402370754,4.0763634513634495,0.9567483985896427,1.3849131841681983,Healthy
1.7136602477129244,5.326922402082964,3.371464716917886,1.8979233738345112,4.1991786619721845,0.3206818886340704,-1.9482858308608435,39.04860411133125,53.20573413452146,26.98439364527799,3189.985,80.25,B0033,51,24,1.6256752138435595,1.432735133633745,1.4686172158301207,0.977291199527957,4.082722832722831,0.9565147616034346,1.400134759250481,Healthy
1.7060182842047662,5.298572351872793,3.3745591325939,1.9266531976002357,4.196322805258936,0.32276010570397495,-1.9406336588697692,38.882226863166906,53.164414772235126,26.707749836126688,3189.734,80.578,B0033,52,24,1.617632765910718,1.4263459385627282,1.4608011883632996,0.9772143025860962,4.099409849409848,0.9573926750686985,1.393208092223547,Healthy
1.686396041725831,5.2221098625985976,3.3793714907223658,1.939997570224548,4.199012202779581,0.331238286831147,-1.9251256018615566,38.10273900805949,52.600411784093296,27.295650553661066,3176.016,80.75,B0033,53,24,1.5973191489094265,1.409940425137432,1.4397206995487075,0.9730116243054384,4.108160358160356,0.9587579842071574,1.3757127149136077,Healthy
1.676713581967846,5.187146961301922,3.3812950636091506,1.9585672641473333,4.198460705965928,0.33319810150493845,-1.9170834321948271,37.915376799712824,52.46865748904612,27.396270997468797,3171.36,81.0,B0033,54,24,1.5875852250170606,1.4018452380699986,1.4300815280188972,0.9715852013520383,4.120879120879119,0.9593037190778197,1.3673292413454907,Healthy
1.6697234961039493,5.15991733630009,3.382171233915879,1.9572832344435456,4.198803103697235,0.33559926699529397,-1.9091378265076395,37.92480929373238,52.40979732740365,27.485453631694288,3170.843,81.187,B0033,55,24,1.5802530015403684,1.3960010565190246,1.4225743985659411,0.9714268120335442,4.130392755392753,0.9595522964477264,1.3610142647346108,Healthy
1.6724124378832403,5.1715162323768284,3.3795623822599756,1.916168037790613,4.198672374221831,0.3347222039655111,-1.9160969808869277,38.34698157796738,52.83404254463567,27.49101074079818,3164.672,81.469,B0033,56,24,1.583036530487776,1.398249192556858,1.4257721809207697,0.9695362501681164,4.144739519739518,0.9588121418475066,1.363411616677642,Healthy
1.6789530600868077,5.20370225583627,3.37961009118628,1.9463675093023411,4.195265814954276,0.3274557045473725,-1.9162480832673106,39.30988108210959,53.60145197534956,27.17433392318455,3177.453,81.73400000000001,B0033,57,24,1.6027138832797037,1.403717592281589,1.4346457752016186,0.9734518669566489,4.158221408221407,0.9588256772975564,1.3803590028341142,Healthy
1.669693272518938,5.175287039416478,3.3842875440340876,1.978054954648292,4.198697754700443,0.3289433786988098,-1.9085281127715084,38.964980792259276,53.25152711755672,26.68147459226126,3172.375,81.828,B0033,58,24,1.5930709154513834,1.395975787570779,1.4268117815978583,0.9718961591049808,4.1630036630036615,0.9601527125986176,1.3720538664060056,Healthy
1.648752108706124,5.0761741492900665,3.3822784871834886,1.905966283713238,4.198102779366344,0.3451538867291114,-1.8916136445674485,37.72135386687406,52.64070518740206,27.855609241052296,3158.406,70.156,B0033,59,24,1.5448888685020246,1.378467567272245,1.3994866422841319,0.9676165838824623,3.5691900691900678,0.959582725161153,1.3305564269844263,Healthy
1.6393280246763582,5.0371734234195005,3.3814602813053565,1.90750106961619,4.19847889707735,0.3493256655073447,-1.8905533567609434,37.45856152891539,52.51312011499367,28.152158922316264,3141.578,70.078,B0033,60,24,1.5352188565640517,1.3705883996777453,1.3887342541094914,0.9624611187922952,3.565221815221814,0.9593505928192254,1.3222279984512066,Healthy
1.6296299158162033,5.000991649318841,3.382560441964418,1.9292976600569,4.198444396938235,0.3512191730964069,-1.8823068188002856,37.2659552140469,52.3982280962388,28.27116697163673,3138.187,70.34299999999999,B0033,61,24,1.5252677314227332,1.3624801289092001,1.3787590428462813,0.9614222441713803,3.5787037037037015,0.9596627182599122,1.3136574573705746,Healthy
1.646900086230791,5.070094413244358,3.3801788533503028,1.8981581536679577,4.195342051626477,0.34344396051988346,-1.890547939656295,38.74887799470947,53.455944890050766,28.004210090208602,3157.969,70.422,B0033,62,24,1.5559492005453626,1.3769191520176867,1.397810476507634,0.9674827035494219,3.5827228327228307,0.9589870402218069,1.3400822875074003,Healthy
1.6561593075365915,5.11463649016052,3.3800922874688264,1.888436111770808,4.198552819065784,0.33742773324266107,-1.898085696931241,39.69321386954275,54.15574298880717,27.52898449797524,3159.281,70.781,B0033,63,24,1.564802943842715,1.3846604832953513,1.4100905992596242,0.9678846509108612,3.6009869759869746,0.9589624807052657,1.3477076936368295,Healthy
1.64289121997893,5.063389372522742,3.382133740383054,1.8935389971250935,4.19849232388628,0.34325178695689645,-1.8896314109891985,38.99544744527789,53.69393683990001,27.269102739829897,3150.375,70.81299999999999,B0033,64,24,1.5518620461881203,1.3735674704152538,1.3959619160268664,0.965156188105238,3.602614977614975,0.9595416591963764,1.3365621705533703,Healthy
1.619727798306808,4.962195652981387,3.3814913105388644,1.904031637069275,4.198232140934075,0.3540574577667707,-1.872743521398214,37.746988287643894,52.91956948214362,28.27627199799278,3134.078,71.0,B0033,65,24,1.5144550545105004,1.3542012931994876,1.368063098016263,0.9601634014060192,3.6121286121286102,0.959359396090914,1.3043448931778976,Healthy
1.6107485136240502,4.926938210015191,3.3819655060503893,1.9196175823544368,4.197903885845773,0.35641616771640805,-1.8642972903813007,37.50735630364932,52.77330169161603,28.48244743887217,3129.797,58.969,B0033,66,24,1.5051936202146428,1.3466940077518288,1.3583427221936195,0.9588518643219329,3.000050875050874,0.9594939296081665,1.2963683576634717,Healthy
1.7109212824781295,5.244225314459089,3.329913840594753,1.852348915398631,4.181130210987576,0.3265687816307457,-1.959422143897036,38.883555668352116,53.75237854927132,28.826155920135353,3161.89,58.937,B0033,67,24,1.605823969917045,1.430445174625284,1.4458178661463439,0.968683950198967,2.998422873422872,0.9447264055333854,1.3830376070031023,Healthy
1.7162346743300971,5.288865882354398,3.3467196974403497,1.8154710749647816,4.195489950082467,0.3277930018072778,-1.9438219079215997,39.70651744278487,54.49882525049124,28.24923585794746,3196.859,71.547,B0033,68,24,1.6249005195877049,1.4348875273000556,1.4581251425785757,0.9793971341030584,3.639957264957263,0.9494943777662086,1.399467543347712,Healthy
1.6825970461125326,5.1780564436763425,3.366597142576843,1.9709912361310515,4.197775741628386,0.3336446305154146,-1.9207619197190013,38.69688917568081,53.48032268666943,27.760359737662508,3171.906,71.828,B0033,69,24,1.589785130036615,1.4067642094931947,1.4275752984029912,0.9717524751777591,3.6542531542531527,0.9551337871305158,1.3692239392892733,Healthy
1.6622614301091527,5.0859227360099775,3.3665010841717966,1.8937050882323647,4.197620289512095,0.34902864502261927,-1.9034234318764343,37.93115370815919,53.19212326974819,28.66083765717057,3160.842999999993,59.656,B0033,70,24,1.5552386152299904,1.3897622678591912,1.4021742996604203,0.9683631888518408,3.0350020350020337,0.955106534499948,1.3394702862964614,Healthy
1.6471019434799508,5.028849134651378,3.3683893640779714,1.936708367530743,4.197694092086119,0.35157699589745434,-1.8953087437661214,37.670702628979534,52.91631108720558,28.777169818819438,3147.141,59.469,B0033,71,24,1.539756404636803,1.3770879182438016,1.3864392715901992,0.9641654123682757,3.025488400488399,0.955642256435649,1.326136023082651,Healthy
1.6364280200190329,4.9865256614995515,3.3686183095745217,1.898472277042985,4.1974767325796405,0.35740884846863263,-1.8860721599248624,37.48833504505954,52.95164787724483,29.08245886404388,3141.203,59.672,B0033,72,24,1.5293174002138357,1.3681638008893935,1.3747708115277453,0.9623462329229815,3.035816035816034,0.955707210325261,1.317145289373911,Healthy
1.6547719442492452,5.054966827663127,3.3619229093944987,1.8471266740226868,4.196099622186929,0.35105170589877865,-1.9022031487355253,39.01194436489727,54.15703950174405,28.95994901990895,3151.047,59.766,B0033,73,24,1.547680553576876,1.383500554349373,1.3936398445851843,0.9653620635830482,3.040598290598289,0.9538076652774075,1.3329608035025005,Healthy
1.6592994152871632,5.08310132577239,3.362373596039391,1.8671703949444944,4.196552042597536,0.34344427803515304,-1.9025608542682582,39.95408175672587,54.90254753232506,28.501609738489893,3159.172,60.063,B0033,74,24,1.5659920939439786,1.3872858244057866,1.401396444956507,0.9678512574181806,3.055708180708179,0.9539355291184656,1.3487318652404607,Healthy
1.6357368406659998,4.990636635126669,3.368466070250841,1.937874589200696,4.197202431807518,0.351963456425703,-1.8857964938998257,38.629206981182826,53.80008363828377,28.54061779960633,3141.047,60.031,B0033,75,24,1.5416252851780503,1.3675859284995457,1.3759041951565827,0.9622984404013469,3.0540801790801777,0.9556640186644773,1.3277456217185928,Healthy
1.6258477310280286,4.932942135863347,3.36347185491077,1.8429746742692776,4.197066813581793,0.3646773409848846,-1.8764237604426466,37.93003488357471,53.54505652293522,29.39208700172024,3135.0310000000027,47.578,B0033,76,24,1.517590655990168,1.359317968244538,1.359997987316258,0.9604553646952362,2.4205331705331696,0.9542471150049393,1.3070454723498344,Healthy
1.6158044723243916,4.894163463552869,3.3632359535533887,1.8767034375876257,4.196924945892409,0.3664722862105914,-1.8755057458521922,37.62158369702063,53.29577183051126,29.497085556220753,3117.984,47.609,B0033,77,24,1.5075202042593092,1.3509211290110448,1.3493068186707502,0.955232806257389,2.422110297110296,0.9541801876752581,1.298372159630504,Healthy
1.6181298751523445,4.886723749696916,3.3583847581016526,1.823408615215652,4.196262893825219,0.3726169162054085,-1.8746252042601181,37.78621151878811,53.69065218748237,30.151683085465528,3125.328,47.828,B0033,78,24,1.49549282626034,1.3528653220539224,1.347255710915655,0.9574827311220305,2.433251933251932,0.9528038600400542,1.2880134177024734,Healthy
1.6090184540239303,4.870465573385374,3.3645795285682984,1.914352330463475,4.196791007353091,0.36574600753622427,-1.866968412651517,37.780545613375104,53.4617189956508,29.589824799524948,3120.172,47.859,B0033,79,24,1.4997618811573148,1.3452475616574644,1.3427733783741118,0.9559031270095454,2.4348290598290587,0.9545613719506367,1.2916901989558893,Healthy
1.6002159790284929,4.834497827661852,3.3647328172276567,1.9242052922699,4.196494518150467,0.36867412049046844,-1.8579558703430965,37.48831223397221,53.31089209854774,29.82113370073305,3116.641,48.047,B0033,80,24,1.4906966807803954,1.3378881009909014,1.3328571741201303,0.9548213616640866,2.444393569393568,0.9546048613173582,1.2838826725574972,Healthy
1.6036949686422577,4.840693666547052,3.360281651978189,1.846946703906843,4.196813869211146,0.3721749458886071,-1.8652023718774091,37.84650784146758,53.6277468644108,29.891560214247896,3110.844,48.047,B0033,81,24,1.4800999425051866,1.3407967701135237,1.3345653491162137,0.9530453793056544,2.444393569393568,0.9533420258363615,1.2747560884357394,Healthy
1.591864475323612,4.810487380074346,3.3661837656093314,1.912127707319289,4.196812382131576,0.3700076183054515,-1.856568813720333,37.50067380952265,53.311289666668536,29.736017131653565,3101.406,48.109,B0033,82,24,1.4676091496100632,1.3309056826307717,1.3262375626399614,0.9501539317467645,2.4475478225478215,0.9550165083793702,1.2639982241623997,Healthy
1.5836553242994356,4.784449761016988,3.369029139242048,1.9981993087869525,4.194034862013672,0.3681418108786442,-1.8482708540348454,37.467710565988114,53.24781973161767,29.786071210809748,3099.563,48.266,B0033,83,24,1.4729818491920503,1.3240422806785235,1.3190590658043568,0.9495893059943771,2.455535205535204,0.955823766384567,1.2686255343235515,Healthy
1.5851596194283737,4.779061228252949,3.3652385724141607,1.9676969517091,4.196764423571106,0.37045313434070654,-1.847975231148244,37.598185411610906,53.32567282742489,29.81208435711082,3104.64,48.203,B0033,84,24,1.4742872137206404,1.3252999725024777,1.3175734627885825,0.9511447074837268,2.4523300773300765,0.9547483485972995,1.2697497971740936,Healthy
1.5880820020771331,4.787778779602239,3.3618926452165643,1.8011165493797343,4.196547768827336,0.37819789474324744,-1.8544013778989676,37.701434924362204,53.67135316275077,29.926828879599277,3099.875,48.469,B0033,85,24,1.4635162808346138,1.3277432807955813,1.3199768666726794,0.9496848910376461,2.46586284086284,0.9537990790588429,1.2604731855884224,Healthy
1.5781829556002043,4.751514161208703,3.363675541904795,1.935722285136851,4.196047705028354,0.37378157223478964,-1.8463602302715179,37.53461374251148,53.425915759836265,30.013491033743808,3093.25,48.672,B0033,86,24,1.4527095680488362,1.3194670126753996,1.3099788154757197,0.947655240679769,2.476190476190475,0.9543049028309705,1.2511657580802977,Healthy
1.5808425603563299,4.753865395629516,3.3590605059993033,1.8530896744385117,4.196278080515848,0.3780467998915988,-1.8534144162144512,37.84394106488913,53.80241246385534,30.17501153680897,3086.688,48.578,B0033,87,24,1.4557303847230247,1.321690620990272,1.310627044056543,0.9456448911479366,2.4714082214082205,0.9529955757759425,1.25376747728647,Healthy
1.5719010704679484,4.7266677305726335,3.3651551542737717,1.9965159983729224,4.195876729666962,0.37375893344130273,-1.8376882337108682,37.62240216799661,53.538703332548565,30.183360941411564,3094.281,35.578,B0033,88,24,1.459740099618568,1.314214934530711,1.3031287258686717,0.9479711002298024,1.8100325600325593,0.9547246821231207,1.2572208984570254,Healthy
1.5745676311083447,4.726585932341497,3.358584830353844,1.817348554391127,4.195934498287595,0.3818420758391329,-1.8440924557115652,37.85402355267617,53.85443523479271,30.309391463995627,3088.328,35.781000000000006,B0033,89,24,1.448711504158192,1.316444358432304,1.3031061743311414,0.9461473253497356,1.8203601953601949,0.9528606223314251,1.247722371495249,Healthy
1.5780764910742713,4.743102406510126,3.35905242705326,1.840119681149193,4.196120687135332,0.3778421829364757,-1.8441168780731472,38.470904652851125,54.31271092311757,30.208426711431464,3095.687,35.812,B0033,90,24,1.4666759762884336,1.3193780011767706,1.3076597188504642,0.9484018456491495,1.821937321937321,0.9529932837065314,1.2631945160213809,Healthy
1.5807224602011147,4.7656982689811676,3.362682403709533,1.8717606752777656,4.195965348408379,0.37230408249649405,-1.8444990382739714,39.05355467673962,54.71724968436856,29.82618089465625,3102.062,49.125,B0033,91,24,1.4689502109504418,1.3215902091891805,1.313889333274456,0.9503549054274841,2.499236874236873,0.9540231406226004,1.265153231374764,Healthy
1.5831445703767093,4.7832796792764345,3.3650098815184712,1.9004154638642283,4.196021550334557,0.36812944134459674,-1.8447179134276697,39.44221992740732,55.03279239327084,29.26628824642117,3107.141,49.016000000000005,B0033,92,24,1.471116588522042,1.3236152560739043,1.3187364776270947,0.9519109196414703,2.4936914936914927,0.9546834669402341,1.2670190533506598,Healthy
1.5737145353781776,4.714083831289083,3.355774785877264,1.795323655635375,4.19600538145272,0.38602587913421765,-1.842164817595224,38.22999069332894,54.39303449657184,30.553193517826806,3090.719,49.078,B0033,93,24,1.4473012364654927,1.3157311130695815,1.2996593809570829,0.9468798376524804,2.4968457468457457,0.9520633875245107,1.246507759376185,Healthy
1.5619863104073164,4.668436008880141,3.3539193468726696,1.7802670666869505,4.195641283102845,0.3903065785676562,-1.8405597937226965,37.758104647901995,54.05963088053671,30.74624978951712,3069.812,36.047,B0033,94,24,1.4205315547561643,1.305925528798522,1.2870744073466704,0.9404747206664973,1.8338929588929578,0.9515369828469699,1.2234520090417216,Healthy
1.5521519432003625,4.6451966030436616,3.3605316490849235,1.921681538108464,4.200886512488945,0.3839164515662626,-1.8322958668074303,37.428049618035296,53.59788130809244,30.63143579149116,3064.437,49.281,B0033,95,24,1.4241466094817417,1.2977033368948099,1.2806673698640576,0.9388280232063329,2.507173382173381,0.9534129522564869,1.2265655238045545,Healthy
1.5683689572364063,4.696194897660603,3.3547493929832592,1.77881535602872,4.201002724229119,0.38646067958201,-1.8406157622829122,38.5029228575476,54.608136974659445,30.880737779460794,3083.25,36.188,B0033,96,24,1.4412820083364295,1.3112618504934541,1.2947274533041937,0.9445916174980676,1.8410663410663404,0.95177247436898,1.2413236177619238,Healthy
1.558315783996908,4.683853488571539,3.3635996156389574,1.9534408897799111,4.195465495994929,0.37468754147133343,-1.8326291343034717,38.83348222581879,54.5574027155619,30.18451567983585,3076.484,36.218,B0033,97,24,1.4448965388921615,1.3028567220416742,1.2913249622431797,0.9425187700533285,1.842592592592592,0.9542833618687582,1.2444366810763898,Healthy
1.5673608678804065,4.701171099779789,3.3569917985687048,1.8222744588584343,4.193707044291354,0.38203985939346397,-1.8392992395990233,39.052180409304285,54.99418815591436,30.175392288187197,3081.297,49.594,B0033,98,24,1.4540256354795746,1.310419020043188,1.2960993779447383,0.9439932918906814,2.523097273097272,0.9524086649342313,1.252299238950033,Healthy
1.5508643035901417,4.6360564942541735,3.356737655890982,1.8129227899512983,4.195380315548316,0.3876447620906253,-1.8297056790119524,38.021927947894824,54.16320225337546,30.405539938797553,3065.953,36.468,B0033,99,24,1.4226030447542912,1.2966267836448389,1.2781474681066087,0.9392924684806788,1.8553113553113545,0.9523365623784561,1.2252361078119551,Healthy
1.5390506001761006,4.597212898137844,3.359540268494682,1.9001242255219517,4.195068887696935,0.3860444487006301,-1.8209349826801644,37.73309166360951,53.87733726225828,30.585759139271858,3055.828,36.39,B0033,100,24,1.410196954589097,1.2867497336507019,1.2674384001541852,0.9361905500092063,1.8513431013431005,0.9531316886964162,1.2145511949100627,Healthy
1.5434827624678624,4.611689716280013,3.3577795891012125,1.861826807558021,4.200794831783912,0.3874348653673718,-1.8285914763057718,37.88253804875795,54.00540892482746,30.711067264190042,3051.468,36.406,B0033,101,24,1.4144881298999457,1.2904553191901043,1.2714296173616515,0.9348548103019844,1.8521571021571013,0.9526321681699655,1.2182470276690252,Healthy
1.5596538642977857,4.672042165296159,3.3555412354678467,1.7571531937270366,4.201229193181646,0.3867063969037584,-1.837054902454502,39.09683297382756,55.01715436055076,30.588051770031882,3069.0,36.469,B0033,102,24,1.431360032946153,1.3039754470989016,1.2880686143194378,0.9402259544641433,1.8553622303622295,0.9519971271798405,1.2327781822985209,Healthy
1.565473207934763,4.7063128805807,3.3594857050424136,1.8292747932433169,4.195456528334941,0.37799614401138343,-1.837816023009627,39.853212783951,55.56824997306065,30.074109176311808,3079.235,36.703,B0033,103,24,1.4515133236517528,1.3088408094684336,1.2975169521525567,0.9433615727906146,1.8672669922669916,0.9531162085559073,1.2501354764184673,Healthy
1.552400708735232,4.650884317033845,3.358051208135682,1.7807877780971682,4.195112832732734,0.3850185187074851,-1.8280312164109505,39.04623892631281,54.92871435196593,30.01208689249212,3070.344,36.735,B0033,104,24,1.4230376757726733,1.29791132160025,1.282235456285109,0.9406377054197639,1.868894993894993,0.9527092289248057,1.2256104396533358,Healthy
1.526782195123019,4.56606341513895,3.3644871236228617,1.93715684685712,4.194675647244639,0.3836011615397454,-1.8096060815655475,37.820538353520355,53.80101502575858,30.10272389479639,3051.4839999999967,36.656000000000006,B0033,105,24,1.396298696255913,1.276492522528101,1.2588505771030185,0.9348597120990741,1.8648758648758643,0.9545351558393093,1.202581131997357,Healthy
1.5280663677678172,4.5597188499329455,3.361244790495099,1.8780478013995328,4.200892254113164,0.38889525097271266,-1.8091575935883184,37.73310595477053,53.90914216170243,30.674092868670055,3054.812,36.734,B0033,106,24,1.3979060730399124,1.2775661771619815,1.2571013986871942,0.9358792858939453,1.868844118844118,0.9536152768670695,1.2039655069864845,Healthy
1.5312072065811864,4.563599905431762,3.35671886762914,1.8094020919691347,4.200853825806664,0.39283518119929,-1.8167109753774657,38.006666099531806,54.23260277977909,30.85253309202786,3046.532,36.829,B0033,107,24,1.4011347560096767,1.2801921294900467,1.2581713945480173,0.9333426058994967,1.8736772486772477,0.9523312319801558,1.2067462538503548,Healthy
1.5521730117506092,4.654538056461944,3.359022917654344,1.8197773356081155,4.194606941815903,0.38207568952710325,-1.8264479842957797,39.784628994566496,55.63045478699343,30.069270831635173,3071.782,36.875,B0033,108,24,1.436782528945267,1.2977209516187282,1.2832427817577243,0.9410782544332926,1.8760175010175002,0.9529849116255401,1.2374483802972378,Healthy
1.5523630771761583,4.663764135352299,3.360671828990881,1.836381881007388,4.194748069677628,0.37897926378114877,-1.8267902000568097,40.35944876635067,56.16713312985831,29.854898089982818,3074.532,36.985,B0033,109,24,1.4370006879546382,1.297879859087835,1.2857863852252132,0.9419207508082604,1.8816137566137556,0.9534527225523631,1.2376362726938637,Healthy
1.5405053140539429,4.6133154259541875,3.3583948833503303,1.75385880069876,4.195093766485416,0.3897192897729782,-1.8243917057977057,39.40096297699252,55.53601912262827,30.15678399431842,3053.656,36.906,B0033,110,24,1.410355528453481,1.2879659722166317,1.2718778208523764,0.9355251310541407,1.8775946275946267,0.9528067326638656,1.2146877687948963,Healthy
1.5151609245446964,4.520357586048871,3.3625185980231946,1.977912246538546,4.19415713586591,0.3863962385633532,-1.8064502971208865,38.23202468655914,54.42859597766174,30.439998731758024,3031.953,37.0,B0033,111,24,1.382633397996189,1.2667763593170747,1.2462496112171197,0.9288761496628942,1.8823768823768814,0.9539766674810514,1.1908117090978538,Healthy
1.516858829879327,4.503188411315979,3.352730063565273,1.8406238091435183,4.194421518890087,0.39681328068397004,-1.8133450646172389,38.186119358463095,54.60293074972065,31.047525087431705,3023.5,37.109,B0033,112,24,1.3699403583067564,1.2681959222845625,1.2415161190257444,0.9262864689874021,1.887922262922262,0.9511995725120654,1.1798796570382655,Healthy
1.5259463697539966,4.523468701231759,3.348905668243179,1.793591568720353,4.193864909249693,0.3999917318914672,-1.8127387092209186,38.7565059715467,55.29175004355109,31.666165506442997,3042.703,37.297,B0033,113,24,1.3786129327882322,1.27579371634795,1.2471073367428815,0.9321695445832232,1.8974867724867714,0.9501145572777568,1.1873490290753737,Healthy
1.9065639830266057,5.893518107254254,3.457384162912773,1.880422567759453,4.4683580435456935,0.3549350883861854,-1.5628707519379117,39.21824541685028,57.637403832441095,31.593601052132126,4424.203,133.344,B0033,114,24,1.8035959863147195,1.5940156204525042,1.6248260253867581,1.3554090871352644,6.78388278388278,0.9808908786040088,1.5533714302707597,Healthy
1.5254365176408649,4.604080656854713,3.376673863925851,1.92608696846512,4.192884657368934,0.3718380950216684,-1.7979194894124642,39.05310062274121,54.65393012817871,29.212156897982922,3066.766,51.016000000000005,B0033,115,24,1.4234424290662009,1.275367445716758,1.2693318215191776,0.9395415410453511,2.5954415954415944,0.9579926433037764,1.2259590389001984,Healthy
1.5126194030590256,4.54700154892077,3.373391130621014,1.9774094380313447,4.19449660552562,0.3754793008323757,-1.7963463690245949,38.41375319607374,54.152949724280695,29.55841738504691,3046.125,37.328,B0033,116,24,1.3946003892958665,1.2646514765520893,1.2535952753019406,0.9332179164360014,1.8990638990638984,0.9570613024391582,1.2011184421646097,Healthy
1.5135868835877189,4.529746451190527,3.364186626496377,1.8428005555738187,4.194231055547011,0.38586361316358575,-1.8032850146688266,38.46902673499884,54.53515875704883,30.1616720765837,3033.625,37.375,B0033,117,24,1.3961613987822286,1.2654603552936108,1.2488380943868296,0.9293883874588748,1.9014550264550256,0.9544499021109046,1.2024628826916985,Healthy
1.5173790110733816,4.5269962267703585,3.358003989298615,1.7746653306163975,4.200536096823805,0.39391040607556416,-1.8108049336910572,38.5100324254832,54.77734925210607,30.728246885138116,3028.562,37.312,B0033,118,24,1.384968608315797,1.268630828721572,1.2480798654084468,0.9278372750419793,1.8982498982498972,0.9526958325174657,1.1928229405608184,Healthy
1.5048219176554076,4.49152434477134,3.36155800725267,1.8460476497404992,4.193861125565952,0.3900769741504128,-1.8013083911049832,38.40063671961678,54.64702813763124,30.515925754543083,3020.984,37.437,B0033,119,24,1.3715114742475478,1.258132254724618,1.2383003693599814,0.9255156613948861,1.9046092796092786,0.9537041392688307,1.1812328018858846,Healthy
1.4960243815517449,4.462951672542188,3.3646263159375533,1.95995016678396,4.1912968364535725,0.3864793347809497,-1.7919918693222388,38.39044541549165,54.505104228610136,30.499165432468416,3017.391,37.578,B0033,120,24,1.3616865084879255,1.250776923303497,1.2304229656415422,0.9244149015857007,1.911782661782661,0.9545746459466908,1.1727709172785838,Healthy
1.4984601358252239,4.461134521246216,3.360892538206702,1.9111619475065968,4.193746611615085,0.39005257400731086,-1.7916249952930718,38.413629652125955,54.4213321925581,30.352106862571222,3022.14,37.594,B0033,121,24,1.3796301360966086,1.252813377571004,1.229921982245203,0.9258698162346907,1.9125966625966617,0.9535153397353032,1.1882251091786773,Healthy
1.497615671781584,4.454364316490269,3.3571675251434945,1.7914848144741025,4.1937859295628215,0.39673921369973575,-1.798733884420521,38.44024987650422,54.599932749715,30.6055556250711,3009.016,37.578,B0033,122,24,1.364231776003204,1.2521073488783105,1.228055456227217,0.9218491171710259,1.911782661782661,0.9524585201386915,1.174963063341577,Healthy
1.4924616022615302,4.452258660856215,3.3650892446963074,1.8461845656811997,4.200650322742635,0.3938861065843763,-1.7887872050368798,38.18714693456589,54.621715057959925,30.767934387774243,3014.672,37.812,B0033,123,24,1.3418414512081456,1.2477982003802772,1.2274749330129926,0.9235819024425962,1.9236874236874226,0.9547059829851884,1.1556790933643575,Healthy
1.4895460409226562,4.436584125054205,3.363027417163423,1.8424801617142232,4.2006243085499655,0.3946075123688204,-1.7888403713952685,38.18649962226669,54.55731341596549,30.760598384140604,3010.703,37.734,B0033,124,24,1.355221569579225,1.2453605951606637,1.223153508484643,0.9223659504017788,1.919719169719169,0.9541210240321292,1.1672029012287473,Healthy
1.490468014538332,4.426349576535246,3.3583632498611675,1.8293764049247,4.193697387023266,0.3981253405245282,-1.7886164084551721,38.536213089297746,55.041315475822266,31.095280171384474,3011.75,37.875,B0033,125,24,1.3403860264029774,1.2461314270646102,1.2203318728352641,0.922686711748903,1.926892551892551,0.9527977579594313,1.1544255890715944,Healthy
1.4935832085536818,4.439731769805525,3.3574236498195953,1.7818288008009142,4.200544185864463,0.39856201280713954,-1.7964130441048565,38.552272664006516,54.87421915377841,30.876931631207913,3005.734,37.781,B0033,126,24,1.3594078914195438,1.2487359386180723,1.224021305107567,0.9208436360427915,1.9221102971102961,0.9525311850051729,1.1708084275184554,Healthy
1.480659128703617,4.401467642197852,3.360766302094452,1.8799745135000576,4.193351413646578,0.3940463929645425,-1.787019212781781,38.455511167512036,54.605029117345865,30.558282264790527,2993.75,37.796,B0033,127,24,1.3457100861355502,1.2379305393005657,1.2134719949596706,0.9171721900218406,1.922873422873422,0.9534795254186922,1.1590110075047615,Healthy
1.483147969378117,4.4039243633449665,3.3594711162840047,1.8632410129416257,4.200351692306739,0.39667266306633037,-1.78684609892111,38.45383838785278,54.77196645266215,30.910316815211036,2998.125,37.844,B0033,128,24,1.3477611420854358,1.240011377366998,1.2141493059281458,0.918512525163835,1.9253154253154245,0.9531120695943748,1.1607775071746511,Healthy
1.4862150478598073,4.399746296012004,3.352476127724087,1.7604885282268967,4.20027821207153,0.40464237024152844,-1.7942781727538535,38.59571101696619,55.081324460303485,31.272964625231474,2990.859,37.938,B0033,129,24,1.335482103134067,1.2425756611007162,1.2129974247571929,0.9162864965600107,1.9300976800976792,0.95112752863767,1.1502020188485698,Healthy
1.4892053428472858,4.424993403156793,3.3599659156305464,1.8980864731881968,4.192818631069228,0.39313703350271795,-1.7787288593777348,39.84838963202565,56.28817834549751,31.269965809113007,3024.453,38.062,B0033,130,24,1.353154941842234,1.2450757486730382,1.2199579797275912,0.9265784322766182,1.9364061864061854,0.9532524486043118,1.1654229901466615,Healthy
1.5060878268718398,4.477453808832786,3.3529340862280046,1.765463647928582,4.193616398463828,0.39664490110318346,-1.7963772790558135,40.8588418858713,57.27354368026744,30.694584854942338,3030.765,38.281000000000006,B0033,131,24,1.3709677706044292,1.2591906399049908,1.2344211629898572,0.928512191228908,1.947547822547822,0.9512574555703177,1.18076452977164,Healthy
1.5091581353306023,4.4578074886857,3.343287590707508,1.7789329307031558,4.2001549210390445,0.4035042259618209,-1.805219032161489,40.645674557350794,57.2291922074886,31.40458234767936,3020.813,24.047000000000004,B0033,132,24,1.357426672491866,1.261757624116612,1.2290047289181991,0.925463273438479,1.2233923483923481,0.9485206583210997,1.1691020759282333,Healthy
1.4977599613236827,4.370511446817288,3.3304566806630636,1.9751406850610131,4.199721786449104,0.4132443198083716,-1.8050690579203057,40.22816795562337,57.19704022437858,32.56844825344814,2998.156,24.078000000000003,B0033,133,24,1.3443678821106904,1.2522279846324846,1.204937460750064,0.9185220223956981,1.2249694749694746,0.9448804141267199,1.157855016139937,Healthy
1.4981141283989559,4.352751351994532,3.320924665615561,1.7718580087129037,4.198848421060828,0.4223886176786754,-1.8114911161465173,40.06014962782639,57.01987269382395,32.932863651081185,2986.766,24.094,B0033,134,24,1.33005823859453,1.2525240921092131,1.2000410535860933,0.9150325555917403,1.2257834757834754,0.9421760960138797,1.145530642175909,Healthy
1.5151846448785127,4.463770148917598,3.340032080385694,1.9154948072138345,4.177372245766921,0.3955126794930838,-1.8025216435721638,40.062941403566036,55.93330356332492,31.167326258411396,3032.328,25.078,B0033,135,24,1.4033641858066626,1.26679619111027,1.2306486172288842,0.9289910355322081,1.2758445258445252,0.9475970408607888,1.2086663804079152,Healthy
1.5084164595676777,4.512368281968059,3.365998712772332,1.9395710043147305,4.191445596329994,0.3828574251787434,-1.7876356209052575,40.262388264621016,56.299084505467846,30.4617047255499,3047.703,38.375,B0033,136,24,1.3865570950229378,1.2611375333344834,1.2440469830145773,0.9337013561740739,1.9523300773300765,0.9549640072307216,1.1941910462158323,Healthy
1.508545083203041,4.451692875476658,3.3457011047959266,1.9213252989145688,4.193389880737777,0.4007741145727262,-1.7957587291291346,39.997401224885536,56.50951504855041,31.28672333357181,3034.968,38.468,B0033,137,24,1.3704138176872631,1.2612450713377992,1.2273189476078818,0.9297998320521772,1.9570614570614564,0.949205393902441,1.180287430331538,Healthy
1.4963093492781543,4.405108536522812,3.346323103330572,1.99784512954192,4.200380611368274,0.40547340864896264,-1.7944892722865402,39.574089613864224,56.69165778744567,32.21910494600478,3011.7339999999967,38.422,B0033,138,24,1.325319393635713,1.2510151754740328,1.2144757790742213,0.9226818099518113,1.9547212047212037,0.9493818604622417,1.1414492478795344,Healthy
1.1229083941551417,3.35164383858715,3.5025083166259967,1.4425192802033469,4.200602056573652,0.413176963055962,-1.3524928232333502,35.98333032061264,55.51714083426434,31.317193250593448,3002.922,38.422,B0033,139,24,0.8439684993200656,0.9388268825780893,0.9240385857235878,0.919982145204097,1.9547212047212037,0.9936930055000657,0.7268792816350357,Critical
0.3385889995079986,0.9817243830992389,3.8878704029237765,1.5585045696383768,4.193070577827655,0.3610533593934223,-0.4098076101048112,30.119688488829738,45.807200259053744,21.58821915465602,2986.718,24.218000000000004,B0033,140,24,0.298661803715835,0.28308315846413606,0.27065859447398277,0.9150178502004681,1.2320919820919818,1.1030236837232366,0.2572265167618073,Critical
0.27153644184504083,0.7853283819760863,3.9545425965879493,1.203791745361808,4.189611396704824,0.35998304171614565,-0.3263585049640118,30.940513967139797,46.03459549176176,20.354546725247626,3006.203,24.312,B0033,141,24,0.2344867974702557,0.2270227139904216,0.2165127807003731,0.9209873199700133,1.2368742368742363,1.1219391827074774,0.2019549248999171,Critical
0.22646327034888714,0.6547938437185806,3.987610232479158,1.5484910888494308,4.191309904018761,0.32525093264007626,-0.2716005858874483,31.002948619577534,44.981619190674095,18.631115471434665,3011.609,24.281,B0033,142,24,0.2025633038072582,0.18933851347691544,0.1805247831897567,0.922643514662041,1.2352971102971095,1.1313207674242185,0.17446038433384772,Critical
0.2621289500263769,0.7599001869986661,3.9673029925231815,1.9233358352697387,4.191105087223256,0.32895212585463907,-0.3170614258991049,30.353188245577265,44.437719613927904,18.991048232605696,2985.953,24.234,B0033,143,24,0.2353199565407024,0.21915741859948257,0.20950230033431375,0.914783483027068,1.2329059829059823,1.1255594214169935,0.20267249441477683,Critical
0.27474210227312273,0.7795362693307104,3.949305726224602,1.477441018016571,4.190985119306768,0.36875657278262697,-0.33378469731868937,29.92194766382464,46.16094346830902,21.64921113466077,2976.312999999994,24.281,B0033,144,24,0.2355042783748287,0.22970286154472358,0.21491591186975148,0.9118301502799062,1.2352971102971095,1.1204534356427047,0.20283124408669864,Critical
0.520104892932856,1.4821318489146935,3.7530265184592335,1.7051348869638063,4.19146431605178,0.41359885846226135,-0.6350119541631206,32.39035931572692,51.875290776017344,27.71292792524333,2964.75,24.344,B0033,145,24,0.4304242256752923,0.43484264414386586,0.4086194964272629,0.9082876827949067,1.238502238502238,1.0647672649758992,0.3707086842805514,Critical
0.5323054377422346,1.5329447175126145,3.7437278161410794,0.9861339962587278,4.189169176120785,0.4272966887131091,-0.647927020958107,32.954165794905116,51.767777887259,27.136172863648678,2969.953,24.422,B0033,146,24,0.4643633320269643,0.44504311954218284,0.42262845844620284,0.9098816859363459,1.242470492470492,1.0621291397757633,0.3999391985285515,Critical
0.45389954652993714,1.3130698605859144,3.8025429033127525,1.3263821081867295,4.191809961918757,0.3990997100093287,-0.5493227175747413,32.988995755051256,51.02675215928651,25.285674946703857,2988.453,24.359,B0033,147,24,0.3994839380247729,0.37949052522038096,0.3620095915213778,0.9155493888224934,1.2392653642653637,1.078815507217902,0.3440609431870039,Critical
1.601775045389272,4.503217431864855,3.2312787223699537,1.8345225826317897,4.190743825523512,0.4349768122258911,-1.9259470996842372,45.33521672468352,61.13715999731606,34.4462300141113,3001.235,24.438,B0033,148,24,1.461469789426299,1.3391915852455756,1.241524119907769,0.9194653119733441,1.2432844932844926,0.9167427383393923,1.2587106171916793,Healthy
1.5241529506602205,4.504414195178254,3.337618232944289,1.9860807469381487,4.1981379242882495,0.39045395902117425,-1.8473131233384892,40.620147730266055,56.348749401178914,30.828499220804986,2976.234,24.453000000000003,B0033,149,24,1.4150999545382532,1.2742942974588138,1.2418540641180775,0.9118059476567725,1.2440476190476186,0.9469122107042173,1.2187739699114641,Healthy
1.5081978744337827,4.461039862173088,3.3407978157952662,1.8841219743920603,4.199581881706975,0.39628003065543577,-1.844518264194251,39.68399574640648,55.51777727453801,30.999528020003794,2950.39,24.484,B0033,150,24,1.383632373873956,1.2609547814725324,1.2298958850104513,0.9038883199059835,1.2456247456247451,0.9478142868604468,1.191672090580086,Healthy
1.4943601437372254,4.423991055502387,3.345126055228355,1.8129527074235323,4.192675713672651,0.4004516569725652,-1.8328005456847734,39.047236578784684,54.98845662264607,30.956112706280148,2941.719,24.531,B0033,151,24,1.3705402893609833,1.249385508645448,1.219681635356415,0.9012318522451304,1.2480158730158724,0.949042247185444,1.1803963557705976,Healthy
1.4809751790825154,4.40033832872642,3.3571373711093697,1.964418985321,4.200041578787561,0.39195006730621257,-1.814347722959519,38.66855198329813,54.53862414235327,30.673612607611823,2946.969,39.109,B0033,152,24,1.3557042566115398,1.238194778657492,1.2131606464771838,0.9028402544155235,1.9896723646723637,0.9524499651689131,1.16761862196191,Healthy
1.4826670100035066,4.397830654825258,3.351453240465127,1.854641378834996,4.199761584906472,0.39774266318982954,-1.8221926476157024,38.84148471879362,54.72686731387149,30.799777730943738,2936.171,39.234,B0033,153,24,1.3578385793919765,1.2396092630069464,1.2124692879806729,0.8995321541039224,1.9960317460317452,0.9508373263532618,1.169456836315492,Healthy
1.4853431164051398,4.398477529568394,3.346026215342865,1.7877573640818558,4.19986267410377,0.4026565107431423,-1.8306905769975232,39.052551352201455,55.0046224518596,30.986294001592153,2927.281,39.172,B0033,154,24,1.3609083979571397,1.2418466678064561,1.2126476294905633,0.8968085930953898,1.9928774928774917,0.9492976306788601,1.1721007590628378,Healthy
1.4759490274639069,4.372849867126352,3.350979420027859,1.9183209167927544,4.199784078520709,0.3968536144679253,-1.8209388850738168,38.79448240276511,54.71731449617404,30.866961734168225,2924.422,39.406000000000006,B0033,155,24,1.3495626547684758,1.23399257812179,1.2055821565170597,0.8959327032277415,2.004782254782254,0.950702899247938,1.1623290843318075,Healthy
1.3140161615022579,3.852842023764478,3.342644131880222,1.8528656809384136,4.044618024605659,0.37120982374781697,-1.568210357203081,38.509868638012954,54.428778601713,28.902288600994115,3023.859,24.734,B0033,156,24,1.1888877132486642,1.0986058194787636,1.0622174867352516,0.9263964530596251,1.2583435083435077,0.9483381032839092,1.0239456184053377,Healthy
1.5974225138738805,4.85460018393139,3.3518592869527803,1.948475871638004,4.19403031740486,0.34761908473482844,-1.887501094191758,40.15830993087354,54.890003781719805,28.383884343320503,3056.172,54.203,B0033,157,24,1.5041493934608643,1.3355525763868055,1.3383993360417399,0.9362959386466567,2.7575803825803815,0.950952525381562,1.295469003252422,Healthy
1.5825479452091713,4.7801317507235765,3.3468424673944153,1.8283531317172368,4.19296029632327,0.3618789238487843,-1.876137336259163,39.45022733421382,54.47368119654309,28.950202489133154,3045.078,39.469,B0033,158,24,1.4899088638712767,1.3231164373376452,1.3178686027609012,0.9328971550888773,2.007987382987382,0.9495292087026724,1.2832041545921684,Healthy
1.5685855046558015,4.725940025246742,3.3508471294894773,1.888528315752074,4.199907627033468,0.3653222926389154,-1.8659348672273262,38.94097771129498,54.12307476528604,29.360939785655397,3034.25,39.5,B0033,159,24,1.475330178643193,1.3114428986891389,1.3029280995991324,0.9295798639077311,2.0095645095645085,0.9506653672363623,1.2706480648159384,Healthy
1.553895005271621,4.677864356848179,3.355670268634572,1.924025874710363,4.199827998046917,0.36673337190379635,-1.8556627342355745,38.66654129149028,53.77302966651148,29.359221800822805,3022.609,39.531,B0033,160,24,1.459830765413703,1.2991606539288774,1.2896737758182824,0.9260135001619125,2.011141636141635,0.9520337350458786,1.2572989855990095,Healthy
1.556806660739194,4.687567240466486,3.353308872329983,1.800492506386291,4.200007095257734,0.372492501732007,-1.8545310784984728,39.33636206194418,54.609405212648525,29.820957582667248,3028.828,39.515,B0033,161,24,1.4474169057725728,1.301594993577589,1.2923488329806452,0.9279187674186126,2.0103276353276343,0.9513637857469875,1.2466073811309133,Healthy
1.5607661374187771,4.713540829275465,3.355576427429911,1.793120582655924,4.193196345687703,0.3682319320007585,-1.854560270480603,40.21246241286748,55.29324534393817,29.171106259258394,3037.875,39.593,B0033,162,24,1.4676323674647154,1.3049053821783712,1.299509676860564,0.9306904273110977,2.0142958892958887,0.9520071114549348,1.264018220853656,Healthy
1.536033425913819,4.6335521658326,3.3638323924431814,1.8969132609228212,4.191982585507099,0.3678969790924827,-1.8335819983714545,39.15441493084491,54.26200652741747,28.666934570397807,3023.187,39.953,B0033,163,24,1.441552493165527,1.2842271731982227,1.2774570319492173,0.9261905775818148,2.032610907610907,0.9543494027347005,1.2415565764783048,Healthy
1.5285293055132638,4.587012244304425,3.3571376570885594,1.8056023837774515,4.2001706293322,0.3818733437261329,-1.8420750095953933,38.472340837695874,54.01880189925328,29.854738416465743,2996.922,39.781,B0033,164,24,1.418392873584403,1.2779532242289084,1.2646261091723183,0.9181439712950763,2.023860398860398,0.9524500463037726,1.22161004096468,Healthy
1.5136541701734165,4.5403219281369,3.361111422960934,1.862859289057269,4.200074212399141,0.38100559506403114,-1.8314678023298128,38.10278800382275,53.57147874982123,29.794848592353055,2986.469,39.797,B0033,165,24,1.4031824838852518,1.2655166114012493,1.251753723025044,0.9149415659832438,2.0246743996743986,0.953577439302136,1.2085098871712445,Healthy
1.5032817718062872,4.516428119353822,3.3674136761881366,1.9520601805312336,4.200092034422385,0.3757777517620156,-1.8211918432229095,38.13961733869117,53.4828168564585,29.693979855026868,2979.219,39.829,B0033,166,24,1.3911104661211642,1.2568445892892437,1.245166268528455,0.9127204391765104,2.0263024013024005,0.9553654450353513,1.1981126986419157,Healthy
1.503648013462033,4.529000888414796,3.3717064606024185,1.9878541604164133,4.192967636550445,0.37044560783013547,-1.8123034655027377,38.75498314355583,53.87014040301519,29.223704951356574,2995.047,39.844,B0033,167,24,1.4086019958134537,1.2571507919267195,1.2486325448696276,0.9175695419485073,2.0270655270655262,0.9565833464536985,1.2131775150985398,Healthy
1.5095470188353357,4.556796676451012,3.3721296388578876,1.9566455890224008,4.2005612724264685,0.36888721608231495,-1.8216175674206458,39.165872874745595,54.16164128030712,29.029891847175257,2989.828,39.938,B0033,168,24,1.413770890394895,1.262082756861487,1.2562957638460464,0.9159706370099773,2.031847781847781,0.9567034059180952,1.217629295447252,Healthy
1.5071754281086533,4.5442370462116255,3.370281011025519,1.8936715311451315,4.200390037061694,0.3735673874079416,-1.82079151069233,39.025069457187186,54.16534435153781,28.88158095427303,2989.391,40.156000000000006,B0033,169,24,1.412472234540845,1.2600999476312136,1.2528331098402716,0.915836756676937,2.042938542938542,0.9561789336311695,1.2165108105333677,Healthy
1.4943564647974104,4.480162467597108,3.364268931307196,1.828763483963188,4.200616069155656,0.38514892522385974,-1.817964724512839,38.3251245457817,53.79228026466776,29.659422011462997,2967.2810000000027,40.046,B0033,170,24,1.3831900026575588,1.2493824328045193,1.2351679324362332,0.9090630858221961,2.037342287342286,0.9544732527235046,1.1912910923885065,Healthy
1.4766719051083186,4.429552885971137,3.3720392126554684,1.9584399411299585,4.200037449743801,0.3798416921058721,-1.798635457145711,37.878182669376734,53.22509160340434,29.482241603996652,2962.609,40.016000000000005,B0033,171,24,1.3646098107432565,1.234596952413514,1.221215016051944,0.9076317610717044,2.035816035816035,0.9566777511938991,1.1752886508729883,Healthy
1.4811310832219677,4.423425915001756,3.362230190450641,1.8220675972367208,4.192500996043775,0.39077860615561255,-1.8064428802106411,37.905840036253096,53.57857958784029,30.08767959241912,2957.016,40.109,B0033,172,24,1.369751365782437,1.2383251249956126,1.2195258277425733,0.9059182766261789,2.040547415547415,0.9538948436674662,1.1797168846712607,Healthy
1.4978625720317995,4.497290715818129,3.3636193969648573,1.7715995765672343,4.200097022210454,0.38521535736714446,-1.8173405882716633,39.1223902532353,54.49825501084428,29.633209556946554,2973.281,40.25,B0033,173,24,1.3867946911071662,1.2523137740804233,1.2398901413057613,0.910901259731216,2.0477207977207965,0.9542889740082335,1.1943956790559944,Healthy
1.4867009773287294,4.476989981569018,3.3703866336965356,1.8584436263684132,4.191446103300025,0.37660736564141034,-1.8068979814568502,39.39196447810482,54.46813289210952,28.911024107057205,2968.016,40.359,B0033,174,24,1.3918615875742792,1.2429819307936274,1.2342932871446084,0.9092882621260504,2.053266178266177,0.9562088997297261,1.198759612149589,Healthy
1.4734459169186498,4.435707859194989,3.3756959922995033,1.9792800716788903,4.19205219049645,0.3739598680841107,-1.7968101494502102,38.80564596554866,53.89419947351141,28.638550344015087,2959.281,40.25,B0033,175,24,1.377162352180965,1.231899809484398,1.2229119245024949,0.9066121872768342,2.0477207977207965,0.9577152123578551,1.186099696913553,Healthy
1.4720486245309679,4.4069487475580775,3.366639210990064,1.846857607499265,4.20026251718639,0.38787113598892925,-1.8043699219153886,38.29516028833109,53.782251370205934,29.675495270508087,2942.797000000006,40.453,B0033,176,24,1.3599525359390852,1.2307315791432538,1.2149831199744932,0.9015621108241195,2.058048433048432,0.9551457223164429,1.171277509975241,Healthy
1.475422008020062,4.434627410500457,3.370719403191649,1.9297681149166703,4.170526417555859,0.37436801864803965,-1.786679633285191,39.48206657960875,54.80009542618075,29.08826343295532,2978.89,40.359,B0033,177,24,1.379779043170725,1.2335519544483913,1.2226140478987375,0.9126196459738324,2.053266178266177,0.9563033094183965,1.1883533574096852,Healthy
1.4761219397710992,4.422515026756639,3.368376555569585,1.9404476337602208,4.193298745157419,0.38242644978581314,-1.805526191357153,38.22420789035359,53.59426450012642,29.540809151435546,2948.891,40.391,B0033,178,24,1.3631373661966442,1.2341371444311753,1.2192746984680127,0.9034290827910465,2.0548941798941787,0.9556386225470059,1.1740204880977765,Healthy
1.4777427609195237,4.412927229584733,3.3605555096355064,1.8078076221500168,4.200151767615752,0.39298690647400536,-1.813761282828491,38.212225319933545,53.860038336831,30.074977597085855,2938.547,40.485,B0033,179,24,1.3652295228794809,1.2354922598385518,1.216631370308578,0.9002600709718946,2.0596764346764336,0.9534197217085705,1.1758223863296577,Healthy
1.4630891892907076,4.374046088542019,3.3664344500865964,1.901348395168944,4.199734233391325,0.3877076837821436,-1.802941147720235,38.03726842877258,53.50394440240513,29.82559699983734,2925.484,40.547,B0033,180,24,1.3498620694059131,1.223240889163505,1.2059119513277194,0.8962580600096381,2.0628306878306866,0.9550876298126765,1.1625869592367912,Healthy
1.4656357027740976,4.373958315959076,3.360999914466085,1.820065501803385,4.199873842512875,0.3935792927469244,-1.8116624900760223,38.08745383569629,53.71091736477066,30.061093892540057,2917.297,40.531,B0033,181,24,1.3529504172332432,1.2253699455740708,1.205887752678545,0.8937498717107792,2.062016687016686,0.9535458033425983,1.165246840561719,Healthy
1.4660702975800197,4.375495742729489,3.3597145615560104,1.781542687267246,4.199220802674783,0.39515169224629826,-1.8111731864316711,38.371162533264,53.96609282803159,30.01397669220027,2918.938,40.704,B0033,182,24,1.3535740542605128,1.2257332960387677,1.2063116168261105,0.8942526122748965,2.0708180708180697,0.9531811372002575,1.165783956383871,Healthy
1.4562104548168335,4.340265503742084,3.360790017915931,1.8027051007685868,4.189411926667855,0.3955017400074061,-1.799607080950245,38.21500087152169,53.89601837110568,30.040390411231233,2918.25,40.765,B0033,183,24,1.3432225183905024,1.2174898048579605,1.1965987410623335,0.8940418349999955,2.073921448921448,0.9534862538098317,1.1568685561490586,Healthy
1.4546761853832801,4.343615596979399,3.364551990412796,1.845120981293168,4.199234827601777,0.39193357288074343,-1.8000478038107868,38.068361542357145,53.58335886886063,29.82693824037133,2915.4839999999967,40.672,B0033,184,24,1.3412081769053426,1.2162070525009248,1.197522352151737,0.8931944368279359,2.069190069190068,0.9545535591290718,1.1551336773083432,Healthy
1.4423114242872286,4.312416752652731,3.370459024271422,1.9386542857041755,4.199099264533491,0.3868636767088719,-1.7893303733112242,37.98761504071771,53.35830232724686,29.638879002722952,2906.015,40.718,B0033,185,24,1.3277389969987805,1.205869281250793,1.1889209203241904,0.8902934920371838,2.0715303215303207,0.956229437584722,1.1435331639922863,Healthy
1.4438790181559404,4.313391052996595,3.3647395351261364,1.8652024206914877,4.197710813920559,0.3895395991897166,-1.7980109473876715,38.3556643629041,53.56872781314004,29.669036599071674,2894.14,40.75,B0033,186,24,1.329778900445409,1.20717989507519,1.1891895321323571,0.8866554395089135,2.073158323158322,0.9546067672453754,1.1452900584179488,Healthy
1.4336734307544141,4.2979571486319195,3.3724762289358954,1.9741597310368288,4.194824465751656,0.3807895353045176,-1.7871202282133007,38.587739723836165,54.028944257752215,29.075509222564673,2892.031,40.922,B0033,187,24,1.3356045028702497,1.1986473381409604,1.1849344490005709,0.8860093213798926,2.0819088319088306,0.9568017366300188,1.1503074372763673,Healthy
1.432627787279146,4.273129336659951,3.3682526298407938,1.9140482800494216,4.190646284256201,0.3913291297121819,-1.786405828905418,37.84946765760722,53.32084823607714,29.75382787650457,2888.719,41.032,B0033,188,24,1.3177489685711123,1.197773109923161,1.1780894925057723,0.8849946493821131,2.0875050875050865,0.9556034637068921,1.1349291169302609,Healthy
1.4326668384668761,4.279262798917588,3.368834125820871,1.9249905185886904,4.199787523647983,0.3899685404585822,-1.7962891627935822,37.81892879614016,53.15804525272694,29.70275294994056,2875.641,41.109,B0033,189,24,1.317605472474197,1.1978057593405387,1.1797804704446826,0.8809880429850842,2.0914224664224657,0.9557684393289018,1.134805528976531,Healthy
1.432883121243729,4.276285769432178,3.3643721242108837,1.848326319700026,4.198644370031491,0.39463332352380237,-1.8053146501565176,37.98975162560657,53.44440984728841,29.780760210053565,2860.7810000000027,41.078,B0033,190,24,1.3185279522072382,1.1979865862772727,1.178959711960835,0.8764354989370767,2.089845339845339,0.9545025294752899,1.1356000271197866,Healthy
1.4355407604511166,4.279252596846725,3.3599563575039135,1.7964863123561203,4.199051265280784,0.3987522487975202,-1.8145360631140475,38.110497566784815,53.71116793928585,30.158853419324757,2852.844,41.062,B0033,191,24,1.3215397269813982,1.2002085512613054,1.17977765776303,0.8740039012177596,2.089031339031338,0.9532497368781082,1.1381939588673005,Healthy
1.4200910811263656,4.246136870385122,3.369660207276821,1.9550178000855185,4.198244533751371,0.386774362826525,-1.794060809034671,38.158711514227996,53.18757385880901,29.496385641007283,2854.64,41.093,B0033,192,24,1.3046615372928705,1.1872915810500353,1.1706477470331094,0.8745541279411931,2.0906084656084647,0.9560028060428519,1.1236573897821025,Healthy
1.4091648801497452,4.271712023715702,3.3817276755972934,1.9991954704388997,4.159889361487179,0.35657563983893126,-1.7532558725802958,41.901714617344744,56.49572691828426,27.051494065484572,2897.844,41.657,B0033,193,24,1.3280324770208678,1.178156542738188,1.1776987433953048,0.8877902055354157,2.1193019943019933,0.959426454976739,1.1437859276295559,Healthy
1.4441433482312116,4.37304159887334,3.379780519797374,1.982805388419431,4.195184914935837,0.3663466599092984,-1.7969595693199287,40.72593783748325,55.32081069602003,27.788336497666542,2896.063,57.063,B0033,194,24,1.3634549770713926,1.2074008927824207,1.2056350164093568,0.8872445742467546,2.9030830280830267,0.9588740294222258,1.1742940347581823,Healthy
1.4438573353631365,4.329143713931022,3.3656667993678133,1.80889512605386,4.199591464734624,0.3898210699275141,-1.8148752451997945,39.388005009279006,54.57622829352292,29.241958682149143,2866.234,41.125,B0033,195,24,1.3291316747402466,1.2071617668032137,1.1935324955354636,0.8781060926580577,2.092236467236466,0.9548698404226269,1.1447326265280109,Healthy
1.4275864622789673,4.2668997589463125,3.3648038854052915,1.865543717364217,4.199771526762111,0.39245647225938396,-1.813083056493043,38.64570917130626,54.008789265404765,29.73505007582458,2836.609,41.219,B0033,196,24,1.3124201086917682,1.1935582234207391,1.1763720158115325,0.8690301089822674,2.097018722018721,0.9546250239964,1.1303395643057825,Healthy
1.4142832502235787,4.233055207484821,3.371817482414552,1.994367058308584,4.199637020490028,0.38631626333188396,-1.8021170413093346,38.3036813037848,53.47500454222108,29.403340839466765,2829.516,41.375,B0033,197,24,1.3152825503676355,1.1824358440999998,1.1670411701211654,0.8668570810594867,2.104955229955229,0.9566148443369872,1.1328048809032063,Healthy
0.9980557905092574,2.7869061691257118,3.1178767585161347,2.170439265213917,3.854275360971105,0.3541401512782044,-1.9933511025949644,38.9583698209689,51.86748080848415,28.24683239097835,1819.406,19.421,B0034,1,24,0.7459302957645664,0.5704331888470217,0.5187635250083914,0.5580091095591485,0.5058737724987628,0.9441598952448977,0.4534289846885606,Critical
1.7658321089609765,5.398976148768948,3.3022762078952894,2.184438966859873,4.185182030297302,0.29138406641030906,-1.9787478556297067,39.10734156415766,53.72590623785784,28.457127805906442,3260.531,38.391,B0034,2,24,1.6623217152845853,1.0092514371056376,1.0049824889692116,1.0,1.0,1.0,1.010476249412366,Healthy
1.749645374818672,5.372209175810176,3.3294991412960915,2.1716683590197,4.191235610410253,0.3037582154060591,-1.9609699675983692,39.20920805238827,54.1404555915866,28.6478339631736,3265.75,48.047,B0034,3,24,1.645087369694532,1.0,1.0,1.0016006595244762,1.2515172826964653,1.0082436875921268,1.0,Healthy
1.7256920164395726,5.296616187613622,3.3493830070987887,2.182463026326082,4.190305001839791,0.31800877716552517,-1.9366251479989427,38.936075977838854,54.22868210799842,29.331056151012255,3264.109,48.296,B0034,4,24,1.620729289277574,0.9863095923757796,0.9859288821930218,1.001097367269319,1.2580031778281369,1.0142649482471737,0.9851934426914475,Healthy
1.7133437858167693,5.249374721984638,3.3541317530780055,2.0979416663773915,4.190367874669205,0.3300326535330116,-1.9296993194196932,38.60445981652459,54.17641516112459,29.57661678841289,3253.531,58.016,B0034,5,24,1.5967402025126003,0.9792520304260713,0.9771352064289244,0.9978531104289454,1.5111875179078431,1.015702970290231,0.9706111857202399,Healthy
1.6689483109834176,5.080736932776923,3.369692035482086,2.177479814637099,4.18989933406868,0.3579940159267992,-1.8861346839189572,37.79484872719341,54.09745559724325,30.31048712662125,3242.578,48.64,B0034,6,24,1.4856500618812698,0.9538780458047862,0.9457444352044806,0.9944938416472654,1.2669636112630565,1.020414957242406,0.9030827719242247,Healthy
1.6603686350916786,5.055719292383817,3.3729072074215107,2.164719422934807,4.18599771136978,0.3597574872741259,-1.878796746756769,37.65277428767197,54.03810589370243,30.22129471080507,3234.625,58.75,B0034,7,24,1.4866702197497013,0.9489743801733276,0.9410875725294836,0.9920546683960374,1.5303065822718867,1.0213885802033615,0.9037028957469617,Healthy
1.6533565507745784,5.03935778854919,3.376976361461993,2.1685179095920546,4.191866541196004,0.3624910676172738,-1.8723916722187988,37.91666092404816,54.56296443841966,30.79900848963916,3235.36,58.813,B0034,8,24,1.4701330958405268,0.9449666627135384,0.938041990479496,0.9922800918009981,1.5319475918835146,1.0226208072444412,0.893650466791626,Healthy
1.6412524784835838,4.99894736002633,3.3791099564139215,2.159913301643853,4.18853091556387,0.36557773781994046,-1.8590598981345452,37.78228277348195,54.47381276284677,30.679182320131307,3236.125,59.344,B0034,9,24,1.4565041801019636,0.938048648088861,0.9305198655583706,0.9925147161612633,1.545778958610091,1.0232669055165444,0.885365851646174,Healthy
1.6275341258772622,4.9614872085181005,3.3845619896694177,2.188985459937614,4.188375692870302,0.3652099515688095,-1.8455810936527006,37.58309361555109,54.157190141377896,30.40013401993525,3230.25,59.343,B0034,10,24,1.4418961035576472,0.9302080006046568,0.923546914527926,0.9907128624141283,1.545752910838478,1.0249178980175535,0.876486033580931,Healthy
1.6237575972537734,4.944121866052989,3.383128626739751,2.161327607707136,4.187976084521654,0.36915538867115955,-1.8444812955511094,37.550522561172464,54.45256615419595,30.75215761883333,3226.078,59.656000000000006,B0034,11,24,1.4370949588970292,0.9280495468529186,0.9203144747816661,0.9894333162297798,1.5539058633533904,1.024483845007015,0.8735675596147067,Healthy
1.6219719854983121,4.949263724158741,3.386094893398142,2.140456418044363,4.185168395505227,0.36416816397607965,-1.8435378224723704,37.681954258546924,54.20147817586685,30.3100753056676,3224.5,60.062,B0034,12,24,1.4458703624967404,0.9270289904698021,0.9212715965052402,0.988949345980762,1.5644812586283243,1.0253820941150997,0.8789018681513655,Healthy
1.6092987883194034,4.916228824685404,3.3916477322319585,2.170940246075281,4.187927929507927,0.363431073384591,-1.8296929439731453,37.440274736517715,53.81393710497776,29.90267201993435,3222.188,60.406,B0034,13,24,1.432104054561837,0.9197856957077295,0.9151223758788196,0.9882402590252938,1.5734416920632441,1.02706361270538,0.8705337363496731,Healthy
1.6050013067210889,4.900478736540328,3.3914152987340267,2.153155635587653,4.187886599518975,0.3654988500118248,-1.8286913393639905,37.402773880575964,53.84994246144553,29.9922979947237,3216.546000000002,60.484,B0034,14,24,1.426720633302465,0.9173294942053194,0.9121906046782501,0.9865098660310244,1.5754734182490688,1.0269932268614048,0.8672613136452354,Healthy
1.590716224316106,4.862320624109172,3.3964131813944722,2.182519668385055,4.186569652343309,0.36319182772056696,-1.8146752424570791,37.26498054251946,53.61278420241196,29.720872820523688,3211.859,60.75,B0034,15,24,1.4230846885129826,0.9091649354835479,0.9050877329950376,0.9850723701139477,1.5824021254981637,1.0285066928302709,0.8650511302492269,Healthy
1.586241086521403,4.867321084527074,3.403051791482094,2.188496149834977,4.186557905906351,0.35343550094652315,-1.8075203268976408,37.570569601089254,53.35590902048553,29.181554979015313,3215.859,60.828,B0034,16,24,1.4409479522418909,0.9066071955785876,0.9060185345059725,0.9862991641545503,1.5844338516839886,1.030517006223121,0.8759096804137845,Healthy
1.6102497063243084,4.954058123391466,3.4002648970649156,2.100542699118501,4.184379902708746,0.3468685778622041,-1.8262934110095792,38.400250729227935,53.83102716771526,28.623075635879932,3225.125,71.547,B0034,17,24,1.486901544051865,0.9203291875596161,0.9221640411357123,0.9891410325496062,1.86363991560522,1.0296730748734308,0.9038435109546553,Healthy
1.6248440416257222,5.020710766025971,3.402154252869035,2.112961645498256,4.187835929449723,0.33657028371271586,-1.8395285698527164,39.102942991019354,53.994059646351175,27.91514557526146,3234.343,71.828,B0034,18,24,1.5245313226850703,0.9286704980397048,0.9345709747552419,0.9919681794161748,1.870959339428512,1.0302452122977934,0.9267175414325579,Healthy
1.5868877293371109,4.883601153575208,3.407206655670774,2.1659225933828385,4.187676357576053,0.3474756334571859,-1.8047483945772262,37.80351021576893,53.39429065914855,28.427232335633782,3218.25,72.14,B0034,19,24,1.4629049605190707,0.9069767806528058,0.9090489580273499,0.9870324802923205,1.8790862441718112,1.0317751881337516,0.8892566969198178,Healthy
1.5713786337957203,4.817116515727351,3.404574250610661,2.148786443036186,4.186173516948595,0.35745211898802604,-1.7959916493195849,37.356060000664904,53.38470633939791,29.11360121405042,3203.5,62.047,B0034,20,24,1.423079450854989,0.8981126440885618,0.8966732973499468,0.9825086772675985,1.6161860852804042,1.0309780394719228,0.8650479464317045,Healthy
1.5542330497095798,4.759717900447706,3.4067467727915552,2.176304604588501,4.183451670510337,0.3595867124925846,-1.781271140675487,37.06076524279572,53.12872869294344,29.157378378338535,3194.39,62.25,B0034,21,24,1.4051040863603437,0.888313181675833,0.8859889376384714,0.979714653840126,1.6214737829178714,1.0316359257431256,0.8541212535242128,Healthy
1.7241220667403305,5.3143177872233744,3.327594909243545,2.11932965334224,4.171109136894672,0.29405325398719645,-1.9422323790824172,39.94613025797719,55.80847324293826,29.866530818752693,3225.219,62.672,B0034,22,24,1.6329463925070862,0.9854122964312202,0.9892239139072482,0.9891698622095604,1.6324659425386159,1.0076670453209582,0.9926198587314543,Healthy
1.6720167687853114,5.152273463367278,3.387012528508769,2.1509974200024624,4.183529138373987,0.3333319536080998,-1.8688152377047642,38.718351533776065,55.579127556921776,30.696722621912993,3252.985,62.985,B0034,23,24,1.5687138208259117,0.9556318056500988,0.9590604711683197,0.9976856530424033,1.6406188950535283,1.0256599736905372,0.953574776467464,Healthy
1.6423684617506624,5.043678380800296,3.3938481398345894,2.1142806141482584,4.188330656095053,0.34727619200253435,-1.8406021933680257,38.131331549186825,55.5590605953301,31.515839455092355,3245.25,63.157,B0034,24,24,1.5149520966053402,0.9386864820654715,0.9388462391804886,0.9953133400663879,1.6450991117709879,1.0277299432798395,0.920894612963106,Healthy
1.6139489938257208,4.956812293514862,3.4020764335853744,2.1801548663736754,4.186643866753638,0.34792207461273206,-1.8125906145533157,37.90482918212311,55.43438713431678,31.55540483103957,3235.031,63.531,B0034,25,24,1.4855182940634626,0.9224434945812866,0.922676711069675,0.9921791879911585,1.6548409783543019,1.030221646951117,0.9030026741614952,Healthy
1.6095141778784539,4.936079217352427,3.400466282848084,2.109657199964041,4.187573632919629,0.3524680611892458,-1.8110391962814834,38.06681078125698,55.91432751133226,32.01898917936151,3228.141,63.781,B0034,26,24,1.480771929049074,0.9199088004020581,0.9188173907260458,0.9900660352562206,1.6613529212575864,1.0297340588040562,0.9001174991234848,Healthy
1.6012638483491932,4.917039121151943,3.4030809584663944,2.1306422513355594,4.187294591248425,0.3494578276725217,-1.8097841749979178,38.24251669378549,55.78439633575717,31.694104818051116,3217.875,63.875,B0034,27,24,1.484026357317059,0.9151933708367294,0.9152732070248196,0.986917468351014,1.6638014117892215,1.0305258386109843,0.9020957698998201,Healthy
1.5975444760186313,4.916610173861998,3.4070525055582563,2.1787867991793117,4.183701675158018,0.3427800974277658,-1.8021093934434649,38.56098530062726,55.819046085150106,31.211217393080148,3220.219,64.078,B0034,28,24,1.4922153055506522,0.9130675844436167,0.9151933614201704,0.9876363696588072,1.6690891094266886,1.0317285081764092,0.907073589549067,Healthy
1.5913243459113005,4.890039766109392,3.4060276994838254,2.1208148015326507,4.187348905123759,0.3485541977871996,-1.800815649461131,38.38922286871294,55.81813101636483,31.37147872406447,3210.234,64.203,B0034,29,24,1.473312924099279,0.909512503970252,0.910247461719867,0.9845739850349529,1.6723450808783311,1.0314181749365727,0.8955833904267656,Healthy
1.5720238147113883,4.819869765108488,3.408174888188947,2.1326343880232206,4.186484904879302,0.3537418019137349,-1.7788779160462762,37.90831705954933,55.50852980614408,31.562997718502025,3210.546,64.515,B0034,30,24,1.441593178980006,0.8984813936220122,0.8971857958940346,0.9846696749701198,1.6804719856216301,1.0320683896884424,0.8763018946815501,Healthy
1.566383175142962,4.789618223270405,3.405126191511401,2.080806437045425,4.1865382627627215,0.3606991975404458,-1.7776506180150589,37.78900459955153,55.810474269938815,32.223370454309105,3200.969,64.734,B0034,31,24,1.4225873198015788,0.8952575177157241,0.891554678257309,0.9817324233384072,1.6861764476049073,1.0311451790041704,0.8647487945067208,Healthy
1.5581544716495794,4.776651572331387,3.409764436063523,2.153621018125857,4.187164525329423,0.3542145497843636,-1.7757913058945813,37.868460669545925,55.5580463265768,31.81062602803357,3188.625,64.859,B0034,32,24,1.4266489379486664,0.8905544483898984,0.8891410248579954,0.9779465369291076,1.6894324190565497,1.0325497388471758,0.8672177321582462,Healthy
1.5668672156835493,4.8136434177639575,3.410480218060336,2.16386574936286,4.185560165483177,0.34842657905000085,-1.781934305037178,38.32719437027863,55.7456104997617,31.507413283076332,3191.735,65.14099999999999,B0034,33,24,1.4596775560238575,0.8955341683716534,0.8960268039149868,0.9789003692956761,1.6967778906514546,1.032766492974254,0.8872948530964028,Healthy
1.5597557679268013,4.784995705363152,3.4102489283524573,2.110862355108561,4.187111715287616,0.3529484912906563,-1.7740392922449235,38.222749634083,55.88273287086187,31.7015184250114,3190.313,65.344,B0034,34,24,1.4396159938545154,0.8914696602952754,0.890694228160156,0.9784642440142419,1.7020655882889217,1.032696453494417,0.8751000222692309,Healthy
1.5405720042810864,4.7232248285377665,3.414435733868323,2.188936134619456,4.187953553733828,0.35394019682357425,-1.758159329896538,37.708662488006475,55.52091947034592,31.79194907840611,3182.156,65.719,B0034,35,24,1.4195512657848512,0.8805052877876733,0.8791960018618342,0.975962504266943,1.7118335026438487,1.033964307923388,0.8629032669848049,Healthy
1.5452329693616365,4.725456467975207,3.408669177651725,2.076995222056859,4.186573417418747,0.36079626905131507,-1.764462484778239,37.8703638417689,56.03798112972515,32.38980368761841,3180.156,65.89,B0034,36,24,1.4118101714470452,0.8831692362355313,0.8796114062819542,0.9753491072466417,1.7162876715896955,1.0322180711298663,0.8581976844848047,Healthy
1.5384935380846996,4.711470117910308,3.4118322352896917,2.138330613016186,4.187350410759027,0.35697515905164995,-1.7624729823299456,37.83489284744581,55.7872631992585,32.09514710929059,3171.953,65.92099999999999,B0034,37,24,1.4044196701845313,0.8793173520915027,0.8770079428636128,0.972833259367876,1.7170951525097027,1.033175912763587,0.8537052171553119,Healthy
1.570200422524174,4.838356396834027,3.412313772481234,2.163289759388807,4.18502843595743,0.34137758271628615,-1.7852228610575493,39.269306296372,56.29505678813318,30.96597456267125,3192.172,66.203,B0034,38,24,1.4735059098606866,0.8974392440450424,0.9006269559681397,0.9790343965446119,1.724440624104608,1.033321732544013,0.8957007007684306,Healthy
1.5896654357677797,4.897510304119292,3.4055246588869954,2.011759892668098,4.186257969039418,0.34418749570784896,-1.806117173524204,40.1506450904851,57.203641711448896,31.132826525823948,3194.735,66.657,B0034,39,24,1.492658600645149,0.9085643631827552,0.9116380512828235,0.9798204648261281,1.7362663124169728,1.0312658434642303,0.9073430555377209,Healthy
1.5665143906360663,4.830825988344613,3.412772999015033,2.162343975515107,4.186398813067427,0.3408103727673851,-1.7898966673086716,39.44313364004617,56.48442346523092,30.484316267018425,3178.75,66.578,B0034,40,24,1.4820260149945934,0.895332513194804,0.8992252219248486,0.9749178891413699,1.734208538459535,1.033460796179181,0.9008798209117509,Healthy
1.5337051096321117,4.710170420405576,3.4159307513752806,2.1921995805381784,4.185933256660042,0.3495334428573781,-1.7588595515353411,38.29706396735563,55.71155596776208,31.253015823048113,3165.359,66.75,B0034,41,24,1.423575357658995,0.8765805526683145,0.8767660130611428,0.9708108893919426,1.7386887551769947,1.0344170312611218,0.8653493935239023,Healthy
1.5273020969705986,4.681219787195407,3.414462463305671,2.16034888083278,4.187334986366342,0.35464416514348485,-1.7569483309674612,38.00009263186772,55.725184853786985,31.77638837223589,3155.25,66.953,B0034,42,24,1.403825219724535,0.8729209466969177,0.8713770506691855,0.9677104741528297,1.743976452814462,1.0339724021698002,0.8533438682865847,Healthy
1.6215998800897848,4.993614534246841,3.3922002422487143,2.165521364045302,4.176473851854755,0.3356470285708725,-1.8535542744661238,39.66453202372922,56.68734909187956,31.373478034042364,3173.766,67.35900000000001,B0034,43,24,1.5363173478836123,0.9268163157107437,0.9295271965082709,0.9733893037667791,1.7545518480893962,1.0272309245781528,0.9338819178758166,Healthy
1.6300700862051263,5.032079898195427,3.3972119520639095,2.0714906018792005,4.186547012412841,0.33598025344499033,-1.8469058434531274,40.503647950320534,57.523569542125074,31.20306928863091,3199.485,67.485,B0034,44,24,1.5440367168176732,0.931657414505532,0.9366872609603004,0.9812772827493437,1.7578338673126515,1.028748577705778,0.938574294144862,Healthy
1.5940789685209997,4.917982844701198,3.4077342186972084,2.160000438530016,4.186836439169428,0.33791758824672014,-1.809719941535708,39.602225792574906,56.64647124225468,30.82907784972423,3196.015,67.64,B0034,45,24,1.507892155360249,0.9110868930718062,0.9154488747098206,0.9802130389191208,1.7618712719126879,1.0319349455232676,0.9166030833002151,Healthy
1.9332666397842861,5.977329566472391,3.305027554247319,2.07023691471502,4.267804722238553,0.283178840580479,-1.951674467634044,43.00893271743553,61.22071154968515,33.72863282333816,3595.281,102.328,B0034,46,24,1.8203060058691087,1.1049477040366789,1.1126390225806793,1.1026673262729292,2.665416373629236,1.000833166633806,1.10651023125119,Healthy
1.6935986742035423,5.192574548928484,3.3502911943233946,2.051324967440629,4.183147061073988,0.3273088379760373,-1.920877053556143,40.64495633031262,58.28488787096781,32.41770051524149,3198.0,67.828,B0034,47,24,1.5936575758226643,0.9679668226363081,0.9665622426448796,0.9808218354617699,1.766768252975958,1.014539966800266,0.9687373480464947,Healthy
1.6464265451353897,5.040259735650816,3.378826251452736,2.126099692893142,4.186094144264648,0.34641924044154077,-1.8756315967870998,39.63966215341089,57.592019665372526,32.712997864736565,3183.516,56.391,B0034,48,24,1.533070464968097,0.94100585686172,0.9382098817644606,0.9763796142407479,1.468859889036493,1.0231809935748033,0.931908233696284,Healthy
1.6131493028732595,4.934545636581388,3.3905180732853615,2.1895562891910765,4.1869069503681295,0.35096779925706834,-1.837523884399117,39.16680148065847,57.28443182001311,32.77675256703404,3183.797,56.422,B0034,49,24,1.4862143093107285,0.9219864357029729,0.918531925152973,0.9764657965221003,1.4696673699565002,1.0267215277689667,0.9034257612631821,Healthy
1.6171378945816595,4.94524759473836,3.387526907959532,2.074340759266504,4.185562043793452,0.35191505251917193,-1.8376918380374707,39.82254974386062,57.87208806126728,32.96721048360936,3191.516,56.641000000000005,B0034,50,24,1.5029318848267783,0.924266092921404,0.9205240214781052,0.9788332023219531,1.4753718319397777,1.0258157388108298,0.9135878814180247,Healthy
1.6216361413895561,4.980899728064571,3.3911818711119515,2.1265733975652816,4.186540363518264,0.34181699007641697,-1.8447319494358396,40.67552783597674,58.01475740778219,31.84646332658563,3189.985,68.453,B0034,51,24,1.5202185406928062,0.9268370406532339,0.927160422288175,0.9783636469029124,1.7830481102341695,1.0269225399753361,0.9240959287013965,Healthy
1.6133537543845493,4.947178002221236,3.390835631837091,2.062739747604538,4.182887718757515,0.3466408129862655,-1.8363552560101446,40.582538417129676,58.312052179468594,31.877214340905937,3189.734,68.718,B0034,52,24,1.5118194735004464,0.9221032888174567,0.9208833536298702,0.9782866655768646,1.7899507697116512,1.0268176913033709,0.9189903839460931,Healthy
1.5799194135215793,4.830829561780247,3.396934021472626,2.1030377322448675,4.183577669537621,0.35380759965598235,-1.804847667473282,39.684346755235566,57.74556007237976,32.507828819434216,3176.016,57.062,B0034,53,24,1.464601301820905,0.9029940788345852,0.8992258870954547,0.9740793754146181,1.4863379437889088,1.0286644143669819,0.890287852670621,Healthy
1.5699499395521153,4.799170691047883,3.3994906529891593,2.1244761059896846,4.186336344550888,0.3550201360082226,-1.7965264889900276,39.47995207463314,57.59063118746153,32.57527384817968,3171.36,57.125,B0034,54,24,1.4546140961511749,0.8972960819073523,0.8933328048091363,0.9726513871513567,1.4879789534005365,1.029438617176069,0.8842169254641319,Healthy
1.5626356813514126,4.767211851920561,3.3981483429417363,2.0601307559265187,4.184762302875813,0.36006141669570507,-1.7880255809187031,39.48992781243277,57.76023731619168,32.897946566691715,3170.843,57.312,B0034,55,24,1.4333400490204142,0.8931156586593209,0.887383885457443,0.9724928240216087,1.4928498866921935,1.0290321369294397,0.8712850608576272,Healthy
1.5651104745358453,4.7835653221450825,3.3988819411159534,2.066307670696809,4.185022396532557,0.3556598767524084,-1.7944904482925368,39.852310270589804,57.84385498440773,32.59673606531135,3164.672,57.594,B0034,56,24,1.449326234639616,0.8945301128224619,0.8904279721058477,0.9706001875154692,1.5001953582870986,1.0292542861768175,0.8810025907066165,Healthy
1.5849554311197087,4.859497693643093,3.3979295593430394,2.063118102136468,4.183906394520297,0.3482016505439051,-1.8100461507144519,40.873690307547484,58.50818415025991,32.122264202027765,3177.453,57.703,B0034,57,24,1.495199821798908,0.9058723864451497,0.9045622637935051,0.9745201011737046,1.5030345653929307,1.0289658845674556,0.9088877887844607,Healthy
1.5752321395085165,4.824693758791079,3.3987236708202504,2.015578277968309,4.18478065365082,0.35231564460810844,-1.8015738065563547,40.55984735939729,58.39804679399696,31.863377711175392,3172.375,57.812,B0034,58,24,1.4720590241846008,0.9003150936639196,0.8980837493289663,0.9729626861391596,1.5058737724987628,1.0292063585397153,0.8948211817211508,Healthy
1.527102494192338,4.660754675651691,3.4080267118315732,2.1825208655708157,4.184572904357356,0.35751889261869363,-1.7534517505866212,38.988662122088876,57.19671566450291,32.49659955508618,3158.406,57.969,B0034,59,24,1.4097383014648728,0.8728068648485995,0.8675676101068437,0.9686784146508651,1.5099632726420256,1.0320235187121685,0.8569382559460291,Healthy
1.5173280197645909,4.6237222362595265,3.407631378055527,2.177635067318021,4.186221928288161,0.3617463159027306,-1.7513221260920175,38.71511147644418,57.09358220904711,32.802688291765755,3141.578,57.968,B0034,60,24,1.3861944181384176,0.8672203188156584,0.8606742747618774,0.9635172921220501,1.5099372248704126,1.0319038031732015,0.842626624989415,Degrading
1.5075487786421014,4.58716293047987,3.407885887358127,2.167549772117144,4.185645972879193,0.365101378589832,-1.7425277851045473,38.511498511820214,57.056434523826645,33.018804133714845,3138.187,58.218,B0034,61,24,1.3624125407550536,0.8616310484050742,0.8538690100033356,0.9624772774741291,1.516449167773697,1.031980874043891,0.8281703244782878,Degrading
1.5517461456171848,4.739069111684315,3.4003875411941866,2.0235981843621835,4.184966155089575,0.3575647441360872,-1.7826705089192836,40.112479285456395,57.99096942950453,32.59952656942388,3157.969,58.297,B0034,62,24,1.4471377445077278,0.8868918055911776,0.8821453068177715,0.9685443874019294,1.518506941731135,1.0297102141439067,0.8796722722249333,Healthy
1.546892853748923,4.747633890064443,3.4076622967245975,2.184010507272112,4.181330176160959,0.34425343388744384,-1.7740815054978625,40.84012758949483,58.16328313862759,31.620516633507417,3159.281,58.594,B0034,63,24,1.4554483390450048,0.8841179338465879,0.8837395817426372,0.968946775847247,1.526243129900237,1.0319131660087502,0.884724037067563,Healthy
1.5475451617323113,4.734413255628514,3.4032529056881784,2.0392577121107047,4.186951481965634,0.35507465637973745,-1.7809841749397886,40.348969230016365,58.29542391419101,31.970875051865843,3150.375,58.547,B0034,64,24,1.4423952167302958,0.8844907568156171,0.8812786510522505,0.9662153189158453,1.5250188846344195,1.0305779079143857,0.8767894297298793,Healthy
1.5101134427501177,4.595989709784383,3.406174357529073,2.0999808615526177,4.1857251578423,0.36486444543179575,-1.747182095051256,38.95729074496056,57.375182540416354,32.841430282108234,3134.078,58.735,B0034,65,24,1.377541945989605,0.8630968677904923,0.8555120546085713,0.9612170532959202,1.5299158656976897,1.0314625861353988,0.8373670428491551,Degrading
1.5008006800532303,4.556987508406168,3.4049736944362246,2.063136946201327,4.18361645238679,0.3697643818088682,-1.73814436809975,38.73711200799833,57.42041259082052,33.25562383623323,3129.797,58.969,B0034,66,24,1.3539935892900532,0.8577742105075258,0.8482520615402014,0.9599040769739653,1.536011044255164,1.0310989996219575,0.8230526926612228,Degrading
1.6428966701444896,5.016042697809643,3.3580774287935817,2.120762756881349,4.17325067272426,0.33409637440471635,-1.8824146171130414,40.231060876384255,57.71520595046742,32.848726822745824,3161.89,46.609,B0034,67,24,1.5509038861664448,0.9389883766101771,0.9337020457795521,0.96974695226023,1.2140605871167722,1.0168978054485205,0.9427486434683553,Healthy
1.634614540605403,5.020959599420022,3.38250056099739,2.19170788700899,4.184028931910909,0.33308574575214545,-1.8524024614367005,40.929553501935686,58.17136403259683,31.959745888808364,3196.859,59.203,B0034,68,24,1.5562932697752867,0.9342547719276024,0.9346172933898869,0.980471892461688,1.5421062228126385,1.0242936532414506,0.9460246905088493,Healthy
1.599359735508894,4.895913430878245,3.390086865994553,2.1203887966971293,4.185455613390746,0.34685000193734206,-1.826530681368946,39.993709319022244,57.753084428922655,32.130296542002014,3171.906,59.375,B0034,69,24,1.5067526605064707,0.9141050858232611,0.9113408042492871,0.9728188445378989,1.5465864395300983,1.0265909489609986,0.9159104180504722,Healthy
1.5649062301378647,4.76548180374156,3.392978809154906,2.0630039985317543,4.183582231077479,0.3599395825673459,-1.7929643530908497,39.1022619385273,57.5103657978898,33.05944493525902,3160.842999999993,59.656,B0034,70,24,1.444138733302766,0.8944133780824282,0.8870618488199287,0.9694258389201001,1.5539058633533902,1.0274666913212043,0.8778492619336813,Healthy
1.5352744399285132,4.674813123353914,3.400527096110287,2.1811524820912926,4.1831604654402685,0.35912609070513846,-1.7679531131415924,38.637036104045876,56.86348453612092,32.84653641029996,3147.141,59.469,B0034,71,24,1.4144103811292437,0.8774774945966547,0.8701844940073301,0.9652234559340181,1.5490349300617334,1.0297524743630146,0.8597782751148824,Healthy
1.5251828821181148,4.636500162224244,3.4009920061492966,2.155432405052415,4.184589576893444,0.36363096900257585,-1.758494914822024,38.457946337552535,56.97607576818629,33.211278740783506,3141.203,59.672,B0034,72,24,1.3897574212362729,0.8717097213349192,0.8630527982978285,0.9634022801807436,1.5543226276992004,1.0298932590853518,0.8447924692864974,Degrading
1.5574736842932053,4.752242064743712,3.395963139634734,2.0671609840346776,4.1839152437949645,0.3559391723260501,-1.791362432884086,39.988534225003114,57.956995411354825,32.830844881443824,3151.047,59.766,B0034,73,24,1.449968311475299,0.8901653481949834,0.8845973619459879,0.9664214203146666,1.5567711182308355,1.0283704105415084,0.8813928902417726,Healthy
1.5614622230819362,4.782326935508658,3.399629787670528,2.1233368877812127,4.184717109573573,0.34757164660384293,-1.7913224989214864,40.84025138634754,58.3663921180059,32.02819316917294,3159.172,60.063,B0034,74,24,1.4678653068012166,0.8924449751674745,0.8901974549022361,0.9689133457096406,1.5645073063999375,1.0294807501390948,0.8922719448473896,Healthy
1.5371757359243143,4.681813536444139,3.3983167205445777,2.032509026773449,4.184251380689682,0.3611318712468133,-1.7734088198098006,39.64173378499159,57.883249801186295,32.734568931172916,3141.047,60.031,B0034,75,24,1.4290644310445066,0.8785641696584502,0.8714875730314579,0.9633544352131601,1.5636737777083172,1.0290831252757322,0.8686860390338188,Healthy
1.5131210167497469,4.586378554419283,3.398539512076107,2.010095847748964,4.182749347441237,0.3710619878165209,-1.7476951824023108,38.82196729294636,57.62604602919208,33.58861809861441,3135.0310000000027,47.578,B0034,76,24,1.376744834668327,0.8648158298401253,0.8537230037636457,0.9615093369760946,1.2393008778099035,1.0291505913256636,0.836882502431447,Degrading
1.48839690017578,4.516593400645157,3.4065465230061798,2.1845053475658918,4.182152014334447,0.3666661959660648,-1.7290779932589337,38.27601981086532,56.803768142247485,33.12173263676196,3117.984,47.609,B0034,77,24,1.3515813262521057,0.8506848996929066,0.8407329746172841,0.9562810474735557,1.2401083587299107,1.031575285816975,0.8215863492423956,Degrading
1.4910289382983457,4.524498334576515,3.4067781130872956,2.1991319506434475,4.183323525954108,0.366329464909029,-1.72909022193074,38.30615482092432,56.88027382398077,33.40383336475659,3125.328,47.828,B0034,78,24,1.353993472828928,0.8521892263184312,0.8422044240103852,0.958533441332102,1.2458128207131882,1.031645416256265,0.8230526218679463,Degrading
1.4951455540952026,4.536468305616919,3.4044214192090116,2.1256164107912863,4.18535045289718,0.36815742532365514,-1.7360856942372698,38.50347850214561,57.11228470728586,33.36690729502318,3120.172,47.859,B0034,79,24,1.3577165116893766,0.8545420549865169,0.8444325522624088,0.9569521038137653,1.2466203016331954,1.0309317588484896,0.825315747176081,Degrading
1.4862185737028661,4.495041669398674,3.4020136665550305,2.059592858883293,4.182766239696235,0.3747697911581136,-1.7266849618679287,38.25735173096823,57.23777746505438,33.8887360806896,3116.641,48.047,B0034,80,24,1.334169315351027,0.8494398894158157,0.8367212672281664,0.9558691513744234,1.2515172826964653,1.0302026397492985,0.8110021023374352,Degrading
1.4754102127900068,4.475997107859472,3.408929572366065,2.196715966153447,4.181823483700895,0.36673764656574676,-1.7171675465127403,38.29433048905591,56.79550408983589,33.2122234387876,3110.844,48.047,B0034,81,24,1.3372147888783987,0.843262431361506,0.8331762523346743,0.95409122011108,1.2515172826964653,1.0322969242293487,0.8128533557015268,Degrading
1.4774440380668887,4.479308306991022,3.407512024075691,2.179169443366329,4.1857303262234575,0.36920574664774874,-1.7243425380133646,38.19006452807094,56.74357378980126,33.28709618793543,3101.406,48.109,B0034,82,24,1.339045224276927,0.8444248527905299,0.8337926094092386,0.9511965995722783,1.25313224453648,1.0318676602304788,0.8139660232912539,Degrading
1.4827997769148447,4.484526008164012,3.4012246723873063,2.0729178734316847,4.180937577273335,0.37427823003175015,-1.7314023398283604,38.32673773585545,57.1850535860252,33.78486550913033,3099.563,48.266,B0034,83,24,1.3439244604756322,0.8474858952880766,0.8347638488011232,0.9506313542180707,1.2572217446797427,1.02996371540801,0.8169319667958904,Degrading
1.4842851858854573,4.490426337960627,3.4019343263921806,2.058553622170445,4.185670680684665,0.37481145374050406,-1.7315370302816349,38.326112920062165,57.13163600499266,33.731674773282236,3104.64,48.203,B0034,84,24,1.3454786192090245,0.8483348724533875,0.835862154843111,0.9521884625541054,1.255580735068115,1.0301786138478126,0.8178766939648072,Degrading
1.473404025102158,4.468360342401706,3.4080993396118826,2.1859283824053053,4.184780807786567,0.36825043767469806,-1.7217927604432464,38.2504483640825,56.68621589748299,33.07649183918508,3099.875,48.469,B0034,85,24,1.3482263029682544,0.8421158060414713,0.831754720669051,0.9507270441532376,1.2625094423172099,1.032045511960382,0.8195469297284799,Degrading
1.4769801872529236,4.463624026238784,3.4012585484878985,2.047929270109934,4.184776951807234,0.3766580429795005,-1.728989688622418,38.25522153140731,57.14457415944487,33.86811721159326,3093.25,48.672,B0034,86,24,1.3373192299576058,0.8441597414596048,0.8308730878048192,0.9486951665234896,1.2677971399546768,1.029973973817198,0.8129168423473616,Degrading
1.4802077007684273,4.475933278274417,3.400118948427692,2.0282334120244614,4.184920385211051,0.37593601212950395,-1.7363791085179334,38.4827926779255,57.28985408720813,33.77572561024867,3086.688,48.578,B0034,87,24,1.3402523341553034,0.846004408705868,0.8331643708939177,0.946682610899881,1.265348649423042,1.029628878498556,0.8146997897164381,Degrading
1.469574608018907,4.443932452834607,3.4044380735101045,2.128944717359417,4.181326694340018,0.37315902558622077,-1.7191649059489624,38.208311929566015,56.90074118043176,33.59593999145818,3094.281,48.578,B0034,88,24,1.329096568237912,0.8399271241872138,0.8272076360772798,0.949011372687455,1.265348649423042,1.0309368021277445,0.8079185292661417,Degrading
1.4731781726467317,4.455280201673222,3.4027761465827293,2.080780257241255,4.184466822637345,0.374521508259097,-1.7265467227383982,38.37963443029051,57.126183132620525,33.71070734548178,3088.328,48.813,B0034,89,24,1.3323485655766352,0.8419867213374067,0.8293199419215331,0.9471855964565281,1.2714698757521294,1.0304335350408178,0.8098953223524124,Degrading
1.4766466266888072,4.483578516784483,3.407661438923026,2.18178697368346,4.185698992912854,0.36520921170027865,-1.726628901233422,38.847888287026734,57.09006956503022,33.10517803503929,3095.687,48.859,B0034,90,24,1.3501541310555516,0.8439690967901666,0.8345874797602832,0.9494425907927266,1.2726680732463338,1.0319129062480525,0.8207187994557729,Degrading
1.4937019039604926,4.546951280638324,3.406219322901771,2.1600430451609207,4.188177492671976,0.36090923946582715,-1.7439767424511525,39.55793696996327,57.56129571557157,32.770159368705826,3102.062,62.203,B0034,91,24,1.381523441054128,0.8537169448496359,0.8463838863743804,0.951397793794937,1.620249537652054,1.0314762026138116,0.8397872760464121,Degrading
1.4958963519418598,4.552409007956248,3.403483836522725,2.0578741386350488,4.181899265811891,0.3619668249274923,-1.7438949547598264,39.995989656775905,58.12885115554352,32.51601214375282,3107.141,49.016000000000005,B0034,92,24,1.3835971952817807,0.8549711692844557,0.8473998049917155,0.9529555155279923,1.2767575733895966,1.0306478387196873,0.841047849962336,Degrading
1.4719295335352762,4.449737157193357,3.401643655881062,2.0545776989805837,4.180083219210065,0.37419521077138923,-1.7239330841004026,38.637111363644244,57.35750604508094,33.5716509932209,3090.719,49.078,B0034,93,24,1.33011618620809,0.8412730686570258,0.8282881420979475,0.9479189125942983,1.2783725352296111,1.0300905925882875,0.8085383249006844,Degrading
1.4601276722081757,4.405106221649803,3.401100143150002,2.0610721424538947,4.1821779958572005,0.37875619418271567,-1.7215733668196036,38.17458507378806,57.07647448385972,33.91674365621195,3069.812,49.25,B0034,94,24,1.3176982121703231,0.8345277810136233,0.8199803986570339,0.9415067668425787,1.282852751947071,1.0299260052864259,0.800989805432036,Degrading
1.4488797735658856,4.375151717445722,3.406245698013471,2.1769630360366774,4.1841115419161925,0.37598386759347885,-1.7115169207570662,37.84309122903104,56.56265009891403,33.64810857952362,3064.437,49.281,B0034,95,24,1.3063657719651272,0.8280991076354791,0.8144045725445735,0.939858262350519,1.2836602328670783,1.0314841895628248,0.794101149902877,Degrading
1.4662675826831835,4.439847814999991,3.404609654515602,2.123117073996824,4.182953933920961,0.3701904747083956,-1.7218255733894667,38.7849806497393,57.16856231635899,33.48361580832022,3083.25,49.391,B0034,96,24,1.3381567383793782,0.8380370124060957,0.8264473086773326,0.9456281814219831,1.2865254877445236,1.0309887605330066,0.8134259389687332,Degrading
1.4843892956843898,4.494735906424809,3.3978374456616303,1.992728560786441,4.185231964742196,0.3728432468936498,-1.7464028089407726,39.47058624854092,57.902838661735686,33.682102638981995,3076.484,49.5,B0034,97,24,1.3563258092165067,0.8483943758250025,0.8366643515415544,0.9435530593023038,1.2893646948503557,1.0289379905708271,0.8244703802378326,Degrading
1.493533833398128,4.523852785402707,3.3958647763622594,1.9677573642714887,4.183603781291225,0.37289371039063396,-1.7536342273893653,39.61654428235802,58.11517890209301,33.35144052689098,3081.297,49.594,B0034,98,24,1.3648997529550058,0.8536208850624449,0.8420842594462958,0.945029199231659,1.2918131853819907,1.0283406240347832,0.8296822272779634,Degrading
1.4624650931381307,4.421908782755481,3.4029256137765205,2.12435243753564,4.1847480185320505,0.3739159665679015,-1.726531730710585,38.42381623938057,56.98035659049231,33.36131413527963,3065.953,49.859,B0034,99,24,1.3337639975535058,0.8358637208352556,0.8231080805018391,0.9403232172919074,1.2987158448594724,1.0304787969100198,0.8107557216253904,Degrading
1.4499754253130486,4.380448951678349,3.4052852363977686,2.1817137827751827,4.18481289618272,0.3746163296024134,-1.7162971244779048,38.11461669687029,56.67208442551173,33.52457855678489,3055.828,49.75,B0034,100,24,1.3060123668658763,0.8287253212459237,0.8153906164716193,0.9372178948766321,1.2958766377536401,1.0311933412039243,0.7938863253860998,Degrading
1.454683435974658,4.389498473258906,3.4007629589889867,2.087539695609617,4.182816385597531,0.3776587946222213,-1.7241037426046357,38.33391837467718,57.04472631715234,33.80324919916471,3051.468,49.843,B0034,101,24,1.3101868361375808,0.8314161583317518,0.8170751230283083,0.9358806893723752,1.2982990805136623,1.0298238986969743,0.7964238619015492,Degrading
1.471539902475244,4.457902712082552,3.4011297944340977,2.068960188840925,4.182086976575588,0.36958503808959037,-1.734239204579505,39.42514383600653,57.64730160708694,33.28180573930361,3069.0,49.89,B0034,102,24,1.3567668941696105,0.8410503772101532,0.8298081043000827,0.9412577276523364,1.2995233257794796,1.0299349843306453,0.8247385027468429,Degrading
1.4917662596617325,4.5326392581794,3.3993314164333626,2.059628573127648,4.181559459677035,0.36412993845781577,-1.7519633999941742,40.315066740163225,58.29336025761747,32.86367869013046,3079.235,50.281,B0034,103,24,1.3916857433587717,0.8526106382079481,0.8437198012670157,0.9443967869037283,1.3097080044802167,1.0293903969347045,0.845964639323191,Degrading
1.4782765972757674,4.475988301032568,3.3981521617785853,1.9953872570984856,4.182529313505233,0.37229461644284406,-1.741661014368029,39.53448316157278,57.95445943311949,33.194763895885686,3070.344,50.203,B0034,104,24,1.3629935079344777,0.8449006973364369,0.833174613004072,0.9416699304499789,1.307676278294392,1.0290332933550712,0.8285234772591835,Degrading
1.4516930320783743,4.385895680850468,3.4035091903916523,2.1529421051579973,4.184076900714323,0.374494610907818,-1.7213520368201807,38.37203224972586,56.91514213395795,33.35977240890851,3051.4839999999967,50.203,B0034,105,24,1.3211711973900628,0.8297070097583765,0.8164044878593241,0.9358855965485366,1.307676278294392,1.0306555164145048,0.8031009305210242,Degrading
1.4533525941120107,4.377957165566499,3.3990218794534157,2.0405401202035574,4.184435637134828,0.3812468444656807,-1.7213249052728743,38.3101923015924,57.19634917626827,34.03901584815155,3054.812,50.297,B0034,106,24,1.3074869015593356,0.8306555231300125,0.8149267875270818,0.9369062891903189,1.310124768826027,1.02929666250413,0.7947826514540174,Degrading
1.4416394222730786,4.354762159216306,3.4057934055092884,2.197033181830859,4.182198079486951,0.3737023442287748,-1.7112135934528914,38.27774779605142,56.74944920850043,33.42386688404649,3046.532,50.391,B0034,107,24,1.3105881895483489,0.8239609254661024,0.8106091957150142,0.9343668255262717,1.312573259357662,1.0313472257004135,0.7966678327800336,Degrading
1.492549319363692,4.527431379425838,3.3956244120578263,1.9756647286286777,4.18257252176705,0.3692120522102304,-1.7569109821992535,40.334191485925615,58.60834889757344,33.11354297788636,3071.782,50.485,B0034,108,24,1.376312668196664,0.8530581915883242,0.8427503902513368,0.9421109629075756,1.315021749889297,1.0282678365726508,0.8366198012037649,Degrading
1.4928857251058998,4.543899717365914,3.400151892919731,2.083403258487322,4.184144535847567,0.3609593984432282,-1.7574723585820047,40.79229920392578,58.69313490028398,32.55255277599488,3074.532,50.579,B0034,109,24,1.391764929132287,0.8532504624033416,0.8458158587394643,0.9429543838104898,1.317470240420932,1.029638854796711,0.8460127740149855,Degrading
1.4810822308764136,4.486485467679817,3.395401002342427,1.9776004444482065,4.183745596310435,0.37214056285496877,-1.754566898095876,39.99900717802978,58.287617732907975,33.05097826562996,3053.656,50.609,B0034,110,24,1.3649746353453525,0.8465042414837398,0.8351285887901443,0.9365517457125848,1.3182516735693262,1.0282001833233965,0.829727746070294,Degrading
1.4541534550636757,4.387952116306505,3.3978188140801495,2.064842829300876,4.182564922322223,0.3775177446279733,-1.7345909430155575,38.793911542282345,57.38456939785952,33.562617702701615,3031.953,50.688,B0034,111,24,1.3219093937291897,0.8311132507148082,0.8167872792564455,0.9298954679467853,1.3203094475267643,1.0289323485286999,0.8035496582620097,Degrading
1.4566373407736006,4.383068095917836,3.392562018908607,1.966575784508242,4.184886457411625,0.3849778775123176,-1.7419815147499944,38.67005005769116,57.58115209169171,34.18219583317039,3023.5,50.875,B0034,112,24,1.3090033888073913,0.8325329016598934,0.8158781522606724,0.927302945440482,1.325180380818421,1.0273404783032554,0.7957044792401837,Degrading
1.4506476978200644,4.381254209835563,3.4017204105726306,2.1711822809863026,4.182256888930097,0.3732509656497098,-1.7240295509078702,38.826649526191886,57.13289738293001,33.57621320035027,3042.703,51.078,B0034,113,24,1.3327005721973733,0.8291095548264489,0.8155405097707932,0.9331924769309048,1.3304680784558882,1.0301138355536656,0.8101092967754264,Degrading
1.8461903414133707,5.756813934896148,3.483606791060758,2.069253006874651,4.444767752853825,0.34395434292487526,-1.5139109254949328,40.05350414099234,61.43732341776916,34.24089988012979,4424.203,188.156,B0034,114,24,1.7423975189669398,1.0551797341245246,1.0715915457681282,1.3568964687040241,4.901044515641687,1.0549107863030756,1.059151964245204,Healthy
1.480046363399755,4.50021969770461,3.4027541068274787,2.1429326564674485,4.182008963324631,0.3613250977679768,-1.7448643036753848,39.89751111071057,57.73883179659806,32.351846686957984,3066.766,51.016000000000005,B0034,115,24,1.37734756281946,0.8459121972377646,0.8376851217871534,0.9405725631806598,1.3288531166158737,1.0304268609306395,0.8372488830640118,Degrading
1.4666545502502453,4.443847758393197,3.399518032588874,2.066165629002469,4.183084128990252,0.3695778618370275,-1.7422768724138988,39.197243061406944,57.386080612263264,32.93618691272158,3046.125,51.188,B0034,116,24,1.34875988767775,0.838258181548501,0.8271918707861977,0.9342419992326404,1.3333333333333335,1.029446908305578,0.8198712801060496,Degrading
1.4528872929688665,4.40641512088062,3.4048948132853294,2.1996082620797504,4.183718969246597,0.36613308641441833,-1.731761904660173,38.90698912730004,56.89633685865634,32.66595979613673,3033.625,51.282,B0034,117,24,1.3501504559881146,0.8303895828715802,0.8202240412978883,0.9304082678557573,1.3357818238649684,1.0310751127191278,0.8207165654908755,Degrading
1.4570860567537074,4.407299449603749,3.3989458032986057,2.0698222657269465,4.184086373500983,0.37297505761796523,-1.7394457190997812,38.91493347992841,57.238769179765264,33.21290150174118,3028.562,51.187,B0034,118,24,1.3387814875085953,0.8327893627614198,0.8203886530421798,0.9288554532988645,1.3333072855617203,1.0292736250142227,0.8138057055031592,Degrading
1.4440474111705703,4.370931887733608,3.402552549263599,2.1637591808058576,4.180084668986179,0.36958468921004256,-1.7291852801439969,38.753372299612906,56.92287178370967,32.96200770858658,3020.984,51.328,B0034,119,24,1.3253371210402685,0.8253371980137558,0.8136190801011455,0.9265312919889429,1.336980021359173,1.0303658249811336,0.805633272405686,Degrading
1.4650559350759225,4.422016017638359,3.3917372089469744,1.96657603413028,4.182272685375916,0.3787642571958432,-1.7552053099717762,39.091854428154555,57.63060311370659,33.69781115832551,3017.391,51.547,B0034,120,24,1.3308160596334049,0.8373445020124473,0.8231280415419566,0.9254293242419717,1.34268448334245,1.0270907081720773,0.808963757274799,Degrading
1.4524586387480753,4.3918866710941415,3.399163910018903,2.0993400599564533,4.183571382297645,0.3728463956737153,-1.737147942355728,38.79791433490267,57.01462861282404,33.09664347780742,3022.14,51.531,B0034,121,24,1.333083376618503,0.8301445879560616,0.8175196697235466,0.926885835466677,1.3422677189966399,1.0293396724029227,0.810341992271229,Degrading
1.4525210905457333,4.387447434723218,3.396151910618556,2.051523215347617,4.183893272585923,0.37578458968010653,-1.7450526641182944,38.873425446921566,57.17373710163345,33.317927893443084,3009.016,51.578,B0034,122,24,1.3333226534895923,0.8301802819307131,0.8166933362310027,0.92286072421946,1.3434919642624574,1.02842757444057,0.8104874416105755,Degrading
1.446417717837489,4.372115333761819,3.3999185413871995,2.127535513157563,4.184006388641318,0.37311992397187926,-1.7341883809096077,38.72429474171124,56.96912010183172,33.13152656297104,3014.672,51.859,B0034,123,24,1.3264281097516477,0.8266919334938896,0.8138393704862518,0.924595410992872,1.3508113880857493,1.0295681909521865,0.8062964522048124,Degrading
1.4438952480075136,4.359392549639797,3.397850235603045,2.0823277676119383,4.181910454160974,0.3756170851043337,-1.734400276547127,38.693927613601694,57.10359458618797,33.345708976016255,3010.703,51.766000000000005,B0034,124,24,1.323971040986857,0.8252502300114127,0.8114711112272286,0.9233781246060841,1.3483889453257276,1.0289418636391623,0.8048028727086383,Degrading
1.4449602532149228,4.3661132861913226,3.399278705498605,2.1365617064803337,4.181304092373182,0.3730976776162239,-1.7344615887918813,38.83689474258564,57.068326741336485,33.20623071129683,3011.75,51.984,B0034,125,24,1.3249364225071156,0.8258589277639614,0.8127221303762571,0.9236992379462119,1.3540673595373918,1.029374434934121,0.8053896996079524,Degrading
1.448236231031248,4.368222772638264,3.393991029909915,1.9941210557405096,4.181467747221002,0.3787842671237286,-1.7422565015843707,38.98262569198278,57.42601185667435,33.484908656693435,3005.734,51.859,B0034,126,24,1.3283067675570923,0.8277312945095168,0.813114796852544,0.9218541397091455,1.3508113880857493,1.0277732134566298,0.8074384327707402,Degrading
1.450318241159287,4.3722638490632635,3.3920728040875394,1.9772527709370784,4.184933925854431,0.3810216610259313,-1.7506020276231054,39.051031869034375,57.61101162387096,33.7194229242096,2993.75,51.968,B0034,127,24,1.314584348909226,0.8289212557199448,0.8138670155939876,0.9181786647635002,1.3536505951915816,1.0271923335720854,0.799096979969717,Degrading
1.4370694505940758,4.338201762056845,3.3991110461098466,2.126873333723975,4.183605741258281,0.375451761957285,-1.7318011089547243,38.79001119015603,57.13778358983724,33.303202931717536,2998.125,51.953,B0034,128,24,1.3166841798543305,0.8213489837865054,0.8075265910327489,0.9195204707454093,1.3532598786173844,1.0293236640784433,0.8003734051516175,Degrading
1.4408838879801367,4.343386399665352,3.395190942431077,2.039511489521072,4.18498220766507,0.3797193868780284,-1.739970121407176,38.89401391225135,57.23603082155364,33.44066716927095,2990.859,52.063,B0034,129,24,1.3041727649654071,0.8235291040788568,0.8084916758682115,0.9172919993706546,1.3561251334948297,1.0281365726808804,0.7927680857507114,Degrading
1.4588148575059867,4.414316389258575,3.3964846031258618,2.0358214749013905,4.181710702444723,0.37136680351963663,-1.7427011000827153,40.171574663158054,58.39093066235441,33.44031281308572,3024.453,52.234,B0034,130,24,1.3534450073572306,0.8337774491343275,0.8216948083732905,0.9275952291206555,1.3605793024406763,1.028528320861027,0.8227192259147579,Degrading
1.4763150115453754,4.481261642689192,3.394474869519725,1.973042506261499,4.184181072689387,0.3680772391618669,-1.7609977485305528,41.03606365974405,58.90073826779548,32.51766176771071,3030.765,52.484,B0034,131,24,1.371294082513786,0.8437795640150086,0.8341562094914851,0.9295311101167264,1.367091245343961,1.0279197304586458,0.8335691512654521,Degrading
1.4633360874430588,4.435491170466624,3.396433031795198,2.0280193684749017,4.18330455406694,0.36917045325411524,-1.7510064310910844,40.43961489235273,58.27129279916865,32.46181580039119,3020.813,52.454,B0034,132,24,1.357699321922511,0.8363615327447224,0.8256363490905421,0.9264788465437072,1.3663098121955668,1.0285127039569835,0.825305298024758,Degrading
1.4498144955427295,4.370681335191067,3.391155270712207,1.9435482703621487,4.183090426902681,0.38096358575592437,-1.7476615383639926,39.651877682602084,58.03064804249352,33.41593387956539,2998.156,52.375,B0034,133,24,1.3286903090919502,0.8286333427383729,0.8135724414587655,0.9195299783992239,1.3642520382381287,1.0269144848042753,0.8076715763361967,Degrading
1.435981130679332,4.3284847255647225,3.395487164367482,2.0636905936063763,4.184001846460157,0.37875183161198767,-1.737132841849628,39.179107326892364,57.376456720947886,33.29601226602354,2986.766,52.531,B0034,134,24,1.3143943268181724,0.8207269606437548,0.8057178311401006,0.9160366823686081,1.3683154906097783,1.0282262750309432,0.7989814711556843,Degrading
1.4989535459343792,4.5225584421270195,3.3795305779550775,1.9437968709766944,4.173319870139646,0.3753056097490974,-1.7833514969895126,40.11810121003218,58.48728985101988,33.799857287912914,3032.328,40.25,B0034,135,24,1.3866783030110723,0.8567184913627005,0.8418433262969471,0.9300104798880918,1.0484228074288244,1.0233942787326764,0.8429207643047905,Degrading
1.4935247260925821,4.534791587162544,3.392303218262864,2.071041778175654,4.181768359109135,0.3630565095376203,-1.7701661084313476,40.80596825835928,58.63748276638773,32.86861859563163,3047.703,52.75,B0034,136,24,1.3868330458429208,0.8536156798330442,0.8441204425884362,0.9347259694816581,1.3740199525930556,1.027262107921903,0.8430148278996481,Degrading
1.4615545319476875,4.43108719755624,3.4001334063326003,2.185338383273266,4.182301042571854,0.3648851280008112,-1.7401783923806775,39.68459882372222,57.63608525053667,32.58418098678533,3034.968,52.875,B0034,137,24,1.3548037379291014,0.8353432946943083,0.824816579650027,0.9308201639548895,1.3772759240446981,1.02963325666198,0.823545158079153,Degrading
1.448230460142945,4.367901204106949,3.393642423268678,2.0310061849780774,4.178121720093713,0.3762844895774801,-1.7373219803903293,39.35391690299883,57.60594379182819,33.18590503760744,3011.7339999999967,52.875,B0034,138,24,1.3255787669951669,0.8277279961906768,0.8130549390694995,0.9236943307700485,1.3772759240446981,1.0276676478953954,0.805780161841074,Degrading
1.435829495072773,4.336664704513809,3.4010015677885197,2.1906611266270994,4.181856458554027,0.37182930787422236,-1.726421739308256,38.774974385595264,56.80159282025973,32.653551576572774,3002.922,52.891,B0034,139,24,1.3119728676377551,0.820640294163369,0.807240478282345,0.9209917034986019,1.3776926883905083,1.0298961545546044,0.797509537673594,Degrading
1.430913770961126,4.314979035212131,3.400303147037451,2.142279706628003,4.183618050676316,0.3770901615783518,-1.7241986137944987,38.265844006523615,56.21047251769452,32.1818428600179,2986.718,53.0,B0034,140,24,1.3064487948795198,0.8178307396202625,0.8032038392401939,0.9160219608401208,1.3805318954963404,1.0296846577847707,0.794151617079224,Degrading
1.4503550922791846,4.3957675508812395,3.4014259376568985,2.160163197204225,4.180694864027114,0.3666560276102828,-1.7352631240732406,39.68448087231524,57.153953136576106,31.512234976918435,3006.203,53.062,B0034,141,24,1.3418431880549024,0.8289423177708197,0.8182420689563562,0.9219979813104062,1.382146857336355,1.0300246628445422,0.8156668227925563,Degrading
1.4690512104925502,4.449775772080407,3.3937688197583187,1.955449063066795,4.184699791551839,0.37243993650485785,-1.7542912065406973,40.52184920089412,58.22840707938393,31.888451395649096,3011.609,53.141,B0034,142,24,1.3609210170759327,0.8396279792668261,0.8282953299951025,0.9236559934562806,1.3842046312937928,1.0277059234610004,0.8272636713080079,Degrading
1.4387809653341626,4.357287387963088,3.40281516420186,2.186393196562525,4.184264442346774,0.3689190235363038,-1.7326282784227318,39.34384441360489,56.896536733279625,31.41974241687872,2985.953,53.203,B0034,143,24,1.329960367739497,0.8223271904361039,0.8110792497773452,0.9157873364798556,1.3858195931338075,1.0304453504119964,0.8084436074580347,Degrading
1.424422137943336,4.299188329174732,3.402086089777065,2.1725626411969494,4.1832269410899645,0.3749883885307952,-1.7211553304454028,38.612144786286876,56.43024249534344,31.898496315001402,2976.312999999994,53.297,B0034,144,24,1.299069387625936,0.8141204831813182,0.8002645072967355,0.9128307628420016,1.3882680836654424,1.0302245710528828,0.7896658934699339,Degrading
1.4237932933483064,4.288566412056802,3.3974407926386454,2.107521375414201,4.18242247093296,0.37887788618762525,-1.7293251908726686,38.61589548680076,56.60428484008346,32.46579273141612,2964.75,53.359,B0034,145,24,1.2984544371955695,0.8137610705802963,0.7982873100636572,0.9092844079691315,1.3898830455054572,1.028817875535617,0.7892920832749892,Degrading
1.4428328644932351,4.343807228280228,3.3900153291758635,1.972495650379372,4.181677931125044,0.381880256411887,-1.748688834226016,39.405725006770766,57.47493245382511,32.903759532189326,2969.953,53.531,B0034,146,24,1.317648609161009,0.8246430306728676,0.8085700102370165,0.9108801603174452,1.394363262222917,1.0265692860793418,0.800959653228434,Degrading
1.4452171676575811,4.378632247142532,3.4000590460263824,2.15288424756184,4.184377456853175,0.36776076843114175,-1.7409400126466616,39.93466601122023,57.43585109945852,31.67153458653264,2988.453,53.375,B0034,147,24,1.3360648564106594,0.8260057657725979,0.8150524493458868,0.9165540827552322,1.3902998098512673,1.0296107387677953,0.8121543457346867,Degrading
1.4556238035753608,4.422790685967855,3.3987353103697178,2.175170885643991,4.182088306746119,0.36108184404119803,-1.7514562329904435,41.55493252456659,59.12207312090748,32.44646397919996,3001.235,53.625,B0034,148,24,1.3635797361860138,0.831953620159295,0.8232722407538905,0.9204743031119779,1.3968117527545518,1.029209883244717,0.8288798280903524,Degrading
1.44223580797856,4.355227123022272,3.3928187346829195,2.0442124222047857,4.181101635503988,0.37451526718924294,-1.7489863545731503,40.30936955838523,58.23289082409849,32.71827814092495,2976.234,53.734,B0034,149,24,1.3333112541544827,0.824301786370869,0.8106957455478203,0.9128065336597014,1.3996509598603841,1.027418217340862,0.8104805122916107,Degrading
1.4273755609534957,4.2945471933012245,3.3901374196096965,2.030057772957424,4.179766813903975,0.381302730860192,-1.7463412570660508,39.63376472877464,57.69877961341635,33.18054644321428,2950.39,53.781000000000006,B0034,150,24,1.3023273463118925,0.8158084955366596,0.7994005915924838,0.9048802173633681,1.4008752051262017,1.026606257678974,0.7916463102830308,Degrading
1.430017653413449,4.2891653661321865,3.3844914074498393,1.960005305735824,4.180263086800403,0.388559769484855,-1.7543675539321288,39.39726410153058,57.777112656377554,33.78601449475681,2941.719,53.781,B0034,151,24,1.2888728444455877,0.8173185686623221,0.7983988012688175,0.9022208345818519,1.4008752051262015,1.0248965242089636,0.7834677161766259,Degrading
1.4155472054280254,4.251993363714334,3.3921220546792745,2.097517979952191,4.1809918219864,0.38309225999523394,-1.7346999432389851,39.0556543100656,57.23966158430743,33.41618639981317,2946.969,53.89,B0034,152,24,1.2902746194203034,0.8090480652827882,0.7914794872210269,0.9038310017601427,1.4037144122320335,1.0272072477066503,0.784319813761556,Degrading
1.4180159897467806,4.258004694331455,3.389816955641987,2.063176636612858,4.181979956691477,0.3845416886275648,-1.7433417157972704,39.19214857830457,57.39229514777536,33.49738322894176,2936.171,54.062,B0034,153,24,1.292407565676824,0.8104590851124557,0.7925984553066683,0.9005192712475361,1.4081946289494933,1.0265092143223513,0.7856163687627147,Degrading
1.421134401133226,4.268601460350148,3.3881964986011384,2.050195394002453,4.1832960690677,0.38481908732908277,-1.7522140323058732,39.3246784315448,57.49397345620112,33.49178035236915,2927.281,53.969,B0034,154,24,1.295409150510234,0.8122413956488229,0.7945709708346205,0.8977927214922968,1.4057721861894716,1.02601850520572,0.7874409434866502,Degrading
1.4102671392096833,4.2371342546968,3.392372693620385,2.142448068324373,4.182349252301679,0.3823794025630358,-1.7406561651353165,39.02095895366564,57.117778050999135,33.285280073491926,2924.422,54.281000000000006,B0034,155,24,1.283229881592695,0.8060302730522402,0.7887135656920513,0.8969158704517761,1.4138990909327709,1.0272831465489431,0.7800375258068947,Degrading
1.5501261305067509,4.692160378927036,3.3581270184036267,2.132265781269793,4.166622490761778,0.35163955826894916,-1.8482512574133536,41.16886509114223,59.0081622348613,33.54823202489118,3023.859,39.438,B0034,156,24,1.4557454024367815,0.8859658950416746,0.8734135670023342,0.927413050205626,1.0272720168789562,1.0169128222450943,0.8849046131252539,Healthy
1.5647838395590465,4.747779228361142,3.3640532409111272,1.984934774787036,4.183046790056729,0.35829407438196875,-1.8493953640798928,41.53076127734769,59.53806687629183,33.11392176866636,3056.172,54.203,B0034,157,24,1.454676342673242,0.8943434264336086,0.8837666354726658,0.9373233991641239,1.411867364746946,1.0187074094129793,0.884254763285523,Healthy
1.517393610791161,4.59706961770204,3.38037517618057,2.13940846198312,4.180727864826346,0.36089687051997665,-1.799535657719212,40.35674808373947,58.40787633507069,33.04631826085631,3045.078,54.36,B0034,158,24,1.423427718198495,0.8672578069989864,0.8557130720824477,0.9339208858925127,1.4159568648902088,1.0236500411741927,0.8652596478585839,Healthy
1.5028710151712545,4.534919495451734,3.379746726032651,2.04587233974925,4.182665046607197,0.3714537890622084,-1.7883422605091341,39.90529016402678,58.34388806897325,33.681523419760964,3034.25,54.437,B0034,159,24,1.392551210363313,0.8589574989314663,0.8441442518417628,0.9305999544246014,1.4179625433044203,1.0234597330023878,0.8464907311408566,Degrading
1.4876391525997905,4.486743020352529,3.383744830197482,2.0970875648564333,4.183546703480425,0.37221535099649616,-1.7775400800465013,39.6263343523975,58.00881689774913,33.63763092361734,3022.609,54.437,B0034,160,24,1.3765732493746907,0.8502518133161499,0.8351765304588851,0.9270296770679377,1.4179625433044203,1.0246704446185975,0.8367782008017602,Degrading
1.491698334709286,4.501171783708146,3.382914022586479,2.0432611124631137,4.184556412259601,0.3722657342375585,-1.7773805764791353,40.251117050644716,58.52325787492752,33.76381856546004,3028.828,54.453,B0034,161,24,1.3810190828982352,0.8525718160823768,0.8378623460858315,0.9289370351025645,1.4183793076502307,1.0244188582706666,0.8394806916271381,Degrading
1.5118566121203256,4.57043459314601,3.378266732241365,1.961939116178396,4.183306721542989,0.37066407638902116,-1.7969239114736186,41.28365494023095,59.50837827191452,33.49859159888838,3037.875,54.547,B0034,162,24,1.4007568321672863,0.8640931664663818,0.8507551444060718,0.9317117365238975,1.4208277981818656,1.0230115591677016,0.8514786861608364,Healthy
1.4865121004105142,4.491833480761174,3.386601516930242,2.0966495970812926,4.186122527731293,0.3701796466376843,-1.7752050021088217,40.27720417425089,58.58184665309335,33.189022584027086,3023.187,55.078,B0034,163,24,1.374645303479972,0.8496076529591443,0.8361240848526279,0.9272069488068048,1.4346591649084421,1.0255355105770203,0.8356062594628167,Degrading
1.4630748857221636,4.4046629376567985,3.3873478555743035,2.126944667717326,4.187372242173173,0.3770147232298689,-1.763847205060641,39.458737885900284,57.97580640887124,33.83570648816756,2996.922,54.781,B0034,164,24,1.3345924114397838,0.8362122443662575,0.8198978843731521,0.9191515124376981,1.4269229767393399,1.0257615179116815,0.8112592899473767,Degrading
1.4646092293330046,4.401401196219175,3.3839254722198504,2.0654092965524384,4.194441292072135,0.3826586605863432,-1.7725760652080313,39.29135666075848,58.05700140061033,34.42023182444933,2986.469,54.875,B0034,165,24,1.336396621564738,0.8370891898507103,0.8192907335100937,0.9159455929110933,1.429371467270975,1.024725146893936,0.8123560159682502,Degrading
1.4359384810865876,4.312878408904678,3.389334235413473,2.148229610932935,4.178978876708447,0.37916201579443254,-1.7406273194455324,39.19247737595363,57.78193242469556,34.08724781794541,2979.219,39.829,B0034,166,24,1.3069152971756248,0.8207025845082487,0.8028128220182823,0.9137220287125012,1.0374566955796931,1.0263630362929788,0.7944351900399669,Degrading
1.453541688633139,4.379897169555516,3.3898762516669514,2.1586251956084066,4.180760079138194,0.37339879780049423,-1.7523330419103598,39.892115077092285,58.20713739139197,33.673529724401234,2995.047,54.922,B0034,167,24,1.341539456674081,0.8307635990429088,0.815287906002839,0.9185764527311656,1.4305957125367925,1.0265271704293608,0.8154821934613629,Degrading
1.4591188658387462,4.3997040608327636,3.387534636174606,2.095346963555327,4.1815749331430805,0.3733937000121724,-1.7613727505178338,40.35117578100876,58.6134064492062,33.58246769460719,2989.828,55.094,B0034,168,24,1.346388970161922,0.8339512033916958,0.8189748233638445,0.9169757932066893,1.4350759292542523,1.0258180790799616,0.8184300694083659,Degrading
1.457473212602601,4.3917846301070345,3.3867620663269333,2.062626550286472,4.182056202732491,0.37571409289264307,-1.7612926148605925,40.23284401135697,58.64476637032693,33.4386352885556,2989.391,55.359,B0034,169,24,1.344989807277774,0.8330106395152499,0.8175006754916082,0.9168417659577536,1.441978588731734,1.0255841283747404,0.8175795596361051,Degrading
1.4453691514932774,4.3411577786246065,3.3856540718379167,2.076505393409293,4.185552990507065,0.38219830202116517,-1.7587841210720874,39.47675997912519,58.05107392892897,33.952359742176355,2967.2810000000027,55.281,B0034,170,24,1.3158760805047784,0.8260926312813939,0.8080768333019948,0.9100606618983236,1.4399468625459093,1.0252486039003286,0.7998821854362159,Degrading
1.443234079847608,4.321005345438133,3.380989577809656,1.9787021969242389,4.185152280694706,0.38956874985965145,-1.7582529402290834,39.32483875925542,58.291445432401005,34.60471719324573,2962.609,40.016000000000005,B0034,171,24,1.2972766889740088,0.8248723430581928,0.8043255956775897,0.9086277664588989,1.0423276288713503,1.0238360951534502,0.7885761649333516,Degrading
1.4316156620178404,4.27916260830972,3.381603206447632,2.0077745341235347,4.178887193827684,0.39040209425868366,-1.7466107935226565,39.06556270503843,58.02893221948005,34.66632475626291,2957.016,40.109,B0034,172,24,1.2851255211005648,0.8182319015167338,0.796536856304443,0.9069124016916263,1.044750071631372,1.024021915054435,0.7811898290479206,Degrading
1.448872641158588,4.353069443380142,3.3826507314858842,1.984631695912844,4.18021178705338,0.38175250313202824,-1.758399711843396,40.25366972386004,58.80693345869639,34.08504340694225,2973.281,40.25,B0034,173,24,1.3190209156530253,0.8280950311480947,0.8102941082378203,0.9119008529592266,1.0484228074288244,1.0243391280833598,0.8017938377935195,Degrading
1.454244137925074,4.387100515279116,3.3872757037197703,2.120505374633019,4.185160711724249,0.37328494698337833,-1.76779626471083,40.60644361981523,58.770145898372334,33.43405622985267,2968.016,55.656,B0034,174,24,1.3410097849290994,0.8311650799955891,0.8166287595489061,0.9102860853032835,1.4497147769008363,1.0257396687839917,0.8151602216592938,Degrading
1.4396952022704879,4.33084626301338,3.386339157278954,2.082697161198142,4.179746730828125,0.3781144675679345,-1.7560445058115577,40.11087407785343,58.49257429310864,33.496326836319994,2959.281,40.25,B0034,175,24,1.326126983882746,0.8228497174289925,0.8061574151866957,0.9076070738171175,1.0484228074288244,1.0254560624525233,0.8061134066873226,Degrading
1.439567855247112,4.313988754066933,3.3808981042387045,1.9993127386412168,4.185599509953072,0.38764646215318477,-1.7648997839310985,39.61213844688629,58.33204656703581,34.245440495476984,2942.797000000006,40.453,B0034,176,24,1.3091442679990724,0.8227769329520872,0.8030195051770942,0.9025514555757961,1.0537105050662916,1.023808394995985,0.7957901155378517,Degrading
1.4767724255998012,4.445303566198451,3.3749959210790252,2.016671623451248,4.169799130983922,0.3741597972887667,-1.7884175858149567,40.95422192099372,59.3603280691461,33.80001041450994,2978.89,40.359,B0034,177,24,1.363001289617145,0.8440409964521236,0.8274628594535433,0.9136211249026616,1.0512620145346567,1.022021087457758,0.8285282075141297,Degrading
1.4428878471595887,4.336557371216742,3.385047602248052,2.1864172793825265,4.180217693900072,0.3775987518059167,-1.7651175661948963,39.368332915328914,57.712318998766975,33.793793290834884,2948.891,40.391,B0034,178,24,1.329285701687194,0.8246744557074175,0.8072204989230992,0.9044204762966523,1.052095543226277,1.0250649519125226,0.8080334979011007,Degrading
1.4281379328709523,4.2849533064071705,3.3857894711790375,2.166880233541012,4.179741845595007,0.3809121230018714,-1.7533361843271522,39.15337098937444,57.633102922228126,33.98220790346766,2938.547,40.485,B0034,179,24,1.2969085930621855,0.8162442249298434,0.7976147551553523,0.9012479869076541,1.054544033757912,1.0252896057222831,0.7883524103057225,Degrading
1.4298477076650287,4.28116748758101,3.380809465968222,2.073777619248528,4.181172769902619,0.38647928206835724,-1.7623544327636462,39.243985033148604,57.87686984231968,34.3242827058625,2925.484,40.547,B0034,180,24,1.2986285924941396,0.8172214371230592,0.7969100508703428,0.8972415842695561,1.0561589955979265,1.0237815534282597,0.7893979471347321,Degrading
1.415531195719405,4.242146468318861,3.385818012946154,2.1762844479074928,4.179417995861986,0.3831808515241938,-1.7501681024171156,39.03574242025546,57.47417762924851,33.95465411792445,2917.297,40.531,B0034,181,24,1.2840657611821942,0.8090389150236267,0.7896465549815656,0.8947306435669528,1.0557422312521163,1.0252982487809856,0.780545632309259,Degrading
1.4338352959115,4.3075197271062216,3.3852891991053005,2.178495224886361,4.192681708507562,0.38116242815277634,-1.7716218211716077,39.362600417809674,57.69186868894567,33.979635891075255,2918.938,56.141,B0034,182,24,1.3021015914136362,0.8195005208184535,0.8018153400470692,0.89523393582211,1.4623479461332083,1.0251381126180596,0.7915090805513977,Degrading
1.4408763316286661,4.309641907876644,3.375861800258899,2.003802772888259,4.1874346087886645,0.39104486216350587,-1.7808467524862919,39.45158799429391,58.2351265327566,34.73076107432331,2918.25,40.765,B0034,183,24,1.3089076351731337,0.8235247852885584,0.8022103694848615,0.8950229272471263,1.0618374098095908,1.0222832942282891,0.7956462734354213,Degrading
1.4215548765828807,4.243061974781706,3.3766457982542852,1.978757159009704,4.179967885403278,0.39371403163001356,-1.7593469071219419,39.280231448753895,58.159040648414255,34.66781144449911,2915.4839999999967,40.672,B0034,184,24,1.2722519696513912,0.8124817160335742,0.7898169702488949,0.8941745991680486,1.059414967049569,1.022520705621531,0.7733643775331089,Degrading
1.4084351995388418,4.2124873455124785,3.383954937211064,2.137223761530643,4.180528142405268,0.3873920608810003,-1.7475031987682161,39.093994194844335,57.66508009332591,34.205335833770235,2906.015,40.718,B0034,185,24,1.276011534360331,0.8049832382089472,0.7841257120963088,0.8912704709754331,1.0606131645437735,1.0247340695246787,0.7756497058252093,Degrading
1.4106245218864306,4.209489973302519,3.3780729656424993,2.026812719380422,4.179166028461803,0.3929867768544127,-1.7569231795305056,39.19231540051726,57.950977227160536,34.55550316452812,2894.14,40.75,B0034,186,24,1.2605053003103004,0.8062345331165314,0.78356777175708,0.8876284261673942,1.0614466932353939,1.022952882489354,0.7662239243526362,Degrading
1.3992308116597953,4.187510327898751,3.386411304876093,2.1955750105431733,4.18010360467577,0.3858390230726731,-1.744613516148423,39.05035096355298,57.50629199129354,33.95794379305323,2892.031,40.922,B0034,187,24,1.2660681251347117,0.7997225219452299,0.7794764110738928,0.8869815990094865,1.0659269099528534,1.025477910290983,0.769605401182918,Degrading
1.39890107527042,4.183052630953572,3.3853753800263027,2.198015566541252,4.177719373483749,0.38655577242589645,-1.7445998152904736,38.99238106302636,57.45114086897508,34.10196387589083,2888.719,41.032,B0034,188,24,1.265829016865281,0.7995340629614147,0.7786466412716946,0.8859658135438676,1.0687921648302987,1.0251642100477043,0.7694600543315376,Degrading
1.3984360655362276,4.180435280812594,3.3831949117830207,2.1741564738787478,4.180691683259775,0.38831770802035837,-1.7538809660262522,39.013996139611024,57.51486337636169,34.21152332726244,2875.641,41.109,B0034,189,24,1.2655873898206993,0.7992682892561341,0.7781594394418099,0.8819548104281174,1.0707978432445104,1.0245039175385346,0.7693131763911724,Degrading
1.4164940462183548,4.220927202917925,3.370377688846256,1.959703796663527,4.184107730812699,0.3986793770569706,-1.7847975615409868,39.39352264576831,58.24937682662199,34.9110831055033,2860.7810000000027,41.078,B0034,190,24,1.2663598323027554,0.8095892268255538,0.7856967338360149,0.8773972705672796,1.0699903623245033,1.0206225877738953,0.7697827213504772,Degrading
1.420147143586495,4.243508520813561,3.37385872825505,2.0588486889378887,4.19339113872627,0.3932799910732357,-1.7952150007705359,39.40321172109691,57.97580626211991,34.692792876258586,2852.844,41.062,B0034,191,24,1.2868479432728903,0.8116771341356387,0.7899000917390009,0.8749630044922131,1.069573597978693,1.0216767211018316,0.7822368385892103,Degrading
1.4035073489274432,4.193816011827434,3.3788676910292508,2.147269943612274,4.184650326377129,0.3903492327141091,-1.7732811378527673,39.209002406361016,57.6936935982226,34.36215682629453,2854.64,41.093,B0034,192,24,1.270026164613209,0.8021667528329268,0.7806501710155339,0.8755138350164436,1.0703810788987003,1.023193542366578,0.7720113764225384,Degrading
1.445511929055636,4.355577137909109,3.3775187954558987,2.046243465893371,4.179142866728917,0.37625564781463516,-1.7981891817251408,41.7029996329405,59.714275603056464,33.20252047449081,2897.844,41.657,B0034,193,24,1.34598253292492,0.8261742349963029,0.8107608984254137,0.8887644374489923,1.0850720220885104,1.0227850678815766,0.81818300822214,Degrading
1.444958441816208,4.348644150330948,3.3764102425962137,2.0152140329169157,4.183823497630528,0.3797295484996648,-1.7979821246857843,41.54042703429465,59.59622829096066,33.47433620814107,2896.063,57.063,B0034,194,24,1.3286875315413778,0.8258578924691863,0.8094703701992644,0.888218207402414,1.4863639915605222,1.0224493743205612,0.8076698879452797,Degrading
1.428362285699559,4.2828320603118915,3.374457339617825,2.022057967188541,4.183386852109095,0.3862040290856252,-1.795586068723611,40.70765268927143,58.94389183765572,33.868064279347124,2866.234,41.125,B0034,195,24,1.31203071983408,0.8163724525306107,0.7972198997009462,0.8790696975431302,1.0712146075903206,1.0218579934500815,0.7975447043142179,Degrading
1.4294312318305178,4.275826795876168,3.369493571122545,1.9943823501630709,4.193391153250369,0.3927708991049984,-1.815444212082474,40.21142863220933,58.684673836382025,34.586344272935555,2836.609,41.219,B0034,196,24,1.295125492961198,0.8169834026959091,0.7959159176320301,0.8699837541799174,1.0736630981219557,1.0203548579814579,0.7872685164446209,Degrading
1.4143073796200165,4.217880815534459,3.3671763894263442,1.961659201159055,4.182734512107648,0.3970094202787979,-1.8021484216322963,40.0046687891377,58.63989407541342,34.700561115927634,2829.516,41.375,B0034,197,24,1.2802601605963335,0.8083394497965573,0.7851296696574301,0.8678083416474188,1.0777265504936053,1.0196531657091212,0.7782323201679304,Degrading
1.0047759561813825,3.3188353927111884,3.3100621558905616,2.692363558999662,3.848136609578083,0.15161363955524115,-1.9773749348609408,24.89207373300309,25.25510878948548,1.342131592458589,1819.406,47.468,B0036,1,24,1.001982588175331,0.556999453281919,0.5323289580580658,0.5580091095591485,0.035727591789608534,0.9557816126508648,0.5563167882127454,Critical
1.8039083346690943,6.234557302346069,3.4631992414146664,2.685636595881031,4.176656530010924,0.20489338571664245,-1.9856445663953957,25.959062630105592,26.547068220384585,1.6670296793183965,3260.531,1328.609,B0036,2,24,1.8011007566288924,1.0,1.0,1.0,1.0,1.0,1.0,Healthy
1.8072967642469049,6.2579494737643175,3.4699576163352273,2.662489466857697,4.183288040976774,0.2088655361198991,-1.9861546605764795,25.802571879383937,26.495839445842005,1.954242180837209,3265.75,1369.844,B0036,3,24,1.8044229856020628,1.0018783823505268,1.0037520180317288,1.0016006595244762,1.031036219083267,1.001951483137251,1.0018445547596064,Healthy
1.8072548150033774,6.259098665719143,3.4705857000702847,2.6573808763123017,4.184161485400415,0.2083650794954975,-1.987051011427963,25.60229945293067,26.383869073507284,2.1643096711177563,3264.109,1376.343,B0036,4,24,1.804388833772829,1.0018551277079701,1.0039363441833855,1.001097367269319,1.0359278011815365,1.0021328425368334,1.0018255931167843,Healthy
1.8018191658264096,6.2389079362299995,3.4698672359538234,2.663543957344219,4.18413822475754,0.2091767354926821,-1.9874522127800511,25.340807182068417,26.038513721787695,2.030135646506295,3253.531,1373.906,B0036,5,24,1.7989248871784247,0.9988418652974027,1.0006978256310666,0.9978531104289454,1.0340935519780463,1.0019253857703068,0.9987919224160784,Healthy
1.7958801201760344,6.207404739739798,3.463667726287472,2.6678994227263173,4.184490871998835,0.20838139231782002,-1.9875372326723815,25.066700521969093,25.52893924273116,1.778929135987518,3242.578,1313.422,B0036,6,24,1.792996521672392,0.9955495440989065,0.995644829088979,0.9944938416472654,0.9885692479879333,1.0001352751719286,0.9955003988940246,Healthy
1.7914475384581054,6.1905513819547435,3.4626756481952135,2.6568692251182435,4.18002707662199,0.20919415628000163,-1.987391854073237,24.87901399238054,25.434898613415253,1.650112503605861,3234.625,1304.141,B0036,7,24,1.7885507985621891,0.9930923340329959,0.9929416126507065,0.9920546683960374,0.9815837466101767,0.9998488122735788,0.993032062187241,Healthy
1.7919935122391064,6.199208197788027,3.466538555244564,2.682881821919537,4.184814968147981,0.20761841334047054,-1.9874986659392755,24.962178834594535,25.49992828339642,1.7133033457390425,3235.36,1319.063,B0036,8,24,1.7890856930727703,0.9933949956319851,0.9943301339864598,0.9922800918009981,0.9928150418972024,1.000964228043817,0.9933290441903925,Healthy
1.792259687670698,6.198945906039948,3.465990459572376,2.643495320901669,4.184936056128164,0.2111419829517084,-1.9873121102019284,24.97176766201835,25.538807420659257,1.6858028489570067,3236.125,1326.563,B0036,9,24,1.7893137312833287,0.9935425504863399,0.9942880633573261,0.9925147161612633,0.9984600435493062,1.0008059652255437,0.9934556546588624,Healthy
1.7890208590086731,6.189415777021473,3.466849428071611,2.6529146015025358,4.185159966585472,0.21082101498317188,-1.9871920484366135,24.904899107239256,25.42021899627584,1.623171242944288,3230.25,1323.484,B0036,10,24,1.7860759459480868,0.9917470996866634,0.992759465807202,0.9907128624141283,0.9961425822043958,1.0010539926820536,0.9916579843601158,Healthy
1.7865826323360412,6.182742942417751,3.467879751690846,2.664007043795248,4.185259470361049,0.21023961368516483,-1.986994298783672,24.82894570331574,25.3761734466722,1.6675930848071978,3226.078,1329.188,B0036,11,24,1.7836324249650817,0.990395464115292,0.9916891677443048,0.9894333162297798,1.0004357941275426,1.0013514989897803,0.9903013023566177,Healthy
1.7859372579037527,6.180790844598791,3.4680189335962623,2.652869862545629,4.180678430986266,0.21032370541285825,-1.9872186588415872,25.10525347823647,25.609167303887254,1.6053410863180737,3224.5,1327.344,B0036,12,24,1.782972873807272,0.9900376995771029,0.9913760584529321,0.988949345980762,0.999047876388012,1.001391687813961,0.9899351089854905,Healthy
1.7843806499541013,6.179249664502746,3.470195201959518,2.668361985066912,4.185452668161143,0.2102223739735957,-1.986822691116423,24.951154809529978,25.488141454729305,1.5907658479644269,3222.188,1335.141,B0036,13,24,1.7813775963259668,0.9891747910136602,0.9911288588489658,0.9882402590252938,1.0049164201055392,1.0020200860698947,0.9890493853659574,Healthy
1.7815322543522008,6.1712696362180015,3.471307979909313,2.6856316852084854,4.185644073979811,0.2092174483075782,-1.9870379004309504,24.904434158959226,25.39250622395775,1.5935334002702,3216.546000000002,1340.4839999999967,B0036,14,24,1.7785359545932946,0.9875957775199269,0.9898488917401959,0.9865098660310244,1.0089379192824952,1.0023414010945944,0.9874716603429604,Healthy
1.7789102509498411,6.162829024150118,3.4716713367418284,2.683085255855837,4.1855690457286165,0.2096538638331053,-1.9869312681166182,24.887170444449442,25.45190297763985,1.6398984881921663,3211.859,1337.578,B0036,15,24,1.7759043090943398,0.9861422649705542,0.988495048691114,0.9850723701139477,1.0067506693090293,1.0024463205078842,0.9860105285937959,Healthy
1.7810744643848535,6.1748873125639046,3.474226898019182,2.682117615527785,4.185513751822039,0.20935344640579812,-1.986804032971213,25.527212929862493,26.00580839279124,1.6189975984843166,3215.859,1353.625,B0036,16,24,1.7780426649905914,0.9873420007849626,0.9904291536851044,0.9862991641545503,1.0188287148438706,1.0031842397262742,0.9871977780513187,Healthy
1.7860545116191255,6.195632518482728,3.4759464645675298,2.659668132739057,4.18175155698921,0.21047166534888723,-1.9866252110882103,26.409994049975936,26.845307972510515,1.3805245242802044,3225.125,1364.656,B0036,17,24,1.7830029333591657,0.9901026993961731,0.9937566082119906,0.9891410325496062,1.027131383273785,1.003680765172395,0.9899517985303609,Healthy
1.79135717476684,6.224232371181687,3.4817927176696424,2.6726649868851067,4.18601707914653,0.21030622467513077,-1.9868092429179043,27.24956363748299,27.81505202908745,1.7832349046794604,3234.343,1398.187,B0036,18,24,1.7883000424613875,0.9930422407496905,0.9983439191166794,0.9919681794161748,1.0523690566600106,1.005368872813503,0.9928928383820882,Healthy
1.782365105946064,6.1814584182553025,3.4752876993515778,2.650694350880205,4.185429868468947,0.21254194463472267,-1.9866026335678093,25.79213906476866,26.20275128566912,1.2712647324422157,3218.25,1363.703,B0036,19,24,1.779294712578026,0.9880574703775166,0.9914831348056125,0.9870324802923205,1.0264140917305242,1.0034905464844042,0.9878929349340342,Healthy
1.7739960627694749,6.149210255118491,3.47360641557491,2.6668651734647586,4.183946382168659,0.21092700720459387,-1.9863244377080878,25.237865068781456,25.704404765618435,1.254511742946626,3203.5,1349.453,B0036,20,24,1.7709235500451854,0.983418075450543,0.9863106483606363,0.9825086772675985,1.015688588591527,1.0030050752020816,0.9832451313605635,Healthy
1.7690192979320278,6.133113392652858,3.474225056890293,2.699376305602087,4.184483195811819,0.20857328254680196,-1.9862809909576005,24.99097283085835,25.46083879423276,1.482711902188779,3194.39,1344.39,B0036,21,24,1.7659050180801104,0.9806591964422259,0.9837287709818566,0.979714653840126,1.0118778361429135,1.0031837080996595,0.9804587619991579,Healthy
1.7857549397457821,6.195953949490048,3.476093760887936,2.627373237504619,4.166505229896513,0.20624049920467835,-1.9858147027956174,32.80125252337081,37.62543555779899,11.644269851382308,3225.219,1347.219,B0036,22,24,1.7826929241469245,0.989936631161116,0.9938081645602175,0.9891698622095604,1.014007130766087,1.0037232970367602,0.989779676448295,Healthy
1.7995419835302942,6.248412668008643,3.478693083596387,2.6486517814110364,4.181691190398081,0.20806107024751466,-1.9840774818957672,31.56958368042232,36.14360152332376,11.228064335955231,3252.985,1374.469,B0036,23,24,1.7964662072920203,0.9975795049809995,1.0022223495575797,0.9976856530424033,1.0345173034353976,1.0044738523837835,0.9974268239465145,Healthy
1.7939902671141912,6.222027937772212,3.4750535971066037,2.6240374089622858,4.184954917937507,0.21058121015375675,-1.9825278870850223,30.90999308530252,35.625609247013934,11.518190288990358,3245.25,1358.453,B0036,24,24,1.7909083533422898,0.9945019004767099,0.997990336127131,0.9953133400663879,1.0224625905740516,1.0034229493787643,0.994341014377408,Healthy
1.7882796371894978,6.200484623183991,3.473958373265381,2.626618792448541,4.186460975475055,0.21090945963425872,-1.982424743717115,30.76520980990786,35.57170100720283,11.667322386872382,3235.031,1343.0,B0036,25,24,1.78518002808874,0.9913362019681209,0.9945348679128739,0.9921791879911585,1.0108316291700568,1.003106703109094,0.9911605564088757,Healthy
1.7842603860636932,6.186418033208943,3.473907031933396,2.6336670386490053,4.186163586614144,0.21066344847745774,-1.9820980837755804,30.827871356237775,35.70160875626844,11.760124322769357,3228.141,1338.781,B0036,26,24,1.7811343176546524,0.9891081224983611,0.9922786387545093,0.9900660352562206,1.0076561275740268,1.003091878281411,0.9889143131494703,Healthy
1.7786818520049106,6.170609857671423,3.4760652075601257,2.663548100827095,4.186271381082588,0.20867149928364034,-1.9821566894712763,31.04477819361822,35.94641088579465,11.810120541599368,3217.875,1341.687,B0036,27,24,1.7755577789223569,0.9860156515830882,0.9897430656944026,0.986917468351014,1.009843377547495,1.0037150522533043,0.9858181294896883,Healthy
1.7800328228472264,6.175891043526242,3.4762696586688855,2.645759955186599,4.182325498451744,0.20961849306436597,-1.9821407736423282,31.495558048290054,36.334410213773005,11.665898915210125,3220.219,1349.015,B0036,28,24,1.776885870616115,0.9867645648268222,0.9905901484299855,0.9876363696588072,1.0153589204950442,1.0037740875829253,0.9865555072787265,Healthy
1.774440200003552,6.158316606816215,3.4773296157781552,2.682232775431839,4.185344353963488,0.20775293238524137,-1.9819851541329787,31.22858520243483,35.97981353599547,11.494594416995213,3210.234,1343.0,B0036,29,24,1.7713083410378214,0.9836642837669753,0.9877712735912838,0.9845739850349529,1.0108316291700568,1.0040801505713304,0.9834587734853695,Healthy
1.7744854757548105,6.152999477191592,3.4741834201518116,2.636976729427503,4.186613141003604,0.21131158263039646,-1.981820086973132,30.77808307184711,35.59540889841283,11.604830227941541,3210.546,1336.812,B0036,30,24,1.7713348840874137,0.9836893824653895,0.986918425607575,0.9846696749701198,1.0061741264736277,1.003171685476767,0.9834735106118154,Healthy
1.769260020321575,6.131513045224731,3.4723504122251145,2.625473231549502,4.185053437368516,0.21200748123370605,-1.9817861525113654,30.558421734854203,35.45428075393079,11.762921264649773,3200.969,1319.875,B0036,31,24,1.766084286640505,0.9807926413545425,0.9834720811560169,0.9817324233384072,0.9934262074094035,1.0026424037927169,0.980558294776397,Healthy
1.7624476811520924,6.1127523904412255,3.4751627339527484,2.6876812013759497,4.184793481944206,0.2077481105896281,-1.9817252941957082,30.72558468538039,35.64366066127881,11.796672981529447,3188.625,1323.547,B0036,32,24,1.7592793663412327,0.9770162082406436,0.9804629413127685,0.9779465369291076,0.9961900002182734,1.0034544626815045,0.9767800939876699,Healthy
1.7642262942646292,6.12119871601073,3.476326267904414,2.68500337747393,4.182513698980909,0.2074556610578286,-1.9817660120442022,31.23295964013785,36.101132129359335,11.746888573502755,3191.735,1331.188,B0036,33,24,1.7610368813762425,0.9780021857863724,0.9818177007864405,0.9789003692956761,1.001941127901437,1.0037904335196104,0.9777558944966315,Healthy
1.7634442614802381,6.116168711404965,3.475057563311369,2.6519664988321767,4.185287638546102,0.2105088325603277,-1.9816902385826145,31.072817634800376,35.918627450147724,11.632979572785661,3190.313,1324.469,B0036,34,24,1.760242767365706,0.9775686644320102,0.98101090659692,0.9784642440142419,0.9968839590880388,1.0034240946217865,0.9773149896735038,Healthy
1.7588280449866125,6.095837012400212,3.472743253213143,2.6336440877825646,4.1849685069062055,0.21190515593255968,-1.981485223109768,30.6408857593701,35.53291026153138,11.702388261121769,3182.156,1317.875,B0036,35,24,1.7555899416034395,0.9750096560805839,0.9777497770541532,0.975962504266943,0.9919208736355091,1.0027558367662894,0.9747316662557873,Healthy
1.7577919718447466,6.091760062331144,3.4724597721649664,2.627746605322606,4.186322425483099,0.2125898744599631,-1.98155009393224,30.615000516436165,35.58661163053266,11.851509145769622,3180.156,1310.906,B0036,36,24,1.7545602176655593,0.9744353069731743,0.9770958492977215,0.9753491072466417,0.9866755381003741,1.0026739815138437,0.9741599470257052,Healthy
1.753152410879733,6.075746752035301,3.4727100432360887,2.635679662070204,4.184832493551693,0.21187292996613463,-1.9813008900975513,30.62198587167864,35.60387176093939,11.862211483149544,3171.953,1304.593,B0036,37,24,1.7499108336094895,0.9718633575698447,0.9745273733788593,0.972833259367876,0.9819239520430767,1.0027462473737252,0.9715785344984171,Healthy
1.764281314415893,6.126335399190868,3.4792060334218475,2.6450931525551966,4.182846104868844,0.21065883013063255,-1.9813367014782532,32.233363947568954,37.150900989394586,11.739007218118324,3192.172,1343.813,B0036,38,24,1.7610225525303758,0.978032686311375,0.9826416058258897,0.9790343965446119,1.011443547349145,1.004621966826443,0.9777479388918082,Healthy
1.7656717224000562,6.138485286601684,3.483370799287766,2.6704116794436663,4.185109686462477,0.2095866194885565,-1.9812253431229576,32.95844838713035,37.80882382148786,11.644401159076132,3194.735,1372.203,B0036,39,24,1.7624094574337117,0.9788034616093438,0.9845904029612123,0.9798204648261281,1.0328117602695752,1.005824544436219,0.9785179707171969,Healthy
1.7568875028520288,6.104293120269807,3.481411230676488,2.6837393111584085,4.184971879756314,0.2096095193768832,-1.9811725960467894,32.33796562819801,36.91705917872692,10.922497752945333,3178.75,1351.422,B0036,40,24,1.7536170397120676,0.9739339128749627,0.9791061055726854,0.9749178891413699,1.017170589691926,1.005258718309947,0.9736362795129243,Healthy
1.7495004173434614,6.0674138199431376,3.4750001030504976,2.654784886935533,4.184935582810448,0.2113716557056753,-1.981126497626356,31.201004004004968,36.08766208839117,11.612675942985764,3165.359,1310.781,B0036,41,24,1.746204477519168,0.9698388680400363,0.9731908018007894,0.9708108893919426,0.9865814547395058,1.0034075029512337,0.9695207062083117,Healthy
1.7439103114576007,6.0444427139770776,3.4729861560107773,2.650821200008131,4.184405459993748,0.2115608551713759,-1.981010008821274,30.844212128034435,35.833124475553674,11.81545543469148,3155.25,1304.578,B0036,42,24,1.7406176172769725,0.9667399822605179,0.9695063211148206,0.9677104741528297,0.9819126620397725,1.002825975034608,0.9664187918808465,Healthy
1.7540015583952249,6.090938607252014,3.4793522768122993,2.676194561155316,4.173893175797129,0.2062691548338764,-1.9808915610510243,32.19294879984907,37.01706025174733,11.602415328390652,3173.766,1331.469,B0036,43,24,1.750690404425682,0.9723340841024363,0.9769640909323248,0.9733893037667791,1.002152627296669,1.0046641946569135,0.9720113647070122,Healthy
1.7684320312037716,6.15351277344445,3.486359894946784,2.679442027657799,4.18216296627966,0.2077380043179815,-1.9811169585618567,33.061467350604964,37.72356956982813,11.315833849119802,3199.485,1384.157,B0036,44,24,1.765112055153915,0.9803336440197609,0.9870007564336409,0.9812772827493437,1.0418091402361418,1.0066876468599182,0.9800184962765008,Healthy
1.7665142812303394,6.141294276835456,3.4833864674331436,2.656640378340114,4.185045339068736,0.21024714645586015,-1.9811266494742925,32.35366819628823,36.98324646085538,11.13429033530246,3196.015,1363.328,B0036,45,24,1.763188826756488,0.9792705356918181,0.9850409546359422,0.9802130389191208,1.026131841647919,1.005829068618712,0.9789506890534186,Healthy
1.9888267336067917,6.989288221373244,3.521360251690921,2.697143455219266,4.290021871695731,0.23149984664623566,-1.9836817212075872,34.70040609904863,39.35953919640877,11.798991346043522,3595.281,1711.344,B0036,46,24,1.985492952897096,1.1025098644891058,1.1210560561763014,1.1026673262729292,1.2880719609757274,1.0167940121898666,1.1023775019745865,Healthy
1.7686831080126566,6.146022740726793,3.481761447167762,2.661271238713629,4.182247008545814,0.20850518380790287,-1.9822350506501858,32.421923396380706,37.02707505372143,11.142377709919042,3198.0,1358.156,B0036,47,24,1.765355730813324,0.9804728289240376,0.9857993828068659,0.9808218354617699,1.0222390485086281,1.0053598434450781,0.9801537889071392,Healthy
1.7605413187673802,6.114089042045117,3.4797578588851743,2.6908838763824483,4.184685800633224,0.2063398026253113,-1.9820268271645947,31.609192155405946,36.34456840908186,11.432453713367774,3183.516,1338.782,B0036,48,24,1.7571880383127276,0.9759594126440636,0.9806773353008369,0.9763796142407479,1.0076568802409136,1.0047813066232205,0.9756189551558704,Healthy
1.7607272800572853,6.108037181613128,3.4759650916373124,2.6365640724626367,4.184560765856749,0.21057113468219787,-1.9820222805220724,31.31596403602263,36.1535770040422,11.585635084994191,3183.797,1320.281,B0036,49,24,1.7573770661844437,0.9760625006371346,0.9797066392051074,0.9764657965221003,0.993731790165504,1.0036861437453513,0.9757239064591333,Healthy
1.7651231995281667,6.12704511383252,3.4781154314639453,2.6235919177171154,4.186186804679722,0.21145405043667972,-1.9821008022150315,31.998588265349394,37.00649086775502,11.927923994725575,3191.516,1346.719,B0036,50,24,1.7617376127979814,0.9784993869169952,0.9827554414371824,0.9788332023219531,1.0136307973226135,1.0043070551272082,0.9781449518101437,Healthy
1.7640717002280855,6.13198030715931,3.4830514284703322,2.66145718134933,4.184681735978706,0.20858479131384977,-1.981813383736276,32.98892411466723,37.85686718856992,11.633631852211941,3189.985,1362.094,B0036,51,24,1.7606892547636663,0.9779164862895784,0.9835470282471926,0.9783636469029124,1.0252030507094263,1.0057323260002669,0.9775628866311378,Healthy
1.764045396257508,6.1279245032291305,3.4809173250237535,2.640601067759597,4.182356069295079,0.21042164823772969,-1.9819214923373463,32.83558656237567,37.45005504798,10.98875235735079,3189.734,1354.64,B0036,52,24,1.760669562156983,0.9779019046336971,0.9828964922534577,0.9782866655768646,1.0195926717341222,1.0051161028788658,0.9775519529803629,Healthy
1.7563666628256518,6.097844144176613,3.4789400787918914,2.6732282064652693,4.1845961576838935,0.2078920102912764,-1.9816763209778734,31.97863874379167,36.77795934417618,11.505675197629955,3176.016,1324.187,B0036,53,24,1.752963802649152,0.9736451842204258,0.9780717135893497,0.9740793754146181,0.9966717070259196,1.0045451723334275,0.9732735918284562,Healthy
1.7539592898016523,6.0873544063229685,3.4777534118948465,2.668754575341305,4.184643118766144,0.20828052627196877,-1.9818237973110902,31.7958885352369,36.644215074090106,11.62167582224549,3171.36,1315.297,B0036,54,24,1.750535708024147,0.9723106524275777,0.9763891983208323,0.9726513871513567,0.9899804984009593,1.0042025218492006,0.9719254747861038,Healthy
1.7535034330937538,6.08388604378968,3.4766647808370212,2.658195971284472,4.184427133733743,0.20877907395536027,-1.9816263251080133,31.804649399184477,37.138598100953445,12.239525550911846,3170.843,1308.343,B0036,55,24,1.7500761995337284,0.9720579473986484,0.9758328857608397,0.9724928240216087,0.9847464528691287,1.003888179248057,0.9716703483092938,Healthy
1.7500317960682699,6.076161043256697,3.4791247798630294,2.684649370373972,4.184330747490862,0.20711520042265172,-1.98151142532868,32.18425444090601,37.11821986816654,11.811244509881753,3164.672,1322.688,B0036,56,24,1.7465957802278385,0.9701334388419978,0.9745938241629815,0.9706001875154692,0.9955434593623859,1.004598504832733,0.9697379637422003,Healthy
1.7570796823169466,6.105357831695639,3.4818392989655798,2.668665957651981,4.182320523596824,0.20817577406324886,-1.9814622792671595,33.27019350164624,38.21028860245779,11.73045918538778,3177.453,1339.672,B0036,57,24,1.753614286788707,0.9740404479251226,0.9792768813590322,0.9745201011737046,1.0083267537702967,1.0053823231791017,0.973634751045763,Healthy
1.7541751750283718,6.094433688136988,3.4813626313858914,2.6672344803975685,4.1847408536372885,0.20940851091320486,-1.9813436819375347,32.91813190932092,37.5096400873081,10.966449103533677,3172.375,1342.969,B0036,58,24,1.750725029920349,0.9724303288116658,0.9775246890173979,0.9729626861391596,1.0108082964965615,1.0052446852476802,0.9720305893364726,Healthy
1.7467894675164466,6.054564491483327,3.473301690187071,2.627654590987336,4.184091920673459,0.2119307993784879,-1.981529747622425,31.48100878915281,36.38797733722857,11.626577014958695,3158.406,1299.469,B0036,59,24,1.743305349081011,0.9683360478717864,0.9711298169005503,0.9686784146508651,0.9780672869143594,1.0029170856390803,0.9679110636452918,Healthy
1.7371266939536254,6.021874879174411,3.47367585218267,2.6888969070187216,4.184211671090554,0.20750245229363926,-1.9810876831465265,31.127100398792322,36.0550831310012,11.746551251414374,3141.578,1278.609,B0036,60,24,1.733662505277619,0.9629794710562611,0.9658865236363093,0.9635172921220501,0.9623666556526412,1.003025125047014,0.9625572022536389,Healthy
1.735432809496716,6.012038132832862,3.4715154587275445,2.6648936078550007,4.184175746614407,0.20933973058316976,-1.9812349777399687,30.925481627228724,35.91912656959304,11.853674053977524,3138.187,1269.531,B0036,61,24,1.7319207051538927,0.962040463001165,0.9643087457982826,0.9624772774741291,0.9555339456529348,1.002401310676391,0.9615901269152296,Healthy
1.746369692537941,6.059212928688838,3.476844269698795,2.652977190328466,4.181891771142459,0.2092794875090646,-1.9812570591809957,32.53816915596416,37.598391918046985,12.097683799099787,3157.969,1308.812,B0036,62,24,1.7428604522751463,0.9681033448178463,0.9718754090861835,0.9685443874019294,0.9850994536391068,1.0039400067200739,0.9676640498098763,Healthy
1.7468186998627906,6.071539936888763,3.4828021334350594,2.69728379874788,4.184541597131144,0.2070109648379891,-1.9809166553606607,33.5082870689835,38.473409883226125,11.839425630048844,3159.281,1340.672,B0036,63,24,1.743306971099712,0.968352252878317,0.9738526157429073,0.968946775847247,1.0090794206572438,1.0056603419710803,0.967911964216065,Healthy
1.7420043126631197,6.047419330921029,3.478717992363499,2.666438804228148,4.1846109764992505,0.21022429051877592,-1.981005969530254,32.72223824057796,37.37835847467748,11.075279929347744,3150.375,1316.766,B0036,64,24,1.738524506272696,0.965683388220871,0.9699837594957031,0.9662153189158453,0.9910861660578847,1.004481044799055,0.9652566631123292,Healthy
1.7330777168447082,6.003161814188465,3.47116141622232,2.644225504233063,4.184012676032451,0.2114859264861034,-1.9809786114709511,31.339643544788586,36.32515383321495,11.773163729488449,3134.078,1271.125,B0036,65,24,1.7295622663746972,0.9607349129314938,0.9628850170210915,0.9612170532959202,0.9567336966707286,1.002299080778385,0.9602806839146005,Healthy
1.7308282824952483,5.991648418863145,3.469009856426531,2.6270672485920983,4.184121216441852,0.21270709297056561,-1.981059447271351,31.09122546658414,36.17136327433497,11.925586576809124,3129.797,1262.453,B0036,66,24,1.7273036765742085,0.9594879347418439,0.9610383108690785,0.9599040769739653,0.9502065694271227,1.0016778171300045,0.9590266786668785,Healthy
1.748461079281369,6.064884801664191,3.475700880273514,2.681073460503821,4.17154857381778,0.2031819694218908,-1.98101776318219,32.074525923461515,36.94271187003511,11.950081208268827,3161.89,1303.218,B0036,67,24,1.7449370491071912,0.9692627090179189,0.9727851565951555,0.96974695226023,0.9808890350735244,1.0036098526210524,0.9688170096453558,Healthy
1.7677695284493928,6.143142015099389,3.4820950413929173,2.6173518629094725,4.182622974222649,0.21118375841937312,-1.9810749842802888,33.167208512161885,37.96104323229247,11.625865183607857,3196.859,1357.093,B0036,68,24,1.7642432071133691,0.9799663843637982,0.9853373250395373,0.980471892461688,1.0214389636078034,1.0054561688950163,0.979536097922412,Healthy
1.7540458442475175,6.092091717492304,3.480244357608362,2.6882522902609858,4.184454856344911,0.2074805883465415,-1.9809975649315257,32.14047774193924,36.73214755581345,11.102881407205139,3171.906,1325.031,B0036,69,24,1.7504882032049596,0.9723586340484848,0.9771490455625205,0.9728188445378989,0.997306957878503,1.0049217833007877,0.971899099349298,Healthy
1.7478459030437181,6.058812092484503,3.473582906957752,2.639398647353621,4.184476537283623,0.21097065584242242,-1.9807582643680772,31.245399132402053,36.08238955313576,11.58332221928919,3160.842999999993,1293.859,B0036,70,24,1.7442710815479925,0.9689216849060902,0.9718111164371795,0.9694258389201001,0.9738448256785857,1.0029982870806025,0.9684472537853642,Healthy
1.740113858285676,6.029393466234681,3.4722242034096427,2.6623791019309224,4.184024889589791,0.2096092983406917,-1.9805282406081717,30.941808328244683,35.84834420893077,11.74155515540561,3147.141,1279.672,B0036,71,24,1.7365413923373951,0.964635411258233,0.9670924772743392,0.9652234559340181,0.9631667405534662,1.002605960952824,0.9641556064790442,Healthy
1.7368241435606468,6.014298286083301,3.4700774937906473,2.6561014633579925,4.184261427009467,0.21030994668807643,-1.9804746484714413,30.729579296950984,35.70394071930231,11.856579886713707,3141.203,1270.172,B0036,72,24,1.733223093105756,0.9628117516732061,0.9646712660448427,0.9634022801807436,0.956016405127468,1.0019860977947002,0.9623132335749042,Healthy
1.7421886723306725,6.04413367047051,3.4765508294649767,2.6878503046332485,4.182041097453936,0.2073079049781909,-1.98039190119071,32.241219078736684,37.23120350609712,11.996545279818797,3151.047,1298.875,B0036,73,24,1.73860622908762,0.9657855883515591,0.9694567516760328,0.9664214203146666,0.9776202027835127,1.0038552757492682,0.9653020369286598,Healthy
1.7468247767420366,6.0626512999055295,3.478023823464381,2.606635521236163,4.183342596486669,0.21338595949724024,-1.980509113557296,33.273484981762124,38.21827936701842,11.809163991994009,3159.172,1327.438,B0036,74,24,1.7432134953746192,0.9683556216078302,0.9724269111495935,0.9689133457096406,0.999118627075385,1.0042806032850882,0.9678600649956861,Healthy
1.736862608514312,6.022684489407807,3.4748978056910036,2.684954312438798,4.184140679167282,0.2088302800373998,-1.9805025193431718,31.82186022608825,36.626274908995,11.44212495715411,3141.047,1292.75,B0036,75,24,1.7332698214832971,0.962833074793082,0.9660163821321308,0.9633544352131601,0.9730101181009613,1.0033779645526715,0.9623391779188667,Healthy
1.7335147744531418,5.999434399232741,3.468132135397358,2.62963250026716,4.184248094436303,0.2127756454487008,-1.9804477654001489,30.953485299150877,36.01597323994527,11.948601714178356,3135.0310000000027,1258.781,B0036,76,24,1.7298906291663272,0.9609771966440493,0.9622871534078529,0.9615093369760946,0.9474427766182526,1.0014243748738743,0.9604629961980313,Healthy
1.7240606438717592,5.9658405762264275,3.4677152773874327,2.676552998785705,4.183757537025025,0.20987530602963458,-1.9802957447258616,30.594113322212998,35.64214686208444,11.917179507685827,3117.984,1248.89,B0036,77,24,1.7204403348841348,0.9557362814602316,0.9568988280822244,0.9562810474735557,0.9399981484394583,1.001304006976775,0.9552160413858639,Healthy
1.728077059509496,5.974584927912583,3.464870080840597,2.62514939238803,4.18290280302208,0.21331952847398022,-1.980207910561322,30.621050708667628,35.82141559167005,12.26557253278731,3125.328,1238.468,B0036,78,24,1.724420729012913,0.9579627890718135,0.9583013898459707,0.958533441332102,0.9321538541436948,1.0004824554723708,0.9574260199859663,Healthy
1.7251275844870273,5.96621468231427,3.4658543618027586,2.628502877540015,4.183818903348512,0.2134341980017984,-1.9800833052331595,30.73760557478901,35.84687241575459,12.044503898405296,3120.172,1241.906,B0036,79,24,1.7214872814061166,0.9563277420099517,0.9569588333191161,0.9569521038137653,0.9347415229010191,1.0007666669466604,0.9557973228706051,Healthy
1.7234116508868853,5.956232994268161,3.463489697714707,2.619866867748,4.183839437859511,0.2142485967342935,-1.980268967910438,30.475687104433288,35.6948403215532,12.279328058652613,3116.641,1233.657,B0036,80,24,1.7197448773569262,0.9553765109705671,0.9553578073661824,0.9558691513744234,0.9285327737505917,1.000083869358877,0.9548299122231011,Healthy
1.7200809722708572,5.948477514879018,3.4657104202129614,2.6612878285284127,4.183940441185628,0.21136622170888195,-1.980057929657538,30.665478038053948,35.819676472043525,12.169157116991915,3110.844,1236.531,B0036,81,24,1.7164304142145894,0.953530142975023,0.9541138570721936,0.95409122011108,0.930695938383678,1.0007251037619393,0.9529896691772093,Healthy
1.7148671401292597,5.928548599266307,3.4645909946616267,2.6699917743429817,4.184066892064025,0.21123956813550437,-1.9800230190313004,30.48169086494209,35.629734084261784,12.121591202520225,3101.406,1225.297,B0036,82,24,1.711202925329962,0.9506398452578977,0.9509173325001583,0.9511965995722783,0.9222404785757135,1.000401869239955,0.9500872835858493,Healthy
1.7139137389141732,5.922590397852671,3.4629772764216105,2.6688661295694205,4.181908017913433,0.2110324309164556,-1.9800140007357074,30.501790386236014,35.66196676336087,12.18862933341573,3099.563,1216.938,B0036,83,24,1.7102343231599222,0.9501113254895907,0.9499616589655846,0.9506313542180707,0.9159489360677221,0.9999359075301237,0.9495495001406561,Healthy
1.7167833096516765,5.929831284662037,3.4616288821771044,2.6222751020303923,4.1838810012271175,0.21502118034590295,-1.980072672691808,30.48295279202987,35.75183992747387,12.308311754247839,3104.64,1218.203,B0036,84,24,1.713096882151029,0.9517020774598284,0.9511230705074499,0.9521884625541054,0.9169010596797101,0.9995465582173896,0.9511388387607035,Healthy
1.7140757693560338,5.922612103296382,3.4628964155593924,2.643376209522438,4.183938680731157,0.21366443355185488,-1.9799210298032588,30.592002581671938,35.77783462667514,12.11708803815445,3099.875,1220.735,B0036,85,24,1.7103708617208135,0.9502011473717487,0.9499651404387123,0.9507270441532376,0.9188068122374604,0.9999125589276954,0.9496253085374872,Healthy
1.7101854215059125,5.906150744588722,3.4611295820153054,2.6362266436030413,4.183997413375148,0.21416990044708714,-1.9796449702564978,30.424569049276556,35.713721223369035,12.365634145396811,3093.25,1198.281,B0036,86,24,1.7064617296121434,0.9480445256768691,0.9473247992068711,0.9486951665234896,0.9019064299579486,0.9994023851199172,0.9474548957528149,Healthy
1.7066640159730777,5.897560530498625,3.4632231738970973,2.6753943315026825,4.183680554471844,0.21147066249202878,-1.9797208473969017,30.570652220376168,35.725860691702124,12.176816834058844,3086.688,1200.86,B0036,87,24,1.7029429979110946,0.9460924278539603,0.9459469605451165,0.946682610899881,0.9038475578593852,1.000006910512726,0.9455012395300311,Healthy
1.710986190616815,5.906044466132347,3.4594353969848526,2.626280067476453,4.182869408506432,0.21523768896755308,-1.9798193556242383,30.460459721443804,35.768527567848494,12.434045533451151,3094.281,1203.766,B0036,88,24,1.7072612643840062,0.9484884335492996,0.9473077525343937,0.949011372687455,0.9060348078328538,0.9989131885960231,0.9478988102694905,Healthy
1.7076085193086332,5.898682341595395,3.4619323762511636,2.6699754309728454,4.18373987583806,0.21193785713835872,-1.9796708243361156,30.547691944309644,35.84926876193408,12.389189571522348,3088.328,1206.672,B0036,89,24,1.7038637196766078,0.9466160150659063,0.9461268949081142,0.9471855964565281,0.9082220578063224,0.9996341922381037,0.9460124390074198,Healthy
1.7117072419439026,5.91632495747238,3.4640211108291785,2.6485692977117936,4.183750461912779,0.2130571487646168,-1.9796986341756921,31.189572257243857,36.56783936040424,12.542614033718682,3095.687,1222.609,B0036,90,24,1.7079617948422274,0.9488881497173719,0.9489567054337703,0.9494425907927266,0.9202173099835994,1.0002373150827373,0.9482877560048376,Healthy
1.71505957271659,5.933679521068055,3.4674082899150322,2.652784779103966,4.183786894340978,0.21301765280002533,-1.9795447080949824,31.8980817857202,37.22026804863562,12.414835747421876,3102.062,1237.531,B0036,91,24,1.711302283362779,0.9507465206269461,0.9517403134357602,0.951397793794937,0.9314486052706251,1.0012153642360602,0.9501424487577316,Healthy
1.7178633301755144,5.943695220966921,3.467669094088933,2.61112320884266,4.183945554245884,0.21713822117705178,-1.979462057529197,32.32306890954346,37.24354714231705,11.58135241499528,3107.141,1252.406,B0036,92,24,1.714122057472244,0.9523007888816236,0.9533467947644501,0.9529555155279923,0.9426445252139644,1.0012906715330767,0.9517080325259283,Healthy
1.7090975273236129,5.8985471803024385,3.4590063160949422,2.6171931724123265,4.182910559206333,0.21684870541160803,-1.979668515306621,30.83436798904695,36.101954503621805,12.258254908099474,3090.719,1191.563,B0036,93,24,1.7053324925701605,0.9474414494776014,0.9461052155351609,0.9479189125942983,0.8968500138114375,0.9987892913380255,0.9468279252527878,Healthy
1.6972319194534986,5.855885283902104,3.4580229191527696,2.6630699292303373,4.183616020558508,0.21378025297240685,-1.9792552718561547,30.287043848864634,35.590895284221084,12.369202604380341,3069.812,1180.641,B0036,94,24,1.6934609472531408,0.9408637272940124,0.9392624046776393,0.9415067668425787,0.8886293860722004,0.9985053351248188,0.9402366530691929,Healthy
1.6943009963614384,5.842765429713412,3.4563349020618155,2.659720848238619,4.1835063699815285,0.2144180680845757,-1.9792443099751138,30.072000414523774,35.41708929698686,12.439698769730523,3064.437,1170.328,B0036,95,24,1.6905244127230223,0.93923896452989,0.9371580284481106,0.939858262350519,0.8808671324671141,0.998017919595626,0.93860624204454,Healthy
1.704555170482334,5.8852175643107545,3.460450149170936,2.6273527452578365,4.1862295732164165,0.2162241654144971,-1.9791194191351382,31.093661069729663,36.54228598490352,12.799837712630001,3083.25,1198.688,B0036,96,24,1.7007774858498304,0.944923385364265,0.9439671942859749,0.9456281814219831,0.9022127653809361,0.999206198646946,0.9442989125345567,Healthy
1.7009062599873388,5.878714586247336,3.463960681885895,2.679397409659904,4.183727110735532,0.2116616688193202,-1.9791613878366452,31.60762351123511,37.06815080209899,12.773630826866707,3076.484,1201.718,B0036,97,24,1.6971104467944576,0.9429006049242241,0.9429241405857591,0.9435530593023038,0.904493346048386,1.0002198662040933,0.9422629136922508,Healthy
1.7036048740926337,5.886523086781604,3.4630674142567415,2.6638409912727004,4.182211079560967,0.21374700098191468,-1.979091763193608,31.68782676208534,36.82684422999281,12.021521591889464,3081.297,1209.14,B0036,98,24,1.6997924522951835,0.944396586761788,0.9441765952758988,0.945029199231659,0.910079639683308,0.9999619348617462,0.9437520061213417,Healthy
1.6950913660481712,5.846022799018924,3.456673276206162,2.638750759665419,4.183505107711148,0.21671538779999774,-1.9790766827277793,30.64130472367544,35.92988720620677,12.26869670322025,3065.953,1181.515,B0036,99,24,1.691270477395412,0.9396771074618466,0.9376804984724515,0.9403232172919074,0.8892872169313922,0.9981156252489133,0.9390204691052104,Healthy
1.6895347747296572,5.82419938007387,3.455027058159508,2.6521564133104056,4.183301376056718,0.21566359992390702,-1.979038060944376,30.35775664232519,35.781290058222865,12.572475319894288,3055.828,1156.656,B0036,100,24,1.6857127009469863,0.9365968005461777,0.9341801025523047,0.9372178948766321,0.8705766707887723,0.9976402792084754,0.9359347025660701,Healthy
1.6870345041230985,5.817879182393119,3.4563883170293215,2.6736629264226712,4.183248853903273,0.21401796917366783,-1.9788327303856927,30.46760275047683,35.83938701624516,12.524953565590202,3051.468,1160.328,B0036,101,24,1.6832093771286156,0.9352107708025891,0.9331663661514261,0.9358806893723752,0.8733404635976424,0.9980333431862953,0.934544817070127,Healthy
1.6967331283466862,5.860998463405055,3.462072409842235,2.665966871855665,4.183494017304386,0.2138329323413432,-1.9788745442826565,31.690335464880064,37.17156479403066,12.720877242225995,3069.0,1201.75,B0036,102,24,1.692886364169521,0.9405872214997731,0.9400825398139426,0.9412577276523364,0.9045174313887683,0.9996746269868172,0.9399176353343411,Healthy
1.7023346925195821,5.887309837446065,3.466006130026554,2.6818321771597287,4.181646831165721,0.21227026004884755,-1.978798117850308,32.58002111430288,37.84191340591018,12.332835886192786,3079.235,1219.61,B0036,103,24,1.6984668174144633,0.9436924592023992,0.9443027871811629,0.9443967869037283,0.9179600619896447,1.0008104900747037,0.9430159923942688,Healthy
1.697438735010341,5.86004171090825,3.4601239314707923,2.6354438765341697,4.183467994187793,0.21742443893538346,-1.9788051627908365,31.69291039725797,36.94021929474592,12.141735547408427,3070.344,1193.875,B0036,104,24,1.6935813413828429,0.9409783758894358,0.9399290802416896,0.9416699304499789,0.8985901796540593,0.9991120031712014,0.9403034978191377,Healthy
1.6869444893306367,5.8125841655580555,3.453593464720813,2.633581331346773,4.1834014802387,0.21856795731334128,-1.978575532876541,30.60840039029274,35.979852438003704,12.390636663798503,3051.4839999999967,1156.39,B0036,105,24,1.6830951253781283,0.935160870931996,0.9323170649776169,0.9358855965485366,0.8703764613968445,0.9972263285984293,0.9344813826675448,Healthy
1.6889175982080642,5.816543847163803,3.4519795194744436,2.6164895194312585,4.18648088216282,0.22027238249293654,-1.9787606413982344,30.399652022711006,35.91143435448471,12.718964494084272,3054.812,1157.703,B0036,106,24,1.6850462226942986,0.9362546675731592,0.9329521833049852,0.9369062891903189,0.871364713019406,0.9967603013404335,0.9355646631608705,Healthy
1.6841861844951624,5.804520597154422,3.454434064432584,2.662037646915503,4.18650094380192,0.21671342184148518,-1.9785255298300461,30.547315574796166,36.0224357923641,12.668193092913484,3046.532,1160.485,B0036,107,24,1.6803098840017598,0.9336317994251667,0.9310236983418496,0.9343668255262717,0.873458632298893,0.9974690520610932,0.9329349720260981,Healthy
1.6983091874526897,5.869296040470108,3.4638257834252806,2.670589438884728,4.182814594549196,0.21483663983019466,-1.978665881852144,32.47851626978816,37.65075812929836,12.099567421354529,3071.782,1205.438,B0036,108,24,1.6944038437227715,0.9414609128485592,0.9414134405760433,0.9421109629075756,0.9072932668678295,1.0001809142261069,0.9407601642976239,Healthy
1.6994701868674842,5.87824894918466,3.4669219935055278,2.668638829617292,4.183640043729965,0.21484550666748692,-1.978303548943712,33.085111849545555,38.27191158762031,12.073685492329457,3074.532,1219.297,B0036,109,24,1.6955686127180103,0.9421045150718437,0.9428494541180447,0.9429543838104898,0.9177244772540304,1.00107494597664,0.9414068627074447,Healthy
1.6880865888228749,5.831735115075123,3.4626538753824714,2.6931351824491827,4.1835457131046185,0.21401984150893244,-1.9783071872539106,32.12056072268224,37.26845925037034,11.966751789041364,3053.656,1195.109,B0036,110,24,1.6841854728350405,0.9357939959474352,0.9353888066568313,0.9365517457125848,0.899518970592552,0.9998425253662355,0.9350867610467938,Healthy
1.6761320622402738,5.778262241516886,3.4554390863736857,2.6913462011853904,4.183400261585032,0.21482294186826753,-1.978252788411394,30.90915966232928,36.23919416621716,12.351429344568384,3031.953,1156.61,B0036,111,24,1.6722180144870118,0.9291669815072618,0.9268119549310296,0.9298954679467853,0.8705420481119728,0.9977592525003526,0.9284422364115212,Healthy
1.6715287297874437,5.759326873460444,3.453636642746737,2.6988025346836504,4.183219724741507,0.21455193401712624,-1.9782840417249774,30.586499493516442,35.989930424393194,12.529017704194054,3023.5,1145.063,B0036,112,24,1.6675976965747183,0.9266151154482392,0.9237747917230955,0.927302945440482,0.8618510035683938,0.9972387962686134,0.9258769618729988,Healthy
1.6821172366695203,5.794833196878244,3.453072475453234,2.6523436778902467,4.182242945113323,0.21729206935113943,-1.978213800283229,31.078305845971443,36.752805224654765,13.096848667976396,3042.703,1152.25,B0036,113,24,1.6781873787039017,0.9324848742816441,0.9294698750619621,0.9331924769309048,0.8672604204848832,0.9970758927640282,0.9317565230747852,Healthy
2.4479917457341593,8.857792519136142,3.626510481777051,2.691307184686052,4.519252349646744,0.3239464219610577,-1.9837057741381123,33.98757612493629,38.49714613607372,11.533109597903813,4424.203,2522.656,B0036,114,24,2.444062432078656,1.3570488581301525,1.4207572550184033,1.3568964687040241,1.8987196383586142,1.0471561781399774,1.3569826246995702,Healthy
1.6952843343562671,5.862598562835956,3.466145279289297,2.6565288043863395,4.181498148571605,0.21717112734402227,-1.9781440584613479,32.26010764297862,37.31224141481378,11.827226385838191,3066.766,1233.391,B0036,115,24,1.6913403148932205,0.9397840798087155,0.9403391898619419,0.9405725631806598,0.928332564358664,1.000850669473301,0.9390592440030342,Healthy
1.6842335492391187,5.8205272616595,3.4640146950069006,2.680162151919943,4.183547797387942,0.21633056672792503,-1.978460059457357,31.42619925446257,36.59740421257035,12.06118665949635,3046.125,1207.891,B0036,116,24,1.6802787096613283,0.9336580561606371,0.933591108300381,0.9342419992326404,0.909139558741511,1.0002354625117962,0.9329176635327688,Healthy
1.677122807606895,5.7938109327438525,3.4626259258314476,2.686423419926791,4.183620162153654,0.21613680830852294,-1.9781834973907695,31.20956154006514,36.44126696853565,12.127321336686375,3033.625,1209.235,B0036,117,24,1.673147301023026,0.929716203076662,0.9293059076646287,0.9304082678557573,0.9101511430375678,0.9998344549235393,0.9289581911867296,Healthy
1.6743832892629344,5.781326171290557,3.4609363258654184,2.672431142055385,4.183446864929328,0.2173591587967091,-1.9781633628014599,31.078110221174402,36.32670051789851,12.167298192138865,3028.562,1199.031,B0036,118,24,1.6704292090032429,0.928197545896965,0.9273033979678139,0.9288554532988645,0.9024709301231589,0.9993465823386114,0.9274490629440263,Healthy
1.6699652102472606,5.767129370326234,3.4616449511434926,2.690675565426353,4.183128389159035,0.21607818549062363,-1.9778390299632154,31.053614094154142,36.29811998606583,12.187642518233346,3020.984,1187.031,B0036,119,24,1.6659903350115992,0.9257483754315022,0.9250262834469513,0.9265312919889429,0.8934389274797928,0.9995511981370905,0.9249845289776134,Healthy
1.668249713442684,5.758869934923995,3.46014320685645,2.697829479340451,4.180942847373935,0.21522580163698798,-1.9780641124929104,31.060532833540666,36.31566540517328,12.275298989339944,3017.391,1178.109,B0036,120,24,1.664241575272447,0.924797386530566,0.9237015004669101,0.9254293242419717,0.88672363351445,0.999117568945595,0.9240135895492023,Healthy
1.6708474247714806,5.764333342453057,3.4580980197093147,2.6506127411002423,4.182939031295494,0.21983407908247266,-1.9780348126637537,30.97728291917627,36.31712206468977,12.3293552465971,3022.14,1179.922,B0036,121,24,1.6668450767774965,0.9262374327229759,0.924577810887059,0.926885835466677,0.8880882185804854,0.9985270204369565,0.9254590953019857,Healthy
1.6634337744456573,5.740799542949626,3.459389982444422,2.690672074169337,4.183242834674278,0.21646826887472467,-1.9777931454666962,30.93918723715448,36.228571111440864,12.296649801603493,3009.016,1180.125,B0036,122,24,1.6594501560667536,0.9221276616313182,0.9208030762327517,0.92286072421946,0.8882410099585356,0.9989000751314879,0.9213533168309445,Healthy
1.6664334225042385,5.744786361128517,3.455631406481116,2.62722492525996,4.183686841202558,0.22231179243393964,-1.9775654046883246,30.926289651305336,36.35810336081934,12.44182816526293,3014.672,1173.969,B0036,123,24,1.662412523067319,0.9237905222107231,0.9214425471663801,0.924595410992872,0.8836075926024889,0.9978147849990696,0.9229980704571158,Healthy
1.6643746381723747,5.736422248319739,3.4549175745634897,2.6243035932050947,4.183358354217051,0.2227603593230543,-1.9777096278151205,30.863054927475556,36.29901438256062,12.44479076244015,3010.703,1157.891,B0036,124,24,1.66035260832257,0.9226492312192153,0.9201009743163511,0.9233781246060841,0.8715062143941522,0.997608665781587,0.9218543727838082,Healthy
1.665058201551533,5.741864132656048,3.4567232383364708,2.6669662761212,4.182728484057378,0.2191182110626776,-1.977833418220376,31.038017243387284,36.42868217427085,12.45471741074109,3011.75,1172.656,B0036,125,24,1.6610231379633236,0.9230281658723908,0.9209738324957539,0.9236992379462119,0.8826193409799271,0.9981300518316266,0.9222266615845794,Healthy
1.6615342862935558,5.7294057392327895,3.4566056806279244,2.657342749492438,4.183421219857983,0.22015856010978996,-1.977513435934886,31.04050751190746,36.39664144336581,12.352141003608505,3005.734,1161.375,B0036,126,24,1.6575187557321611,0.9210746767785984,0.9189755521337192,0.9218541397091455,0.8741285058282761,0.9980961070019037,0.9202809724174051,Healthy
1.6547970083940968,5.707424726949278,3.457263997632369,2.6914302974482167,4.183196106021016,0.21731364320070798,-1.9773123626836613,30.957302786226403,36.31743524658528,12.383640756612479,2993.75,1163.187,B0036,127,24,1.6507877959674548,0.917339854021823,0.9154498788232438,0.9181786647635002,0.8754923382274243,0.9982861962686637,0.9165438357025749,Healthy
1.6572762628977382,5.710461714975171,3.4540018182289085,2.641029666264374,4.183209699462281,0.2219355616405435,-1.9773999985000372,30.945276932009087,36.40596657880105,12.52346625686889,2998.125,1150.985,B0036,128,24,1.653257006211014,0.9187142334489773,0.9159370005030381,0.9195204707454093,0.8663082968728949,0.9973442408176317,0.9179147807951641,Healthy
1.653471988712397,5.698583940021725,3.454729708764956,2.6663067674348446,4.183138406019062,0.22002183067494988,-1.9775454272489617,30.888914324823496,36.28093983069052,12.422041431356082,2990.859,1153.781,B0036,129,24,1.6494214846772686,0.9166053268531003,0.9140318492024033,0.9172919993706546,0.8684127534887992,0.9975544194661319,0.9157852377811885,Healthy
1.6719248839927578,5.771548733599675,3.4602322781016106,2.652024511951085,4.182486390609512,0.2198150778622886,-1.977556174123632,32.321489418619095,37.95295717388789,12.875773463417286,3024.453,1183.703,B0036,130,24,1.6678591915666705,0.9268347242818481,0.9257351330186406,0.9275952291206555,0.8909340520800326,0.999143288298988,0.926022148082593,Healthy
1.6749451378967173,5.790405345302065,3.4653467037084007,2.650846498933422,4.183464386226038,0.22016718741010546,-1.9769835735935626,33.23510488083581,38.41829396059596,11.99095904609619,3030.765,1213.765,B0036,131,24,1.670862764324967,0.9285090077506439,0.928759663997816,0.9295311101167264,0.9135607240354386,1.0006200804932197,0.9276897798057168,Healthy
1.6698817123759337,5.766094305519542,3.4612961227490118,2.636443131108017,4.1834582213062665,0.22206114883321787,-1.9774113966642073,32.672384089467116,37.82488704281872,11.912965157119544,3020.813,1201.407,B0036,132,24,1.6658118164053368,0.9257020882284763,0.924860262868986,0.9264788465437072,0.9042592666465453,0.999450473815397,0.9248854125869255,Healthy
1.657371692623067,5.715295160436083,3.4568319834213184,2.6573768263158466,4.183218486473692,0.22107800293757485,-1.9773199609696597,31.627875999689845,36.92206046060923,12.19059179067995,2998.156,1161.312,B0036,133,24,1.6532998517617,0.9187671350978553,0.9167122673305791,0.9195299783992239,0.8740810878143983,0.9981614520131544,0.9179385693314402,Healthy
1.650962821780078,5.688996487712666,3.4542748719327436,2.661750337550587,4.183226539078387,0.220921313044055,-1.9771073220010116,31.234092745007935,36.61884081007243,12.431416762654187,2986.766,1148.688,B0036,134,24,1.6468787023528522,0.9152143654144864,0.9124940572078618,0.9160366823686081,0.8645794210335773,0.9974230851707286,0.9143734442904258,Healthy
1.6762353195080226,5.783972040671039,3.459039144301172,2.676647507144037,4.174285560234163,0.21611363128577607,-1.9761775564887945,31.95070753872921,37.26760229905419,12.470240613890795,3032.328,1180.547,B0036,135,24,1.6718953249703756,0.9292242223690974,0.9277277856592201,0.9300104798880918,0.8885586353848274,0.9987987704941299,0.9282630740212726,Healthy
1.6848716758997662,5.827002124918799,3.466556169993412,2.683234032060573,4.181276067644604,0.21608136265251462,-1.9775382652377456,32.94223311807837,38.25722659181597,12.370901800054849,3047.703,1213.094,B0036,136,24,1.6807743463585727,0.9340118028828976,0.9346296524896954,0.9347259694816581,0.9130556845542971,1.0009693143087472,0.9331928489689084,Healthy
1.677893820093133,5.790152287960364,3.4591810827626084,2.622356052772389,4.18302191595724,0.22316178902200767,-1.977527154273711,31.941852555671353,37.22999793294153,12.103147762309014,3034.968,1198.797,B0036,137,24,1.6737717086703074,0.9301436153078825,0.9287190745334115,0.9308201639548895,0.9022948060716133,0.9988397552748317,0.9293048723176899,Healthy
1.6646896107160252,5.742281169529097,3.4577876655294553,2.6656468752025866,4.183316981130492,0.21984306642029872,-1.976966455996094,31.44720711271493,36.750095375605376,12.229962724175877,3011.7339999999967,1172.625,B0036,138,24,1.6605773762487392,0.9228238368450096,0.9210407236722761,0.9236943307700485,0.8825960083064318,0.9984374055582778,0.9219791675379839,Healthy
1.6600930868608172,5.720623963806651,3.454417180570097,2.6416903037262225,4.183031434193402,0.22280512461440066,-1.9771854714072983,31.12482497372082,36.46133969406453,12.219842806694736,3002.922,1160.031,B0036,139,24,1.655987781146086,0.920275745144967,0.9175669877400879,0.9209917034986019,0.8731169215322191,0.9974641768398569,0.9194309507956604,Healthy
1.6509712964439862,5.687004171382794,3.4527482715790674,2.6595878021770023,4.182347238057592,0.2223904638589107,-1.9768884059107226,30.75545169222773,36.121581178683655,12.030632863829517,2986.718,1140.453,B0036,140,24,1.646862318389844,0.9152190633604659,0.9121744970156533,0.9160219608401208,0.8583812092195673,0.9969822787812433,0.9143643476516354,Healthy
1.6615734626622045,5.736838243350907,3.460599249296477,2.687257575540443,4.181133837276345,0.2188614242633451,-1.9767960110088922,32.32491302674166,37.62901534109348,11.87776056796535,3006.203,1186.625,B0036,141,24,1.6574621175432849,0.9210963942727171,0.9201676983852776,0.9219979813104062,0.8931333447236923,0.9992492513606791,0.9202495259873995,Healthy
1.6645303248532635,5.751953779167254,3.463474146193779,2.6749338603361448,4.18258237874211,0.21997510461098418,-1.9766590715947012,32.9527098749988,38.17206500603514,11.7437764737676,3011.609,1203.547,B0036,142,24,1.6603991175216894,0.9227355364254702,0.9225921745883687,0.9236559934562806,0.9058699737846124,1.0000793788517348,0.921880195436399,Healthy
1.650200727223437,5.694756944165669,3.458931693641407,2.6883490982654625,4.182469644453435,0.2200530353488435,-1.9763441035961147,31.963338156822644,37.0744174656725,11.523657967655378,2985.953,1175.797,B0036,143,24,1.6460789092837111,0.9147918968544191,0.913418013179978,0.9157873364798556,0.8849834676718282,0.9987677440783003,0.9139293863629625,Healthy
1.644970555485038,5.664308125537704,3.4515443093644445,2.6341133806914536,4.182289875103196,0.22545755813186338,-1.976398819741924,31.192560893948695,36.55596040748888,11.934073711378442,2976.312999999994,1148.3129999999946,B0036,144,24,1.6408366462659327,0.911892541250877,0.9085341349587437,0.9128307628420016,0.864297170950968,0.9966346342679778,0.9110187979361439,Healthy
1.6385805068935435,5.641448663978738,3.451340191696518,2.6535520046660226,4.182381246517502,0.2237589010583792,-1.9763560129084317,31.011896164180595,36.35822055804636,12.095477982072058,2964.75,1133.265,B0036,145,24,1.63444089202816,0.9083502057182533,0.9048675616239595,0.9092844079691315,0.852971039636191,0.996575695219515,0.9074677727010295,Healthy
1.6415715525318844,5.65658726845225,3.4541105051819967,2.682065697865543,4.18080325573756,0.22031097244335307,-1.9764726236625383,31.59342641124915,37.04815005782166,12.361243049032211,2969.953,1135.703,B0036,146,24,1.6374039186504212,0.9100082975297141,0.9072957379545893,0.9108801603174452,0.8548060415065681,0.9973756242135936,0.9091128925597359,Healthy
1.6515474949923032,5.695019056878713,3.456542656900933,2.623022825320866,4.18244856617256,0.22574004376823661,-1.9761971299509842,32.451352345308976,37.78142773101782,11.964561405600904,2988.453,1166.531,B0036,147,24,1.64738207540524,0.9155384801164301,0.913460055092552,0.9165540827552322,0.8780092562973757,0.9980779088785506,0.9146529250749045,Healthy
1.6587376759792556,5.729874716512319,3.462836576734922,2.638877668106794,4.182854046942437,0.2223670426370147,-1.9764358998879015,33.70907658061942,38.98412239569435,12.228876667388924,3001.235,1191.735,B0036,148,24,1.6545646441622357,0.9195243705570724,0.9190507743598993,0.9204743031119779,0.8969794725159923,0.9998952804460662,0.9186408023386058,Healthy
1.645082017600481,5.670717163126336,3.455642847223531,2.6345026369215763,4.182728439067422,0.22437597112956958,-1.9764723723079625,32.3628652503866,37.65911041193654,12.070413579631378,2976.234,1149.875,B0036,149,24,1.640896560729935,0.9119543304855631,0.9095621209532296,0.9128065336597014,0.8654728366283836,0.997818088517469,0.9110520634065967,Healthy
1.6307027929230344,5.618020035117174,3.453765407751183,2.6856425973144904,4.182876278594965,0.22038233953339065,-1.9762622330108464,31.558941182174713,36.92167189475025,12.302532030164077,2950.39,1122.015,B0036,150,24,1.6265229979339637,0.9039831800667231,0.9011096959527677,0.9048802173633681,0.8445035371580353,0.9972759772089722,0.9030716310276363,Healthy
1.6259367026917193,5.595452515995318,3.4500406564088526,2.68786797873656,4.180649883777921,0.22048226651045266,-1.9761878164815234,31.135887556686384,36.59954969750561,12.497103679534138,2941.719,1109.906,B0036,151,24,1.6217349144630455,0.9013410889251079,0.8974899491082944,0.9022208345818519,0.8353894938239919,0.9962004539477669,0.9004132103627758,Healthy
1.6290369362599573,5.60144012893941,3.447400483446299,2.6302060684262494,4.182879997125387,0.22582011200156013,-1.976390548245151,31.04112225235265,36.62217023847058,12.671341578562512,2946.969,1111.203,B0036,152,24,1.6248200059639546,0.9030597092721925,0.8984503401438917,0.9038310017601427,0.8363657027763624,0.9954381030754922,0.9021261025980127,Healthy
1.6230199479942833,5.583615172437754,3.449026045033965,2.6641914790243417,4.182616597040702,0.2230592263803892,-1.9763256382870515,31.054879323980543,36.59089881260896,12.591761461409035,2936.171,1098.468,B0036,153,24,1.61880119736137,0.8997241804373652,0.8955912828544594,0.9005192712475361,0.8267804899710902,0.9959074845561262,0.8987843636195395,Healthy
1.6179610675287366,5.568488706229758,3.450376630404453,2.689303373660729,4.182506766966863,0.22093661764734834,-1.975971961224962,31.10833607101402,36.59234456560626,12.510357005928164,2927.281,1101.094,B0036,154,24,1.6137350490334217,0.8969197804751717,0.8931650534568559,0.8977927214922968,0.8287569932162134,0.9962974665572589,0.8959715568904864,Healthy
1.616268631592919,5.556928470524646,3.447000121773302,2.65147651386545,4.182535478785295,0.22471790023656585,-1.9758050203647282,30.944663670795183,36.48018480302178,12.57757198599126,2924.422,1089.578,B0036,155,24,1.612012823654141,0.8959815754104846,0.8913108342806585,0.8969158704517761,0.8200892813461297,0.9953224985014876,0.8950153497638489,Healthy
1.6713661683030185,5.780873547054018,3.4669760884346075,2.6896892125914618,4.1690491680104165,0.2107123814077917,-1.9763325577592548,32.6791979812127,38.23567263982747,12.709715501358549,3023.859,1213.109,B0036,156,24,1.6671032556887178,0.9265249991816302,0.9272307987094242,0.927413050205626,0.9130669745576012,1.001090565906453,0.9256024403704228,Healthy
1.6892568787511466,5.853579000432954,3.4736386683731344,2.6628469651561684,4.181271830692525,0.2168989161359203,-1.9764828677632524,33.03296653786076,37.930952706812825,11.445935761196022,3056.172,1257.485,B0036,157,24,1.6850133383886254,0.9364427483844521,0.9388924853141133,0.9373233991641239,0.946467320332769,1.003014388208922,0.9355464052674394,Healthy
1.682905357004655,5.821918854440035,3.467958204671299,2.626900680068646,4.1830606408887965,0.22018929080048041,-1.9762113672371753,32.14080730031082,37.19257582780181,11.74408254608828,3045.078,1229.719,B0036,158,24,1.6786654987614698,0.9329217702812844,0.9338143146505755,0.9339208858925127,0.9255687715497939,1.0013741523155013,0.9320219829918989,Healthy
1.677226965585958,5.794439310636998,3.4632760700749996,2.6081515730092875,4.182456210343196,0.22169666408408192,-1.976450670496227,31.54659714469647,36.76201438343683,12.028477163123547,3034.25,1201.89,B0036,159,24,1.6729763502191373,0.9297739432495197,0.929406697161408,0.9305999544246014,0.904622804752941,1.0000221843027148,0.9288632765611822,Healthy
1.6707461566278017,5.770944482065582,3.4628276335315356,2.635733198142088,4.182764774519028,0.21964348922267898,-1.976336702286546,31.32211217550974,36.54833629882202,12.088368335279913,3022.609,1187.453,B0036,160,24,1.666489034299654,0.9261812945358338,0.925638213300882,0.9270296770679377,0.8937565529060845,0.9998926980929405,0.9252614148132444,Healthy
1.6741060052346632,5.785855345890001,3.4646012546935614,2.629018498984386,4.183320176415955,0.21954685837906868,-1.9761771069613194,31.944476209251814,37.37954300419149,12.540545857038651,3028.828,1206.062,B0036,161,24,1.6698420840710908,0.928043832971013,0.9280298608712408,0.9289370351025645,0.9077629310052845,1.0004048318277878,0.927123081773905,Healthy
1.6789573148954842,5.808020908919797,3.467937221948995,2.6266603184816235,4.180963257164536,0.2197618206405605,-1.9760041905736137,32.95970790517297,38.17965570439169,12.089364868554036,3037.875,1223.734,B0036,162,24,1.6746744228027035,0.9307331656646894,0.9315851354408491,0.9317117365238975,0.921064060231415,1.0013680935470501,0.9298060736686269,Healthy
1.6708161400568209,5.77082209440051,3.462497796397771,2.602450788874241,4.182710427278442,0.22343995983932055,-1.975873938296025,31.94954978552722,37.06880928199277,11.701887140021647,3023.187,1200.281,B0036,163,24,1.6665045335145643,0.9262200899821844,0.9256185827707358,0.9272069488068048,0.9034117637318428,0.9997974575044638,0.9252700202257141,Healthy
1.6565261820381436,5.716627857581801,3.4597555835668237,2.662872873818505,4.182466447324255,0.21841796432569036,-1.976044015388604,31.016509562928245,36.3207199175235,12.218162300084842,2996.922,1164.609,B0036,164,24,1.652222084834727,0.9182984247046089,0.9169260270381394,0.9191515124376981,0.8765626305406632,0.9990056425842725,0.9173401758639975,Healthy
1.6505672834795972,5.692242084795042,3.4575027462160053,2.6641259048235493,4.182351343336321,0.21857821910459632,-1.9757551706068877,30.717850318637232,36.10688426616758,12.394161269784064,2986.469,1151.266,B0036,165,24,1.6462718275099526,0.9149950980088877,0.9130146390110244,0.9159455929110933,0.8665197962681271,0.9983551350062279,0.914036497653395,Healthy
1.6467023682893769,5.682147583611976,3.4593887120996203,2.6980994427054057,4.182757605057146,0.21569743182908152,-1.9758263113357128,30.879779806825745,36.31248307899438,12.567630693586342,2979.219,1154.86,B0036,166,24,1.642399234692521,0.9128525749571665,0.9113955182469459,0.9137220287125012,0.8692248810598152,0.9988997083189792,0.9118863720687054,Healthy
1.6554816513410016,5.712869852213558,3.459697403340653,2.649240292513478,4.180861110367055,0.219355376404776,-1.9759776263748132,31.650221324336044,37.07549861586275,12.482432281371025,2995.047,1155.297,B0036,167,24,1.651178607099992,0.9177193871354223,0.9163232568355416,0.9185764527311656,0.8695537964894112,0.9989888430234863,0.9167608203055178,Healthy
1.6524945389447028,5.710074437915173,3.464129590458387,2.691344905562854,4.182794520703595,0.2164303247179339,-1.9757190023217348,32.06625589927076,37.414877687125575,12.32806062586775,2989.828,1174.516,B0036,168,24,1.6481683120281931,0.9160634757241328,0.9158748826907834,0.9169757932066893,0.884019301389649,1.000268638613856,0.9150894562462225,Healthy
1.6522547936653782,5.702402877431994,3.460169463632063,2.6312837349184783,4.182556061512275,0.22231611723941624,-1.975704650691821,31.895952062496796,37.09639528593206,11.897233589694231,2989.391,1173.5,B0036,169,24,1.6478887725428395,0.9159305724747178,0.914644392679842,0.9168417659577536,0.8832545918325105,0.9991251505987956,0.9149342514447562,Healthy
1.6401732180007957,5.653987550101989,3.4561756716228116,2.6584363442335084,4.182810830291452,0.22040419568213585,-1.9757629054586399,30.985495506316067,36.36605166703309,12.301722284726651,2967.2810000000027,1132.078,B0036,170,24,1.635843650915682,0.9092331281354528,0.9068787527182385,0.9100606618983236,0.8520776240413847,0.9979719417503147,0.9082466069124745,Healthy
1.637554063982733,5.638323865913223,3.452053305545746,2.623199819387988,4.182635286848819,0.22353050988476272,-1.9757208321303017,30.72140290899611,36.234238027710575,12.542023736869943,2962.609,1115.813,B0036,171,24,1.6332362811945516,0.9077811951476586,0.9043663555376285,0.9086277664588989,0.8398354971251889,0.9967816070944946,0.9067989534641407,Healthy
1.6342523851247597,5.623387755798623,3.4498706612134633,2.633671931011382,4.180865480888278,0.22279407948570581,-1.9753838232885894,30.525764579406868,36.13330283566238,12.733817702031597,2957.016,1104.609,B0036,172,24,1.629926467682987,0.9059509032228868,0.9019706585554259,0.9069124016916263,0.8314026173238327,0.9961513677752601,0.904961291967757,Healthy
1.6431507327432797,5.664648318211999,3.4562888987795763,2.613160298710749,4.182371604193263,0.2240191225314323,-1.9753747226034408,31.861104818689885,37.40631592104371,12.611409076626405,2973.281,1150.266,B0036,173,24,1.6387862629287224,0.9108837190691823,0.9085887006091655,0.9119008529592266,0.86576712938118,0.9980046361316863,0.9098803922530282,Healthy
1.6403318156558422,5.662057371647645,3.4606240664312637,2.664776371262019,4.182870580087216,0.21982320701898808,-1.9753588071492805,32.31201872670814,37.77076533558071,12.419961942376762,2968.016,1154.453,B0036,174,24,1.6359654863840771,0.9093210470457423,0.9081731223349264,0.9102860853032835,0.8689185456368277,0.9992564173170844,0.9083142519167569,Healthy
1.6355033915547337,5.637555226785219,3.456019242182233,2.632939371611515,4.1827611176443975,0.22380395844631212,-1.975257971644178,31.79301024802491,37.14813436098321,12.124369533550496,2959.281,1140.984,B0036,175,24,1.631137043967566,0.9066444010054133,0.9042430686560219,0.9076070738171175,0.8587808753365361,0.9979267726942846,0.9056334233186121,Healthy
1.6264027648342592,5.597596687225195,3.450712115143618,2.628283415842944,4.182395237195288,0.2245629158467304,-1.9752191259041323,31.01748043918613,36.53239990681521,12.482584886726237,2942.797000000006,1110.672,B0036,176,24,1.6220189720888465,0.9015994513560488,0.8978338662664653,0.9025514555757961,0.8359660366593935,0.996394337893783,0.900570923708215,Healthy
1.645981262177765,5.676762503237017,3.457628617948717,2.638269533539896,4.174632559195338,0.22079205441617028,-1.974872083562542,32.52627247756125,37.81511547301817,12.210048580994084,2978.89,1158.562,B0036,177,24,1.6416044978422155,0.9124528284191895,0.9105317712134663,0.9136211249026616,0.8720112538752937,0.998391480513355,0.911445121434958,Healthy
1.6296971303520928,5.6128716471027795,3.453055943057908,2.666855394758346,4.180584396863127,0.22055104367711992,-1.9750892690302664,30.971239918679984,36.404593910301536,12.443295139990447,2948.891,1113.375,B0036,178,24,1.6253090231457803,0.9034256891168706,0.900283913501068,0.9044204762966523,0.8380004952548117,0.9970711190290585,0.9023976127731242,Healthy
1.6240115827727535,5.589255195547936,3.450668341610227,2.645771603606621,4.182361662503121,0.22291140709285817,-1.9750429933939881,30.76463270446893,36.31178502135717,12.61259904594273,2938.547,1099.547,B0036,179,24,1.6196134522239485,0.9002738950539076,0.8964959217625115,0.9012479869076541,0.8275926175421061,0.9963816982706081,0.8992353405344006,Healthy
1.6168337030856694,5.565001786138174,3.450902810317066,2.6749192828697232,4.1825612222864805,0.2208731954949112,-1.9749799926549043,30.660177115279623,36.180551238597374,12.584439227309094,2925.484,1100.937,B0036,180,24,1.6124236174774371,0.896294823862133,0.8926057643329478,0.8972415842695561,0.8286388245149626,0.9964494011922406,0.8952434290768936,Healthy
1.6121797383313972,5.547392069272905,3.4500594839606094,2.6772635289500464,4.18253016588314,0.22106585657649458,-1.9747546184485705,30.586674094126863,36.10348020899565,12.564617135487797,2917.297,1087.89,B0036,181,24,1.6077701029913394,0.8937148896909624,0.8897812306874486,0.8947306435669528,0.818818779640963,0.9962058904099639,0.89265972326867,Healthy
1.6132262432900764,5.549519123651407,3.449110812692783,2.651409246777448,4.1821683496152,0.22338624793039388,-1.9749280525665507,30.83253477381729,36.39815845242428,12.619768162960192,2918.938,1088.5,B0036,182,24,1.6088077531981582,0.8942950216957691,0.8901224023657813,0.89523393582211,0.8192779064420007,0.995931961247448,0.8932358432902734,Healthy
1.6127745746235498,5.542587377891818,3.4458169090139847,2.6359845840555653,4.180085195716553,0.22481643940189633,-1.9747449903353,30.68860522383244,36.34867749615663,12.806330434019934,2918.25,1078.296,B0036,183,24,1.6083556258734268,0.894044638315502,0.8890105759082747,0.8950229272471263,0.8115976935275917,0.9949808454007454,0.892984814954925,Healthy
1.611243298360466,5.536331105202146,3.4453799620249113,2.6203632515294,4.18247008024948,0.22691200622276378,-1.9747270429184276,30.620490468656016,36.30340414585353,12.784617632941771,2915.4839999999967,1077.031,B0036,184,24,1.606820251901154,0.8931957724204593,0.8880070928402279,0.8941745991680486,0.8106455699156034,0.9948546768038457,0.89213235072347,Healthy
1.606207357911273,5.5188494004182775,3.445133112798374,2.6353503124760125,4.182402126830995,0.22598774873953212,-1.9748519715505966,30.598226708173872,36.26566178605087,12.786776932788392,2906.015,1079.968,B0036,185,24,1.601770977206713,0.8904040892997552,0.8852030918605127,0.8912704709754331,0.8128561525625674,0.9947833990027923,0.8893289125061146,Healthy
1.5993457480095654,5.496369606871694,3.4458558996634645,2.665160202735034,4.182271283338991,0.22356219309669187,-1.9743987343803497,30.522404975221356,36.17313667131571,12.776513031539281,2894.14,1066.078,B0036,186,24,1.594911734692208,0.8866003428621813,0.8815974158748057,0.8876284261673942,0.8024016095028711,0.9949921039645073,0.8855205511530587,Healthy
1.5982758234173813,5.490362033224042,3.4444897117952333,2.6439462094074133,4.182247103438741,0.22573879717162298,-1.9743953769070435,30.572012594415884,36.20038317528244,12.70322442887058,2892.031,1070.64,B0036,187,24,1.5938139125387372,0.8860072281392093,0.8806338232159667,0.8869815990094865,0.8058352758411241,0.9945976167366593,0.8849110227025097,Healthy
1.5965047394464704,5.485828605569163,3.4452529094036595,2.680823910703161,4.182668785784587,0.22291638795713103,-1.9745565504466334,30.525594309542488,36.12974352283867,12.745235679217785,2888.719,1054.938,B0036,188,24,1.5920273129504596,0.885025424387393,0.8799066781381321,0.8859658135438676,0.7940169003822797,0.9948179903147368,0.8839190739835378,Healthy
1.5892124004220165,5.45729834071004,3.4433682977623126,2.6584332895177942,4.182325389472558,0.2250671844005684,-1.9743485288471663,30.460152624234137,36.15128962766672,12.81739802093054,2875.641,1055.078,B0036,189,24,1.5847361549778751,0.8809829024452835,0.8753305288663327,0.8819548104281174,0.7941222737464522,0.9942738080399172,0.8798709062473632,Healthy
1.5808152984815262,5.429508755845669,3.444044633354945,2.68581364438656,4.181890851070748,0.22276494201776428,-1.9740794817151763,30.42634729502671,36.06503580876304,12.747372042722994,2860.7810000000027,1040.0620000000054,B0036,190,24,1.5763429363936798,0.876327953089428,0.8708731819342715,0.8773972705672796,0.7828202277720574,0.994469100180359,0.8752108568007655,Healthy
1.576483499412258,5.413885441107603,3.4436657042772842,2.686590802386354,4.1819812339971225,0.22288844568349384,-1.9739791964844613,30.477932880980596,36.12802521407918,12.77391945793105,2852.844,1042.172,B0036,191,24,1.5720229174642286,0.8739266120755772,0.8683672598646827,0.8749630044922131,0.7844083549035119,0.9943596842758019,0.8728123130693548,Healthy
1.5774660964313045,5.413732945764203,3.4414697554582165,2.656968060548768,4.182031710997783,0.22574515653050697,-1.9739892815959978,30.473709628947084,36.26774799217623,12.987694039505293,2854.64,1042.797,B0036,192,24,1.5729874285512353,0.8744713165930752,0.8683428001739613,0.8755138350164436,0.7848787717078539,0.993725603281325,0.8733478250796946,Healthy
1.6014994349181817,5.520467755502141,3.4563046908197936,2.676038889381632,4.1803143719336,0.22272757650615713,-1.9743635806531243,33.14386747805384,38.43630283495838,12.045829577205012,2897.844,1110.125,B0036,193,24,1.596985400389019,0.887794243276756,0.8854626700479253,0.8887644374489923,0.8355543278722334,0.9980091960888579,0.8866718835752895,Healthy
1.6002314345008655,5.509358257324584,3.452089547010762,2.6188084347235887,4.182098322143219,0.2282094096382682,-1.9739686530082492,32.934539010545976,38.52063845392343,12.490289868048649,2896.063,1110.313,B0036,194,24,1.595726023703856,0.8870913248451779,0.8836807475089543,0.888218207402414,0.8356958292469795,0.996792071830275,0.8859726574600775,Healthy
1.583995673567184,5.446391456291923,3.4477573593842226,2.645949573946669,4.182097383940862,0.2269688955493514,-1.9740791048008222,31.954024468442526,37.489412293667954,12.427982581679952,2866.234,1079.64,B0036,195,24,1.579500338340559,0.8780910000383969,0.873581104827193,0.8790696975431302,0.8126092778236488,0.9955411511281874,0.8769638969542708,Healthy
1.567429981035422,5.385216188208577,3.4451953986146564,2.6883439532038187,4.181667072254369,0.22349829567074966,-1.973680146390149,31.19189073934152,36.78751789975617,12.612652767500954,2836.609,1048.812,B0036,196,24,1.5629469877520186,0.8689077770256816,0.8637688174238316,0.8699837541799174,0.7894060630328411,0.9948013840541684,0.8677732114650685,Healthy
1.5636401951061107,5.368930443966452,3.4432584336378484,2.67894320816739,4.182118777318184,0.22483681792875135,-1.9737323749924904,30.99297651094941,36.62637340717898,12.694474825142144,2829.516,1035.297,B0036,197,24,1.5591129431541175,0.8668069020219601,0.8611566441046454,0.8678083416474188,0.7792337700557501,0.9942420847353061,0.8656444884695392,Healthy
1.0897584144153376,3.1140331845534064,2.883239659655731,2.1981645845929387,4.053116638334503,0.2714681375079095,-3.952127452371893,38.8265055747093,51.693778100061,26.647949221401507,982.938,19.516,B0038,1,24,0.8980573709676724,0.8970730021634697,0.8609717995460137,0.6642806022559933,0.6758787878787877,0.9091573998058752,0.824980447844705,Degrading
1.23936089743984,3.688935972050478,3.171331675099785,2.173538006790758,4.1851064801192095,0.39146555138677125,-2.99722690705762,40.496516738152486,51.136880141242045,24.94038695044267,1489.953,28.875000000000004,B0038,2,24,1.1026236331914077,1.0202235525998262,1.0199216431027898,1.0069270657692795,1.0,1.0,1.0129006989099676,Healthy
1.214793458043179,3.6168817447858586,3.1803732612872655,2.191128315273502,4.18694152805074,0.39291497885443455,-2.957884019744667,40.3082686076966,51.3517572303697,26.124055729982697,1479.703,29.0,B0038,3,24,1.0885801879473431,1.0,1.0,1.0,1.0043290043290043,1.002851037707116,1.0,Healthy
1.1770646010207706,3.5153562403909646,3.2014600077361552,2.174928379064222,4.187310082648276,0.3945157941745048,-2.890891500138237,39.93347404849829,49.541551118224994,23.901438343269522,1468.172,29.157,B0038,4,24,1.0613249847591086,0.9689421631532467,0.9719301012422498,0.9922072199623844,1.0097662337662336,1.009500214964246,0.9749626132369471,Healthy
1.162460422551643,3.465514392723509,3.2011146598082543,2.162304775163232,4.185977695675653,0.40186603525991565,-2.875691989787786,39.949996492029705,49.94400434434952,24.19165511549802,1457.0,29.312,B0038,5,24,1.0347062057983545,0.9569202195278238,0.9581497647025473,0.9846570561795172,1.0151341991341991,1.0093913181463532,0.9505098634483006,Healthy
1.1565551299354822,3.4408848823380564,3.1928056969575156,2.1523889970129018,4.187105297284753,0.40756316177387675,-2.899456239004,40.03056196708513,50.47284162905345,24.531106509544724,1437.047,29.438,B0038,6,24,1.0269978594353013,0.9520590700237153,0.9513401667882779,0.9711725934190848,1.0194978354978352,1.006771294855829,0.9434287623512944,Healthy
1.1970451210319493,3.5706432515598068,3.0561380160526412,2.1947161370182617,4.18045914385637,0.3182473291299143,-3.65723892716497,39.44913263410249,49.83589725328242,24.252419926828694,1170.531,19.938,B0038,7,24,1.078501971098942,0.9853898315851822,0.9872159234144966,0.791058070437108,0.6904935064935064,0.9636765652890851,0.9907418700432121,Healthy
1.1834891295108765,3.5267166655755564,3.181450544509047,2.1463956973341785,4.183492564102866,0.39531273885441603,-2.9674515029911404,40.058567746287395,50.058224679961086,24.538457214778898,1436.141,19.859,B0038,8,24,1.0638897478802845,0.974230739945926,0.9750710458421027,0.97056030838621,0.6877575757575757,1.00319073198452,0.977318675885866,Healthy
1.155972417361592,3.449689596545105,3.1927410490834576,2.1983669967426582,4.186120317256443,0.394432860852678,-2.9319888511060146,39.916070861462195,49.70254627455938,24.101793513718633,1420.172,19.891,B0038,9,24,1.0366551223324425,0.951579389654981,0.9537745052124583,0.95976827782332,0.6888658008658007,1.0067509097682124,0.9523001923148978,Healthy
1.161926451065002,3.4474936354641037,3.167665290347624,2.1858064268526136,4.185843165124554,0.40220013391913023,-2.994495446145827,40.27645391572808,51.35429552288885,25.050809779183293,1397.0,29.813,B0038,10,24,1.030941327482094,0.9564806621009168,0.9531673631392713,0.9441083785056866,1.0324848484848483,0.9988438974135225,0.9470513416435269,Healthy
1.145737552389189,3.4038779494304605,3.1781927267469925,2.151862863027953,4.185966509890458,0.40535515038930675,-2.9580193436340854,40.1754669430076,50.44246795838984,24.598691982771,1393.25,19.937,B0038,11,24,1.0140084541034655,0.9431542002496236,0.9411084435750583,0.9415740861510722,0.6904588744588744,1.0021634607635266,0.9314963337845674,Healthy
1.1523844775915861,3.4109309526193425,3.1613474600189155,2.164578187429903,4.186351056855524,0.4080928150873494,-3.001260117107958,40.41336717515726,51.33205933952721,25.06669291235418,1380.938,20.047000000000004,B0038,12,24,1.008516095994519,0.9486258507251736,0.9430584667404686,0.9332534974924023,0.6942683982683984,0.9968517278847678,0.926450901055075,Healthy
1.7779755989429795,6.41412141699224,3.608926624109929,2.180206803089782,4.177730241404494,0.26642041610054423,-1.0022813853258807,44.29688064198706,49.52801806570102,20.44823149740035,6375.828,5108.672,B0038,13,44,1.7419245088095905,1.4636032052781953,1.7733843320254847,4.308856574596389,176.9237056277056,1.1379846051568778,1.60018024220541,Healthy
1.8013431160745876,6.533132646020689,3.6118191487524745,2.1921466685430167,4.186620638463225,0.27276800455024974,-0.985523491989515,47.195451017988766,49.28701938671706,3.836766716527009,6574.671,5257.187,B0038,14,44,1.779741859708433,1.4828389996240499,1.8062887058552395,4.443236919841347,182.0670822510822,1.1388966903434437,1.6349203112582484,Healthy
1.8033238467843478,6.54252101498447,3.614149636005495,2.16658130125341,4.188933311711306,0.2710677748063214,-0.9870171236405828,47.146072926598166,49.17905905171433,3.758519652656986,6571.156000000003,5258.922000000006,B0038,15,44,1.7815666306452766,1.4844695078364918,1.808884413878405,4.440861443140957,182.127168831169,1.1396315511185935,1.6365965965306128,Healthy
1.8054080687243848,6.548587737046847,3.6144683724527336,2.1366453580856253,4.189402399305119,0.2706385584470085,-0.9884125593394552,47.127641701986995,49.1809104842522,3.810237482018465,6569.11,5258.781,B0038,16,44,1.7834859577156017,1.4861852084983922,1.8105617488012629,4.439478733232277,182.12228571428568,1.1397320566726927,1.6383597436938404,Healthy
1.8025947866013157,6.541889714845475,3.6165883435722845,2.1909799678189845,4.189825570933335,0.26325490575812305,-0.9883512949484963,47.09918641441624,49.05688408240341,3.7220008690144937,6558.75,5252.86,B0038,17,44,1.7864411650415677,1.4838693562813405,1.8087098712243892,4.432477328220596,181.9172294372294,1.140400536458707,1.6410744792353151,Healthy
1.8052209048393741,6.550666185645733,3.6160610851845387,2.166402675362294,4.191065310739852,0.2653801190050024,-0.9884509077751611,47.133209565495285,49.13032050804125,3.75881938445103,6567.516,5254.25,B0038,18,44,1.7859997608067948,1.4860311379576172,1.811136400876046,4.438401490028742,181.96536796536793,1.1402342787342672,1.6406689930436134,Healthy
1.7963933812299415,6.5087631391715774,3.6257089708628913,2.145739105715045,4.18123625379194,0.242449480692392,-1.003966417823918,47.15436113022586,49.23198595690627,3.854071330198991,6430.172,5207.766,B0038,19,44,1.7769523773001608,1.4787644511385656,1.7995509940447156,4.345582863588166,180.35553246753244,1.1432764977976673,1.6323578152297915,Healthy
1.8007294335683819,6.530006719111244,3.613285312724596,2.139096537674337,4.185716420658905,0.26650862300631034,-0.9879674131883375,47.16342394557887,49.16417337699806,3.7734356440234578,6554.327999999994,5239.594,B0038,20,44,1.781428917321899,1.4823338252652791,1.8054244456637218,4.429488890676031,181.45780086580083,1.1393590084237737,1.6364700892462598,Healthy
1.8024544635467687,6.53932834951883,3.615119723068455,2.1550256706410824,4.189329902417763,0.2644581993999677,-0.9878892583593684,47.142139947358636,49.04035070342245,3.6070945235492147,6560.922,5240.047,B0038,21,44,1.7859452772697195,1.483753844419124,1.8080017017271872,4.433945190352388,181.47348917748914,1.1399374437726406,1.6406189429529736,Healthy
1.801833707288772,6.5382393413155,3.6158365688729885,2.1776344857025127,4.189967846272303,0.26226897970091995,-0.9878187430421663,47.07812277465954,48.97912041843542,3.639408896713384,6559.047,5232.657,B0038,22,44,1.785208429691551,1.4832428470525458,1.8077006113736251,4.432678044175081,181.21755844155842,1.140163483139687,1.639942054298994,Healthy
1.8002019871352488,6.531954973857434,3.615503145763947,2.1804158381574807,4.18974503175606,0.26188786392564317,-0.9877368963424067,47.07326100880017,48.978872169562095,3.65952768089479,6553.781,5233.406,B0038,23,44,1.783596609584544,1.481899639165872,1.8059631015788615,4.429119221897908,181.2434978354978,1.1400583465146976,1.6384613915744166,Healthy
1.7994204710217911,6.524330205703766,3.6139392243174577,2.1075006723313274,4.188353739927258,0.2663090638476673,-0.9892953816503839,47.08146790123274,49.04045996790738,3.721452616395389,6540.187,5212.828,B0038,24,44,1.7796783152744713,1.4812563066649573,1.8038549961190522,4.419932243159607,180.5308398268398,1.1395652030637087,1.6348619375760292,Healthy
1.8009411563060356,6.533938866610492,3.61791112455575,2.1931517470679918,4.1880636486598535,0.25578580789784267,-0.9906537351245918,47.087615537529175,48.95885334502884,3.638201412950707,6535.922,5224.016,B0038,25,44,1.7841102592788645,1.4825081122901655,1.8065116107348267,4.417049907988292,180.918303030303,1.1408176423053933,1.6389332444521447,Healthy
1.800228328240979,6.53029072919757,3.615792342161085,2.1577326042974923,4.18971330698209,0.2612087400255614,-0.989093271752985,47.09422579980021,49.01777260309724,3.646376974020491,6544.078,5216.125,B0038,26,44,1.7833032331592191,1.4819213227743537,1.805502969128509,4.422561824906755,180.64502164502161,1.1401495373539936,1.6381918878404953,Healthy
1.7965552305258234,6.515971786670889,3.6151540820598718,2.162189918911785,4.188131880621521,0.2606059423999587,-0.9890153352338132,47.083185115341905,48.99249018111872,3.646417990490569,6531.187,5208.047,B0038,27,44,1.7796186141356956,1.4788976830841365,1.8015440499442357,4.413849941508532,180.36526406926404,1.1399482780198706,1.6348070944515292,Healthy
1.795602888878238,6.514133165932174,3.616195897791123,2.199945094089768,4.188924695577913,0.25757546423636,-0.9888803362572581,47.06402084308688,48.94618497316047,3.6130790439874403,6528.562,5200.015,B0038,28,44,1.7816592334352586,1.4781137295311435,1.8010357057769524,4.412075936860302,180.08709956709956,1.1402767885126177,1.6366816640258761,Healthy
1.7947127312711306,6.506794125710997,3.6135506508279374,2.1302151249881103,4.187542870745614,0.2634637410063976,-0.9888372175373165,47.07142767555465,49.0209427982368,3.6914837768226008,6525.187,5190.609,B0038,29,44,1.7775911304124037,1.4773809649601677,1.799006598734192,4.409795073741149,179.76135064935065,1.1394426761477852,1.632944591582434,Healthy
1.7949304813240567,6.50809060665585,3.615401963428833,2.164304791761506,4.1857951584704445,0.25764716062296544,-0.990311695204241,47.094941474493815,49.014180829264426,3.6690303557601354,6515.938,5187.844,B0038,30,44,1.777701881971679,1.4775602135818031,1.79936505141148,4.403544495077728,179.66559307359304,1.140026441199997,1.6330463310413197,Healthy
1.796284656048942,6.5108664525499975,3.6125287354843514,2.103101288221301,4.187443417451479,0.26555233247950444,-0.9886847879265132,47.099513351069206,49.08755174393166,3.7259533392912942,6532.015,5186.234,B0038,31,44,1.7789547618270618,1.478674950178316,1.8001325207649221,4.4144095132604315,179.6098354978355,1.1391204407437718,1.6341972612798585,Healthy
1.7981697644440429,6.521064260302874,3.6160020417093457,2.1449886066523933,4.1900372622396045,0.25975802406342796,-0.9902725483840611,47.07452189489319,49.000307836809725,3.6749680452043947,6527.922,5197.75,B0038,32,44,1.7807753731135043,1.4802267435162038,1.8029520234394507,4.411643417631781,180.008658008658,1.1402156608534393,1.6358697253818146,Healthy
1.7958699845659198,6.5105945986324665,3.6145930156040587,2.1205293855533207,4.188861157517333,0.2618570479596698,-0.9902807469221099,47.12153419194554,49.05042538685695,3.6853037395463133,6519.328,5184.953,B0038,33,44,1.778415319026661,1.4783335987491686,1.800057358252926,4.405835495366301,179.56547186147185,1.139771359768078,1.633701714138386,Healthy
1.7964384756832816,6.51366317344578,3.6166641442341034,2.1339834463152427,4.190060028748116,0.2585332615912423,-0.9919115001416685,47.15829653400459,49.08198729235301,3.663298180043462,6510.063,5183.36,B0038,34,44,1.7789773899108463,1.478801572225316,1.8009057616649915,4.399574103722166,179.510303030303,1.14042443829856,1.6342180480662019,Healthy
1.796893636424479,6.512693503777003,3.616763225911199,2.1093887147366805,4.187583021759709,0.25743412363998547,-0.9933993302020114,47.161612217353984,49.13279687311376,3.725047782195695,6501.718,5180.609,B0038,35,44,1.7792479347236043,1.4791762538126951,1.8006376661791008,4.3939344584690305,179.4150303030303,1.140455681223377,1.6344665780465868,Healthy
1.7955695699695313,6.50778008532093,3.6149940792944446,2.098244904990502,4.1891099360693005,0.26120700431715,-0.9915864068538185,47.155567707969865,49.13552693190528,3.7186358047245704,6509.047,5181.703,B0038,36,44,1.777920457368508,1.4780863018984987,1.7992791980834393,4.398887479446889,179.45291774891774,1.1398978251559575,1.633247120472589,Healthy
1.7937449901284217,6.502555340826015,3.6159145027179576,2.1367946107881166,4.18915400521565,0.25796097107129023,-0.9915566919647096,47.13225621283967,49.04172173314357,3.668687350788275,6502.438,5169.485,B0038,37,44,1.779227040224144,1.4765843347706473,1.7978346541741872,4.394421042601117,179.0297835497835,1.1401880576254086,1.6344473837789604,Healthy
1.7938684543983143,6.501116620666079,3.6146610547862235,2.103206542363035,4.188887533318818,0.2609096269136571,-0.9916693008676862,47.13346886842004,49.09468753497383,3.6955939126999766,6502.047,5164.906,B0038,38,44,1.7760634320079352,1.476685968730787,1.7974368750203595,4.394156800384942,178.87120346320344,1.1397928142197518,1.6315412053906009,Healthy
1.7897590917119446,6.489105833301538,3.615082794707677,2.1895312972615004,4.187944942179681,0.25635423939385604,-0.9899169847459927,47.176385542899524,49.057064718364046,3.6592508681687193,6498.86,5155.047,B0038,39,44,1.775103937963957,1.47330320217145,1.7941161174695064,4.392002989789167,178.5297662337662,1.1399257993391467,1.6306597875082975,Healthy
1.7626378585878437,6.050963079878651,3.4389023365216986,2.1594623220347016,4.182064571336064,0.24326867123504123,-1.998396970742944,50.154407994251926,54.42193934195762,9.087402851570609,3162.047,1196.047,B0038,40,44,1.733064100138742,1.4509774043623407,1.6729778596167248,2.1369470765417113,41.42154112554112,1.084371705275354,1.5920408246696602,Healthy
1.7688446851980573,6.06930798429099,3.437169559941295,2.023065783993831,4.186725946685351,0.2535131328346398,-1.9984033983725646,50.1979427615177,54.61602412701822,9.249992085495798,3173.141,1211.484,B0038,41,44,1.7394892806215223,1.456086772188713,1.6780498817912914,2.1444445270436026,41.95615584415584,1.0838253175878065,1.597943173944357,Healthy
1.7672639503078211,6.063261283408502,3.4370308930893247,2.0028176202456365,4.189706586585002,0.25550569337229756,-1.99868797664225,50.18895736512512,54.621843575697525,9.219969584649597,3169.844,1202.563,B0038,42,44,1.7378064360392924,1.4547855346163752,1.6763780823493537,2.142216377205426,41.64720346320346,1.0837815924697247,1.596397266163872,Healthy
1.75958120598017,6.037134109215312,3.437230626486004,2.061244397117138,4.188139594837195,0.2513685673717057,-1.9982781324264294,50.178407502665095,54.57283441287881,9.21197496222878,3156.563,1194.516,B0038,43,44,1.730028145799833,1.4484612131633878,1.6691544084676033,2.1332409274023236,41.36851948051948,1.0838445733929274,1.5892519126790483,Healthy
1.7588555870429519,6.032607827191524,3.4363115548278413,2.030738155835073,4.189030830558383,0.25382935857792155,-1.9983559715990522,50.182509844874,54.65884815489962,9.279097545376537,3155.047,1197.672,B0038,44,44,1.7290404566542985,1.4478638943908724,1.6679029763381692,2.1322163974797648,41.47781818181818,1.0835547671688168,1.5883445939932317,Healthy
1.7518383194209257,6.014150207670682,3.4394075704239655,2.1901431826977382,4.189306425000166,0.24381942086518604,-1.998333813768599,50.173666427799,54.51993729622157,9.150483133923672,3142.312,1190.437,B0038,45,44,1.7286072907068817,1.442087383515246,1.6627997905490706,2.123609940643494,41.227255411255406,1.0845310181300245,1.587946675721144,Healthy
1.6517524622023187,4.9985028717699524,3.0455602167949416,2.11587711023423,4.17467236177005,0.276868792608173,-3.967012008013358,58.41948951650429,69.28796559754325,23.90903290132445,1485.047,33.233999999999995,B0038,46,44,1.52573884649634,1.3596981867707822,1.3819923416008433,1.0036115355581492,1.1509610389610387,0.9603411212733257,1.4015860874459927,Healthy
1.656697278463271,4.977173456075224,3.0241360171924403,2.052769819032336,4.186501078488458,0.2792511767316262,-3.9673854309358183,58.954810986890266,69.86974573152932,24.456620259001213,1489.313,21.688,B0038,47,44,1.5301475534434217,1.3637686863509475,1.3760951580046483,1.0064945465407587,0.7510995670995669,0.9535855366176061,1.4056360481157664,Healthy
0.5624234274625644,1.6188466148113816,3.538833973977793,2.475664628588948,4.201433690744269,0.5074733563346527,-1.3777686088249814,34.602296282226774,42.96184230643531,17.0587343318409,1489.953,38.235,B0039,2,24,0.4729861500927512,1.0,1.0,1.014835455246388,0.7924352331606217,1.00278064338718,1.0,Healthy
0.5692967349575963,1.6320879397885801,3.523734020299432,2.480114715641411,4.20285727861485,0.5162968310971816,-1.414099580611061,34.771517765327,43.90627471664096,18.50329919689953,1468.172,48.25,B0039,4,24,0.4787632853388766,1.0122208769397136,1.0081794809069922,1.0,1.0,0.9985018494748217,1.0122141742310902,Healthy
0.5621376239244125,1.6144355641383787,3.5290210250014034,2.4872303300157066,4.203125866428561,0.5151874316102146,-1.406242060472347,34.709560141583104,44.013774813837145,18.52211238959115,1457.0,48.562,B0039,5,24,0.4711383364607152,0.9994918356451805,0.9972751892411272,0.992390537348485,1.0064663212435232,1.0,0.9960933028764718,Healthy
0.5589363721373938,1.6089768517571863,3.528853302126734,2.489183697067473,4.203130606417118,0.5140949777695465,-1.417553449529416,34.65890294500357,42.92203104864584,17.252068143958475,1437.047,48.875,B0039,6,24,0.4668172561120673,0.993799946526227,0.9939032129641602,0.9788001678277477,1.0129533678756477,0.9999524732571778,0.9869575589486623,Healthy
0.5516345236616769,1.592539762669428,3.4540436783572668,2.498492440398465,4.199225453541231,0.5248802482397518,-1.705386422586468,35.44499437757343,43.24542727979999,17.88673845945662,1170.531,39.422,B0039,7,24,0.4699932676625547,0.9808171152301339,0.983749632669789,0.7972710281901575,0.8170362694300517,0.9787540663223714,0.993672367722375,Healthy
0.5561825171041433,1.6022926424502983,3.53257704827921,2.4971812527928607,4.201734819728371,0.5132883949364054,-1.409614813413039,34.6176662375867,43.86578283702087,18.532129379101878,1436.141,49.422,B0039,8,24,0.4627052684317185,0.9889035377018742,0.9897742181318321,0.9781830739177699,1.0242901554404145,1.0010076514853876,0.9782638843462612,Healthy
0.5533438886626374,1.5933794800651881,3.5299976922060075,2.4988010332333745,4.202672121596153,0.5157902130772893,-1.4193953971803481,34.65017232704175,43.67270130471354,18.276293992446945,1420.172,49.266,B0039,9,24,0.4604944782656097,0.9838564000776242,0.9842683460476206,0.9673062829150808,1.0210569948186528,1.0002767530138486,0.9735897725024466,Healthy
0.5563546268045406,1.5936401852701645,3.5156652919077627,2.487295552712161,4.202779797627703,0.5274415176283863,-1.4499971979709174,34.822277873738145,43.79137016976176,17.765632283302594,1397.0,49.61,B0039,10,24,0.4412227248835694,0.989209552160009,0.9844293898442293,0.9515233909923361,1.0281865284974092,0.9962154566382513,0.9328449147972873,Healthy
0.5484211994669272,1.5824049618574658,3.5295294248045366,2.4958019219001284,4.202689684084776,0.5162590354244765,-1.4318958455799566,34.67233382014022,43.92654641714406,18.312729953767896,1393.25,49.703,B0039,11,24,0.4435442194396584,0.9751037611309868,0.9774891255165877,0.9489691943450768,1.0301139896373057,1.0001440625599938,0.9377530808305501,Healthy
0.5402004611107647,1.550895282776839,3.52826089394077,2.498934011647546,4.202868370613372,0.5263834317058762,-1.4237231581935579,34.74469432520436,43.36143647499468,17.386484218632546,1380.938,49.954,B0039,12,24,0.4126655541164234,0.9604871254171239,0.9580248484242839,0.940583255912795,1.035316062176166,0.9997846056866059,0.8724685787004565,Healthy
1.7619360092641172,6.4192919612454915,3.6461406726770127,2.4987062304520014,4.197294023274615,0.23195432901403543,-0.9931771469825759,44.007524345018545,48.10057733769074,18.26090547924862,6375.828,5449.312,B0039,13,44,1.7461791006389626,3.1327571420936122,3.965349096395664,4.342698266960547,112.93910880829016,1.0331875743572718,3.691818672273051,Healthy
1.7824451080662942,6.5191431963030935,3.64392186740937,2.473002904156423,4.204972433209606,0.25650604223131673,-0.9751829593896583,46.67611297517316,48.36094927051516,3.1404277077373877,6574.671,5569.656,B0039,14,44,1.7695250734505363,3.1692227262082464,4.027029575660364,4.478134033342142,115.43328497409327,1.0325588432582151,3.7411773539321134,Healthy
1.7816590526109388,6.520616210507181,3.646350059209468,2.489434465017692,4.208448210539393,0.2529905556190479,-0.9751939760319923,46.6383045331837,48.20507797013392,3.0162425026934443,6571.156000000003,5582.531000000003,B0039,15,44,1.7715391419501945,3.1678251040307677,4.027939491516881,4.47573989968478,115.70012435233166,1.0332469071101718,3.7454355515543125,Healthy
1.7808019264677624,6.516566253364948,3.645585479395615,2.473981445559395,4.206898230242775,0.2537624727482999,-0.9750119009804336,46.624310116631904,48.18149876688975,3.024443071741217,6569.11,5574.438,B0039,16,44,1.770625483958279,3.1663011167618813,4.025437736807585,4.474346329994033,115.53239378238342,1.033030252177136,3.7435038713312525,Healthy
1.780582233546233,6.51595125220486,3.6468115454863126,2.4673788761032256,4.207946244454896,0.25233451479226343,-0.9763225329640914,46.60181681852236,48.22285805925047,3.0904816028362205,6558.75,5570.36,B0039,17,44,1.7704040639447296,3.1659104983935804,4.0250578359853195,4.467289936056538,115.44787564766838,1.0333776760326505,3.7430357392020013,Healthy
1.7797892783071756,6.512464790595608,3.6451349051966417,2.458737817987512,4.207227267233697,0.254535546924118,-0.9746122484452725,46.64079559317347,48.3111327307896,3.1438232022807,6567.516,5573.125,B0039,18,44,1.769508178880176,3.1645006082639413,4.022904165849216,4.473260626139171,115.50518134715026,1.032902575352379,3.7411416349784887,Healthy
1.7742293358792702,6.485451159370136,3.6561026070574316,2.4562277920171924,4.197666044398925,0.230543491398516,-0.991639778772074,46.65269866016946,48.31988246057892,3.151544236506844,6430.172,5548.625,B0039,19,44,1.7638356274269416,3.15461492044153,4.006217204293801,4.379713003653523,114.99740932642487,1.0360104349494426,3.7291485746063784,Healthy
1.7819494887517116,6.517723556860771,3.6458870173477007,2.437931364664341,4.2045074487347165,0.25226304722600934,-0.9776620652375614,46.637301691869546,48.19161251147565,3.0165976318453858,6554.327999999994,5572.156000000003,B0039,20,44,1.7715725869786123,3.1683415052448547,4.026152630661786,4.464278027370086,115.48509844559591,1.033115697389831,3.7455062619301054,Healthy
1.7805397531768996,6.514509256565816,3.645766068703999,2.4476008226100348,4.208084129481043,0.25316376142310504,-0.97593374546125,46.62385161772923,48.22746339794149,3.0500062780608985,6560.922,5573.64,B0039,21,44,1.7701196454489685,3.1658349674550403,4.02416708103309,4.4687693267546305,115.5158549222798,1.0330814248131461,3.742434413992573,Healthy
1.7772412665693693,6.502634568154659,3.6446971444609972,2.467377500135635,4.207142953751636,0.2528528608886302,-0.9744225907364069,46.59535143073503,48.171946839870586,3.025288563209976,6559.047,5557.313,B0039,22,44,1.766756975286052,3.159970192898241,4.01683180398923,4.467492228431001,115.17747150259068,1.032778529410872,3.7353249665758628,Healthy
1.775380370582439,6.494539131206151,3.643834980413121,2.457416820096295,4.207099547920701,0.25368629199070497,-0.974188913140975,46.59281927437506,48.20204512091098,3.0700674938301873,6553.781,5548.781,B0039,23,44,1.7648743629092642,3.156661482954692,4.01183106032739,4.463905455219143,115.00064248704663,1.0325342225501963,3.731344697013174,Healthy
1.7743737917844795,6.491424793555935,3.6455211713700875,2.470228395185217,4.2078293027865055,0.25078237988655316,-0.975611434926553,46.595538716376765,48.20808548312476,3.0882424457257045,6540.187,5540.031,B0039,24,44,1.763838685943225,3.154871765903785,4.009907259998364,4.454646322093051,114.81929533678756,1.033012029552484,3.7291550410035077,Healthy
1.7733357187543717,6.485564204486277,3.6442867502271574,2.47756542534469,4.20415549392574,0.2497129824006196,-0.9755764719558602,46.615922853146614,48.216947901934525,3.06865784032739,6535.922,5531.86,B0039,25,44,1.7657225752056789,3.1530260514839723,4.0062870349467525,4.451741349106235,114.64994818652849,1.0326622381700625,3.733138010192108,Healthy
1.7722226857623657,6.48273196718857,3.6438395995465793,2.480137502417058,4.2074857099225,0.2515759584624443,-0.9738254896234411,46.61306744285817,48.23861432117145,3.060538058591,6544.078,5535.75,B0039,26,44,1.7645632809383045,3.151047056766367,4.0045374947050805,4.457296556534248,114.73056994818653,1.0325355314495839,3.730686999169593,Healthy
1.7715670355149316,6.477609442931239,3.6432430775983096,2.4411463439008707,4.207192516257174,0.2533910534261015,-0.9753455155568392,46.60739102749507,48.2409468668017,3.0524385738520223,6531.187,5518.578,B0039,27,44,1.7608991948479125,3.149881297632911,4.001373189816364,4.44851625013963,114.37467357512955,1.0323664981839717,3.722940290117597,Healthy
1.7705803863218443,6.473556834087064,3.6429596917730023,2.4393843779206725,4.207616345532635,0.25341909570727394,-0.9751784320040705,46.59731896053421,48.28638353591076,3.1667182874492283,6528.562,5511.39,B0039,28,44,1.7598362095817717,3.1481270158144268,3.9988697970878015,4.446728312486548,114.22569948186529,1.0322861966433179,3.72069289816768,Healthy
1.76681675693601,6.4616946306491645,3.6431420009845095,2.49689484054888,4.207147287931799,0.25017443381074583,-0.973600435800719,46.60563234024716,48.23633627651948,3.057644535640513,6525.187,5503.672,B0039,29,44,1.7590955400143164,3.1414352081797157,3.9915422323084284,4.444429535504014,114.06574093264248,1.0323378566391683,3.719126954709695,Healthy
1.7669059991324023,6.458326523674386,3.6420393576004138,2.465533668800099,4.204165409407158,0.2506633369879675,-0.9749580537234221,46.62474216211915,48.2681944116944,3.1287385015885008,6515.938,5491.391,B0039,30,44,1.7560495443976525,3.1415938825734813,3.989461672640846,4.438129864893214,113.81121243523316,1.0320254064224412,3.712687029109196,Healthy
1.7650157016501806,6.452893209329706,3.6405822186622365,2.487866062972102,4.206316214831835,0.2524392393921728,-0.9716546701373575,46.6386326424737,48.25892855404056,3.0949180845592323,6532.015,5491.328,B0039,31,44,1.7571677199949287,3.1382328961886325,3.9861053853342114,4.449080216759344,113.8099067357513,1.0316125046777778,3.7150511059369355,Healthy
1.7637783554933062,6.447668114779637,3.640101281169697,2.480376897645346,4.20729233602744,0.25329731254468446,-0.9715222945577332,46.624080824947505,48.27406092264485,3.069425897691559,6527.922,5482.25,B0039,32,44,1.7558911269459976,3.1360328702002827,3.982877720339725,4.446292396258748,113.62176165803109,1.031476223967311,3.7123520986854954,Healthy
1.7643074734030777,6.446242276060764,3.6389138404319183,2.423512955443349,4.207400407989978,0.25678403601203137,-0.9730192985244435,46.6573959514452,48.37743085469793,3.2073429305588306,6519.328,5470.61,B0039,33,44,1.7533419072229914,3.1369736523297873,3.9819969459007964,4.440438858662337,113.38051813471502,1.0311397451735134,3.7069624699986803,Healthy
1.7616327201047008,6.436518891125645,3.6390963886375602,2.4421166575524973,4.207172779835573,0.2549572277611863,-0.9728763615065116,46.69850634609825,48.34229218799801,3.0923117150261845,6510.063,5458.454,B0039,34,44,1.7506673845335168,3.1322178879576588,3.975990580105447,4.434128290145841,113.12858031088082,1.031191472891866,3.7013079224205954,Healthy
1.7589323127887346,6.426380900288368,3.639310178523211,2.48916723023537,4.203796739473216,0.25045033852559456,-0.9727174864909479,46.70366699259687,48.35205523072366,3.1443084053567603,6501.718,5445.64,B0039,35,44,1.7510006664162403,3.1274165102338514,3.9697281023978497,4.428444351206807,112.86300518134716,1.0312520533996432,3.7020125559128405,Healthy
1.7576069863180563,6.422078108699212,3.6382966465278597,2.486277943958813,4.207405098710311,0.2528751408505309,-0.9708770463110533,46.69858207228199,48.36227474052515,3.1555269541287885,6509.047,5436.969,B0039,36,44,1.7496058853847871,3.1250600535039856,3.967070165846117,4.43343627313421,112.68329533678757,1.0309648542052574,3.6990636724599537,Healthy
1.755701771900418,6.4128115026031605,3.6368192187368806,2.4621592876012923,4.206949746343375,0.2550308125969398,-0.9707953984260251,46.68478011498361,48.39407566049798,3.202164150887725,6502.438,5425.735,B0039,37,44,1.7477359172183355,3.1216725445123457,3.961345963187713,4.428934756963081,112.45046632124351,1.0305462033158146,3.6951101356257676,Healthy
1.7555966161533525,6.409534121278778,3.634846725471178,2.419307605326947,4.20717367641765,0.2586975689756345,-0.9707512160925147,46.691631182155156,48.40712816602448,3.186718377735943,6502.047,5411.453,B0039,38,44,1.7444225468099093,3.1214855755101123,3.959321446909026,4.428668439392659,112.15446632124353,1.0299872683444078,3.688104919071802,Healthy
1.751377175251049,6.396965745292885,3.635905813888798,2.498091152649448,4.206902271296153,0.25344893471171687,-0.9689523533406329,46.752413955353425,48.476824345274245,3.108556172248207,6498.86,5402.032,B0039,39,44,1.743308366083936,3.1139833259659566,3.951557662575847,4.426497712802042,111.95921243523317,1.030287376620929,3.685749288308079,Healthy
1.6716154815902393,5.818408321580789,3.4708414429615604,2.4729033909981424,4.196674813894532,0.23983630135073153,-1.897442497029331,49.300859599002976,52.90221489344579,7.749395767680419,3162.047,1331.719,B0039,40,44,1.6556691733888471,2.9721654539390685,3.5941690017733494,2.1537306255670314,27.60039378238342,0.9835139599260904,3.500460157372843,Healthy
1.658917124610453,5.778187109967554,3.4717307267626065,2.482404434239833,4.204257320385259,0.23958900827991936,-1.8762389619942326,49.34643167372232,53.04880173105535,7.860523527199078,3173.141,1336.641,B0039,41,44,1.64297669457593,2.9495875235760387,3.569323404145237,2.1612869609282837,27.702404145077722,0.9837659515676096,3.4736253783620246,Healthy
1.6504592286449162,5.746772048346486,3.470065952813119,2.4529055944220666,4.206474730273981,0.242287546642914,-1.8688554169399538,49.35236153077406,53.017440171542674,7.801565490720584,3169.844,1327.5,B0039,42,44,1.6343822729361266,2.9345492169327763,3.549917574504775,2.159041311236013,27.512953367875646,0.9832942133893178,3.4554548217017116,Healthy
1.6426557504197195,5.717077115986186,3.468937839466871,2.442965370421763,4.206865048530781,0.24304972443381195,-1.867958006398749,49.34646841409122,53.07430485716129,7.898768920351365,3156.563,1319.594,B0039,43,44,1.62650670621656,2.920674478000931,3.531574309560085,2.14999536839008,27.349098445595857,0.9829745458842915,3.438804087387351,Healthy
1.6349501913958453,5.688697643037925,3.468115577491925,2.450251182214539,4.206889463177472,0.2422693326645298,-1.8602935835155212,49.35565140520816,53.15177003577248,7.973123662127172,3155.047,1311.938,B0039,44,44,1.618865991735961,2.906973841349576,3.5140436351350917,2.148962791825481,27.190424870466323,0.9827415458627214,3.4226498839733597,Healthy
1.627688949199214,5.661187896960284,3.467077155738093,2.447037438010891,4.206575007421019,0.24265298586053005,-1.8593916153072554,49.368284273788476,53.01718592680281,7.751855956619245,3142.312,1293.515,B0039,45,44,1.6114968339209264,2.8940632088224225,3.4970502116532467,2.140288740011388,26.808601036269433,0.9824472937892781,3.407069812942549,Healthy
1.3695267333724226,4.280608604113708,3.2199500199575746,2.4740907394153795,4.189178895374635,0.29808334413337334,-3.2987153931778748,55.97390404609549,63.94078057196598,18.752755326134263,1485.047,79.188,B0039,46,44,1.3240805773461226,2.435045672885986,2.6442335950478295,1.011493884912667,1.64120207253886,0.9124201859795648,2.799406657227647,Healthy
1.373876729231973,4.304713824081248,3.22661988786129,2.442276380666166,4.204083091786472,0.301571122910671,-3.2988222829259044,55.95647115817562,64.14381595669508,18.929484450937366,1489.313,91.11,B0039,47,44,1.3153386221697692,2.4427800517314333,2.6591239618972846,1.0143995390185891,1.8882901554404146,0.9143101911272992,2.780924181208763,Healthy
0.679293436515724,2.001515030189878,3.2570770872838057,2.689034363728547,4.068028641979544,0.4174030288200671,-2.496194310605518,34.520854008155766,40.67740211970284,16.056573397135722,982.938,19.516,B0040,1,24,0.6734628137095633,0.8568133190987667,0.8348710942710108,0.6642806022559933,0.510422387864522,0.9493150852602323,0.856188507074404,Healthy
0.7974510267570057,2.419004338691924,3.435168668765134,2.69442244998024,4.181329419378459,0.411497706074207,-1.9461397110184737,34.02922924081149,41.121867004450536,15.121874206371515,1489.953,38.235,B0040,2,24,0.7913062105760345,1.0058490548047176,1.0090140562663972,1.0069270657692795,1.0,1.0012220620763894,1.0060054828268215,Healthy
0.7928138153013707,2.3973940934409192,3.4309758033508495,2.6769978869674524,4.182169713231169,0.4171314423116885,-1.9452201291903763,34.012090723638956,41.63283156392668,16.74554318498984,1479.703,38.437,B0040,3,24,0.7865824034601745,1.0,1.0,1.0,1.0052831175624428,1.0,1.0,Healthy
0.785806542636928,2.38108168744371,3.4348636528845424,2.675172001926867,4.1821186375364,0.41566455493657656,-1.9447435736678282,33.978388906178346,41.715752737182754,16.28507094832473,1468.172,38.672,B0040,4,24,0.7795871426061582,0.9911615154413282,0.9931957761797117,0.9922072199623844,1.0114293186870669,1.001133161455087,0.9911067666613896,Healthy
0.7690774003860347,2.33554024882324,3.445308801417867,2.69268420954805,4.181769825430115,0.4139545108172866,-1.9174672773069694,33.83721613724266,41.61695629052659,16.040157217420752,1457.0,38.922,B0040,5,24,0.7628241523125163,0.970060543273564,0.9741995507593406,0.9846570561795172,1.0179678305217732,1.004177528169397,0.9697955979651393,Healthy
0.7468911056173436,2.276108859300255,3.458759767508341,2.695919341909784,4.181957861733809,0.41104104570588373,-1.88809363687247,33.67935609685469,40.41568117134027,14.646143291776259,1437.047,39.094,B0040,6,24,0.7405021514606399,0.942076299885654,0.949409554952817,0.9711725934190848,1.0224663266640512,1.0080979772956593,0.9414171334156121,Healthy
0.7844875224049834,2.3866987088280673,3.344897364124835,2.6973035934049494,4.177687640263026,0.4011230446747891,-2.4160677054793758,34.856675647434145,41.6427020562054,16.231106193660164,1170.531,39.422,B0040,7,24,0.7783970881100656,0.9894977954020362,0.995538745739754,0.791058070437108,1.031044854191186,0.9749113826037635,0.9895938234645197,Healthy
0.7797074104103995,2.3707546801999975,3.435394313904374,2.680482862570943,4.181217465945281,0.4126017213316854,-1.9695300241186462,33.93437846177736,41.666127528934624,16.34860131639908,1436.141,39.531000000000006,B0040,8,24,0.7733165409025605,0.983468495833427,0.9888881793302965,0.97056030838621,1.0338956453511183,1.0012878291211524,0.983134808890642,Healthy
0.7652293107276561,2.3280904479066633,3.4407328862516335,2.686758150797836,4.182275640250018,0.4132604456693385,-1.9553056005388323,33.87341008861747,41.55823578501682,16.131726903428127,1420.172,39.422,B0040,9,24,0.7589575236409498,0.9652068316150255,0.9710920929838506,0.95976827782332,1.031044854191186,1.0028438215423305,0.964879865481731,Healthy
0.7470863157351614,2.268188931270226,3.4424940628831777,2.674688015022009,4.181827468882669,0.4195143414586435,-1.9401168646905238,33.801632457231946,41.25451200429936,15.138624778693494,1397.0,39.704,B0040,10,24,0.7407399462256391,0.9423225243005798,0.9461059979566195,0.9441083785056866,1.038420295540735,1.0033571380833053,0.9417194472786646,Healthy
0.7509537632743848,2.2880650150896598,3.4441875855764166,2.686289969564933,4.181567286734688,0.41277321284502455,-1.954173143017623,33.841214598826475,40.05463707446548,14.367341146339701,1393.25,39.797,B0040,11,24,0.7446218752617147,0.9472006526386353,0.9543967015475782,0.9415740861510722,1.0408526219432457,1.0038507360537676,0.9466546314615284,Healthy
0.7214359932337888,2.1958210982558013,3.458256040593686,2.6945279873006065,4.181983804533861,0.4185196311756819,-1.8954416195145705,33.68915739169769,40.76452850374992,14.684614077399882,1380.938,40.0,B0040,12,24,0.7149875629820736,0.9099689981557029,0.9159199583678771,0.9332534974924023,1.0461618935530272,1.0079511599050608,0.9089798600081118,Healthy
1.7091546688506147,6.228658272497557,3.624872673514505,2.682915069119874,4.175387518911088,0.2354928412276352,-0.9641877110703866,44.27504698193625,47.45925542600303,17.051316665984054,6375.828,5249.047,B0040,13,44,1.7075144448533202,2.155808382578345,2.5980952775093065,4.308856574596389,137.28382372172092,1.0565136221521256,2.170801733349192,Healthy
1.732617000541524,6.328484513101896,3.6219123150772736,2.6893633842231077,4.183371957728605,0.24996331629237986,-0.9482972559679383,46.496780020843715,47.733284854985534,2.4834494830833336,6574.671,5337.843,B0040,14,44,1.730880859428193,2.1854021298593387,2.6397347563406988,4.443236919841347,139.6061985092193,1.0556507893585103,2.20050798468673,Healthy
1.7345627064371005,6.3348916809602205,3.621615017492515,2.663011590614207,4.185403574589526,0.2523876558111148,-0.9497815137936721,46.4678468881245,47.68533526444168,2.4578189539628426,6571.156000000003,5339.858999999997,B0040,15,44,1.7328212845233328,2.187856307445582,2.6424073114603823,4.440861443140957,139.6589250686543,1.055564138329241,2.2029748909976314,Healthy
1.733550595745852,6.332478608388346,3.622864388629409,2.6936866986118786,4.185139783184118,0.2488331391182519,-0.9494868615948265,46.45190241544343,47.67231335727975,2.4804367135098886,6569.11,5340.266,B0040,16,44,1.7317734323431513,2.186579701675457,2.6414007716601566,4.439478733232277,139.66956976592127,1.0559282828783438,2.201642732821232,Healthy
1.7358766455588992,6.338249731571718,3.6220494199910203,2.644136217828117,4.185518450705473,0.2524948894066732,-0.9521447667439508,46.440231939332925,47.70025798751115,2.528602753191514,6558.75,5345.219,B0040,17,44,1.7341296392350067,2.18951361852725,2.643808020096766,4.432477328220596,139.79911076239048,1.0556907502680606,2.2046382319342177,Healthy
1.7352254167403858,6.337086481912546,3.622162963654601,2.6743889241293517,4.185427919430507,0.2505161032055829,-0.9505422244648805,46.465222077063906,47.70250785089967,2.505070489234839,6567.516,5346.844,B0040,18,44,1.7334756929990074,2.188692203958098,2.6433228058959157,4.438401490028742,139.84161108931607,1.0557238439621257,2.2038068552938017,Healthy
1.7260046018927242,6.298407609164602,3.629361907913309,2.6812131139529,4.176190564871368,0.23694681732612544,-0.9652916551188272,46.49072067213048,47.77567590438216,2.57655837454017,6430.172,5311.063,B0040,19,44,1.7243057179457877,2.1770617118177,2.627189091020349,4.345582863588166,138.90579312148554,1.0578220646058496,2.1921488586072737,Healthy
1.7336561680886882,6.331451738603733,3.6234871903936696,2.6999262584848243,4.182711714289401,0.24637551785655715,-0.9515172757333833,46.47888431603475,47.68448077336878,2.4745994452455236,6554.327999999994,5343.468999999997,B0040,20,44,1.7318975861687205,2.1867128632586668,2.640972444174316,4.429488890676031,139.75334117954748,1.0561098060950487,2.20180057238772,Healthy
1.735142199751928,6.335978016664867,3.6222932883799372,2.67095044814488,4.185107481198763,0.2500341100613357,-0.9513915692974558,46.45480276183313,47.66868390973605,2.4575778014368765,6560.922,5333.984,B0040,21,44,1.7333691208377455,2.188587239858266,2.6428604433453815,4.433945190352388,139.5052700405388,1.0557618287025627,2.2036713676948,Healthy
1.7339444915645532,6.3314136799864595,3.622128684193048,2.677767553221005,4.185322736341408,0.24948188342702446,-0.9510427335186784,46.423098338329766,47.63553822379171,2.4693652949951996,6559.047,5337.453,B0040,22,44,1.732175650153278,2.187076534363156,2.640956569180139,4.432678044175081,139.59599843075716,1.0557138527924066,2.2021540814203835,Healthy
1.7352639719982939,6.334289252185076,3.6212784001178204,2.6464594317551624,4.185286474015191,0.2518978512211561,-0.9524743606309494,46.417883981463206,47.64097688926351,2.4933345596458025,6553.781,5327.953,B0040,23,44,1.7334832776102866,2.188740834868867,2.6421560266270743,4.429119221897908,139.34753498103834,1.0554660270646947,2.2038164977816654,Healthy
1.7341488544463668,6.329943425977526,3.6222214851987244,2.654408689336339,4.185544800435261,0.24996249215628244,-0.95386146065853,46.41962937983975,47.67660695857828,2.5280027268338614,6540.187,5318.453,B0040,24,44,1.732372495746513,2.1873343034356285,2.64034329745608,4.419932243159607,139.09907153131948,1.0557409007842886,2.2024043356752068,Healthy
1.7356331913462544,6.333230220928118,3.621600293236707,2.6386466599890395,4.182805883908282,0.2501906623881697,-0.9551274962002001,46.437216774742105,47.670062907549664,2.4976853995428954,6535.922,5319.375,B0040,25,44,1.7338175297202416,2.189206542379047,2.6417142839616297,4.417049907988292,139.12318556296586,1.0555598467642018,2.2042414400489783,Healthy
1.7347511923731702,6.330975768433633,3.621303558836112,2.650918288963567,4.184959782592119,0.25045255199959626,-0.9535557918067024,46.44051551612336,47.67504818462313,2.4910333551654276,6544.078,5312.0,B0040,26,44,1.7329630786357868,2.1880940504470683,2.640773907700316,4.422561824906755,138.93029946384203,1.055473359881868,2.2031551570598142,Healthy
1.7336680556219441,6.326262695702229,3.6217314334668362,2.6471595195723987,4.184990348881109,0.24988041087949223,-0.9547864424869567,46.438246093452804,47.66226480407664,2.471333688651079,6531.187,5304.531,B0040,27,44,1.731883908457334,2.186727857363243,2.638807992816193,4.413849941508532,138.73495488426835,1.055598069193518,2.2017831836038795,Healthy
1.7324873655244233,6.322636162120549,3.6224802575418096,2.669669356026842,4.1849433685502655,0.24763446207057382,-0.9544935502891163,46.419799968945064,47.65776484346084,2.488300256723228,6528.562,5307.484,B0040,28,44,1.7306960059812662,2.1852386172986358,2.637295294677993,4.412075936860302,138.8121877860599,1.0558163231591222,2.20027297631874,Healthy
1.7314396615222212,6.318947593549195,3.6227913336348077,2.6833023579431665,4.184970988659253,0.24627731741110095,-0.95437046004151,46.41925960985013,47.65588226485245,2.4926933454527003,6525.187,5298.656,B0040,29,44,1.7296011601947467,2.1839171166108557,2.6357567205314036,4.409795073741149,138.58129985615275,1.0559069901036966,2.198881074107728,Healthy
1.7313970198765603,6.31632997647544,3.6219039988656228,2.664835318499988,4.182014111969684,0.2466946149091764,-0.9556526843949636,46.442880190211326,47.68924379895171,2.4782960678980217,6515.938,5296.031,B0040,30,44,1.7296187381064656,2.1838633314158478,2.6346648612159425,4.403544495077728,138.5126454818883,1.0556483654965751,2.1989034213044634,Healthy
1.7325090494713251,6.323244492334343,3.6231487093600996,2.695190974478952,4.185325352263018,0.24521145917839676,-0.9540072055241993,46.45501075115101,47.68013294716548,2.327512934233944,6532.015,5306.156,B0040,31,44,1.7307198617163877,2.1852659679154933,2.6375490411168694,4.4144095132604315,138.77745521119394,1.0560111516442539,2.200303304654356,Healthy
1.7311175801447178,6.315442390363793,3.620727454558004,2.659441128426158,4.18476201200528,0.24904935854019675,-0.9537643838011659,46.42899601057107,47.69683888709109,2.553373222639067,6527.922,5285.454,B0040,32,44,1.729274556175907,2.1835108656458915,2.634294631676262,4.411643417631781,138.23601412318556,1.0553054472205354,2.19846585503163,Healthy
1.7316531118424614,6.316431176587514,3.620851281939705,2.645724055946119,4.184831315830137,0.2495321369492057,-0.9552956614335978,46.4460831551733,47.68346890250753,2.5166278583295494,6519.328,5283.922,B0040,33,44,1.7297962212599596,2.184186347943762,2.6347070737634546,4.405835495366301,138.19594612266246,1.0553415382304399,2.1991290596517152,Healthy
1.7287805820348463,6.3072145156682,3.6223530356435982,2.686333486141192,4.184646274630554,0.24530785882592343,-0.9549687460528705,46.477279245422224,47.72656082449746,2.53408163649857,6510.063,5282.391,B0040,34,44,1.7268942069037494,2.1805631393767886,2.630862624098491,4.399574103722166,138.15590427618673,1.055779242775726,2.1954396631645268,Healthy
1.7290942044535258,6.306163340988186,3.621799074855713,2.67226557137279,4.182435522794885,0.24522264220169515,-0.9564508369268612,46.50566493668475,47.7336433887077,2.502608685533417,6501.718,5268.937,B0040,35,44,1.7272191689306016,2.1809587208016157,2.6304241585650647,4.3939344584690305,137.80402772329018,1.0556177841063457,2.1958527947390736,Healthy
1.7304076650482496,6.310500528142103,3.620827200366945,2.6426430588133014,4.184925895802646,0.24891994748388524,-0.9560639609053613,46.489529302216496,47.73354479118836,2.5099628449052176,6509.047,5270.563,B0040,36,44,1.7285674981160106,2.1826154283026376,2.6322332842176985,4.398887479446889,137.84655420426313,1.05533451936055,2.19756695612824,Healthy
1.728454853439184,6.30285418252865,3.6206286090197306,2.6490836320353925,4.184718733685154,0.24830667559197095,-0.9559267781293634,46.47422502580763,47.74132595782936,2.567655551800108,6502.438,5269.61,B0040,37,44,1.726636381605547,2.180152288065452,2.6290438438022186,4.394421042601117,137.8216293971492,1.0552766374754545,2.1951118840315735,Healthy
1.7280045135592355,6.30105329775633,3.620461858040284,2.65252579490315,4.184688819147048,0.24802704675497864,-0.955732355842102,46.467598009037445,47.73740327080965,2.5428117777647685,6502.047,5254.562,B0040,38,44,1.7262424141835069,2.1795842607792757,2.628292659515394,4.394156800384942,137.42806329279455,1.0552280358562638,2.1946110243373993,Healthy
1.7271777350217115,6.298030806874887,3.6207850957418692,2.6675427612038987,4.184286661063821,0.24655337398337557,-0.9557348422192878,46.50711933936233,47.780084445812335,2.575948377156273,6498.86,5256.219,B0040,39,44,1.72527259276029,2.1785414200497537,2.6270319194102467,4.392002989789167,137.471400549235,1.055322247450898,2.193378068427185,Healthy
1.6702378463854632,5.79099395200306,3.4599911073457075,2.6781395492001447,4.176406009176324,0.21638867675842477,-1.8959184882594955,48.821116047310866,51.74025766413764,6.565121844665235,3162.047,1252.625,B0040,40,44,1.666802687745505,2.1067214195183506,2.415536923131145,2.1369470765417113,32.76121354779652,1.0084568664012497,2.119043955742263,Healthy
1.6702177596022294,5.791068894374514,3.459413541721385,2.637555628457468,4.182388453906596,0.220618527580399,-1.888918960223662,48.86273917281783,51.80596353207629,6.616845823030715,3173.141,1256.781,B0040,41,44,1.666754853762041,2.106696083452245,2.4155681830611084,2.1444445270436026,32.86990976853668,1.0082885278126306,2.118983143317203,Healthy
1.6617810459262161,5.763087848578368,3.4606411813742883,2.654677503869026,4.184674961031428,0.21893792516908636,-1.8816448898300142,48.859668212563015,51.79140734732303,6.558710671441943,3169.844,1259.344,B0040,42,44,1.6583274448761054,2.096054601791376,2.403896741193165,2.142216377205426,32.93694259186609,1.0086463384540534,2.10826918779409,Healthy
1.6537736161119887,5.73575353308696,3.4619795504624093,2.6785586854358763,4.184986819959415,0.21643459851727873,-1.8804793058771856,48.84759659003841,51.7543308845732,6.561775023331357,3156.563,1251.344,B0040,43,44,1.65032263550715,2.0859545888253006,2.392495063193627,2.1332409274023236,32.72771021315549,1.009036422548151,2.098092492595034,Healthy
1.652821609498233,5.727446586806991,3.4582381856512225,2.619691419158041,4.184706989313181,0.2216032586723296,-1.8804459095886619,48.86015453747502,51.86320043661648,6.6772989481595175,3155.047,1243.469,B0040,44,44,1.6493406341242296,2.084753794142638,2.389030073310363,2.1322163974797648,32.52174709036223,1.0079459558629784,2.0968440520265688,Healthy
1.6454131580250815,5.70353693701332,3.460434749861773,2.6631019561941023,4.184343189730703,0.217371637609195,-1.8794616528353505,48.85593683732135,51.81917888349145,6.629670746227525,3142.312,1236.234,B0040,45,44,1.641919055037739,2.0754092906410992,2.3790568904035205,2.123609940643494,32.33252255786583,1.008586171456573,2.0874088306767864,Healthy
0.4318146547884444,1.3828575705108963,3.7482973521924325,1.7489828090032309,4.168100705327105,0.37082357459741533,-1.045884107237702,49.04132294442338,53.95646661253941,8.758745160757478,1485.047,44.813,B0040,46,44,0.425812451177779,0.5446608604118478,0.5768169590032299,1.0036115355581492,1.1720413233947955,1.0924872593189587,0.5413449999702903,Critical
0.56420865330658,1.7915925233152104,3.653849277043623,2.535468112391112,4.1824060069381375,0.3648201736216184,-1.3616845329264926,50.17313973556242,55.67880428959517,10.457401728962644,1489.313,33.235,B0040,47,44,0.5569902643736575,0.7116534076693762,0.7473083078901653,1.0064945465407587,0.8692297633058715,1.0649592088277349,0.7081143207926575,Critical
1.331088331131393,4.384518149540751,3.3112454225976364,1.9984945380049617,4.146039771927649,0.35129680333436036,-0.8543609566361372,9.154846882609299,14.806765885071044,9.531063838352782,5608.781,1361.046,B0041,43,4,1.2156494086360898,1.053355222276023,1.045625916386697,0.989546459864729,0.9462386373511775,0.9872008383841884,1.0592587220954217,Healthy
1.2636651938320125,4.193199576280637,3.3541760641303275,1.9980483774045472,4.165360918422926,0.35383185408590545,-0.7981740885950973,8.881539906101905,13.99744937533934,9.217413435411395,5703.296,1438.375,B0041,44,4,1.1476416320946563,1.0,1.0,1.0062215597935933,1.0,1.0,1.0,Healthy
1.2289692978277633,4.074211431969739,3.357060662805854,1.969259944196061,4.187489255858448,0.3599836632033733,-0.7810567570267977,8.750669611128531,14.356275659290002,8.316481991825004,5668.032,1504.125,B0041,45,4,1.1194574527298191,0.9725434425403178,0.9716235437530878,1.0,1.045711306161467,1.0008600021645775,0.975441654801773,Healthy
1.1904448095056157,3.936796096119922,3.360601023233454,1.9711826686049976,4.186438859109176,0.3611521045888347,-0.7613195099194562,8.86215516188506,14.518586105925962,8.107117601822214,5634.047,1458.812,B0041,46,4,1.0841325641850128,0.9420571329464579,0.9388525455332263,0.9940040917200185,1.0142083948900669,1.0019155103907142,0.9446612373291758,Healthy
1.1503878244740338,3.8068538769216254,3.376453566741124,1.992456853950006,4.186571406423036,0.35098177706569683,-0.7425489892830268,8.671218071184747,12.628628797798616,8.225863041434422,5582.375,1326.375,B0041,47,4,1.0607784232892656,0.9103580838414408,0.9078637464468838,0.9848876999988708,0.9221343530025202,1.0066417213005103,0.9243115565206106,Healthy
1.1308797460325146,3.7214815888367,3.3670420302190878,1.9860813942080051,4.187026822244992,0.3688491785704867,-0.7321893718076324,8.757399436040695,14.249076739876308,7.842230833923828,5567.329,1304.188,B0041,48,4,1.0170312865626592,0.894920388368986,0.8875040458097273,0.9822331631155222,0.9067093073781177,1.0038358052298892,0.8861923950130588,Healthy
1.104059468455568,3.6200993933953827,3.364330094542419,1.9641170559105663,4.163770340966965,0.3625369589729324,-0.7199523659573055,8.639658664137915,13.400963787224589,8.920630296425049,5528.453,1246.656,B0041,49,4,1.0000374999808574,0.8736961925077269,0.8633262804548898,0.9753743450989691,0.8667113930650908,1.0030272800884483,0.8713848225910085,Healthy
1.0886619611221318,3.5769581938830024,3.3751162200711295,1.9738816345942325,4.187200947787786,0.3613564717174218,-0.7118463228821923,8.65548107609068,13.143596987494345,7.943016237886216,5513.39,1162.109,B0041,50,4,0.991506494786248,0.8615113927612498,0.8530379078822096,0.97271680893827,0.8079318675588771,1.0062430103669084,0.8639513128994518,Healthy
1.0782684580553115,3.522990431814147,3.3621759630641312,1.96202217374659,4.186784389157799,0.37643041233978536,-0.7087128423143153,8.759984675272241,14.777209247015293,10.566481129819028,5486.187,1214.844,B0041,51,4,0.9655644425371016,0.8532865060447752,0.8401676017860888,0.967917435893093,0.8445947684018424,1.0023850563538852,0.8413466499771096,Degrading
1.057349582486648,3.4521694506705534,3.368210631607209,1.9654140118768375,4.186125026049552,0.38080971669540536,-0.6979025722864981,8.830297151200996,14.304402604245366,7.555362749008591,5461.922,1131.969,B0041,52,4,0.9383311962439672,0.8367323778858536,0.8232781168342632,0.9636364085453292,0.7869776657686626,1.0041842071520835,0.8176169023524711,Degrading
1.0455176510266047,3.4129271489794517,3.370853913355754,1.986312676889039,4.186746028379296,0.37787517277057275,-0.6933558264284685,8.799768115250679,14.331273599738246,7.6647837247130175,5438.157,1121.047,B0041,53,4,0.9298903389240268,0.8273691925122315,0.8139195587744272,0.9594435952372887,0.7793843747284261,1.0049722640990078,0.8102619432050461,Degrading
1.033913281606076,3.3540071067138877,3.3581793261108124,1.9630747982406385,4.163158535852763,0.3860602961317498,-0.6902880247189804,8.745105198865453,14.563719307573445,10.259799417097925,5402.875,1098.344,B0041,54,4,0.9072117399448598,0.8181860880972568,0.7998682260883199,0.9532188597382654,0.7636005909446424,1.001193515755865,0.7905008972958154,Degrading
1.02358848262851,3.3394421275844746,3.37598164284238,1.9779431503032716,4.186772472927074,0.37956373831371254,-0.6857268851295145,8.946917298516645,13.829855263617011,7.125835809077542,5384.438,1039.375,B0041,55,4,0.9176870676937324,0.8100155702829166,0.7963947498407781,0.9499660552375145,0.7226036325714782,1.0065010238863852,0.7996285966192995,Degrading
1.0149802743766907,3.3092594408299343,3.3752161891444517,1.9639398858129091,4.186831658425379,0.37957055919868077,-0.6851603503311268,9.040543925569377,13.737164003906685,7.024317689641257,5344.859,990.25,B0041,56,4,0.9157430721963028,0.803203474568137,0.7891967412066857,0.9429832082811107,0.6884505083861997,1.006272814727625,0.797934691969046,Degrading
1.0030611646167635,3.271197786650926,3.378276210248986,1.9702983324374248,4.186655518987532,0.37575615367317705,-0.6819162824683658,8.532733645586704,12.81091218035467,6.453410959633129,5305.156,955.078,B0041,57,4,0.9111662690050432,0.7937713007470135,0.780119745588755,0.9359784842428553,0.6639979143130268,1.007185116600284,0.7939466846823932,Degrading
1.0105852938370576,3.2774582112420183,3.3576825497066554,1.9730383300739127,4.18742749688236,0.3867764578035651,-0.6894186362655551,8.782675041661408,14.671197747849568,9.328410226441623,5284.547,1023.0,B0041,58,4,0.8968901443572698,0.7997255117651056,0.7816127402524254,0.9323424779535471,0.7112192578430521,1.0010454089198912,0.7815071528211127,Degrading
0.9860159207332594,3.2014365568999152,3.372443445163586,1.9838761544280687,4.162787419492519,0.3789605489160837,-0.6747860827784834,8.560357801003482,13.038382746716444,6.580229933934458,5267.843,884.968,B0041,59,4,0.8862133472800153,0.7802825665738302,0.7634829916060388,0.9293954233144767,0.6152554097505866,1.005446160453117,0.7722039027658081,Degrading
1.0001107471204438,3.247396916126846,3.3616482008091766,1.9788346452939312,4.187165554713402,0.3814475557425367,-0.6895848665473618,8.764133478033603,13.71449439237538,8.117643317767424,5229.688,975.0,B0041,60,4,0.8931124136187014,0.7914364912494339,0.7744436812633858,0.9226638099432043,0.6778482662727036,1.0022277115261649,0.7782154190316428,Degrading
0.9953909200887698,3.224735762306093,3.355787384613788,1.981400280220432,4.187045396695641,0.3876066346895403,-0.6897175362541831,8.765404824218605,14.575589138075149,9.30236445355954,5206.954,1016.188,B0041,61,4,0.880898507091054,0.7877014615479659,0.769039418144373,0.9186528939850727,0.7064833579560268,1.000480392338581,0.7675728053567147,Degrading
0.9765446513231778,3.1749241602989784,3.3727607964555295,1.9709138772975625,4.186293612544601,0.3829437868238819,-0.6799724655286791,8.755093905294753,13.067203225526349,6.788081705328182,5179.062,915.422,B0041,62,4,0.8798879382023741,0.7727874884025622,0.7571602788139009,0.9137319619931573,0.6364279134439906,1.0055407742378069,0.7666922439859709,Degrading
0.9869893338383235,3.1920785216885723,3.3509928631825083,1.963309434324626,4.187093036345873,0.3921388795934503,-0.6917951426190971,8.893802155578395,14.838581695723231,9.799582716064517,5144.109,1009.0,B0041,63,4,0.8682347537115443,0.7810528759166969,0.7612512745028802,0.9075652713322719,0.7014860519683671,0.9990509738049054,0.7565382166616392,Degrading
0.9708085462501878,3.1311622458186856,3.3532732844068915,1.969632856814267,4.16227646506248,0.39535813865030583,-0.6809063812932633,8.81827276383748,14.14400886283852,7.277846586344979,5142.891,919.906,B0041,64,4,0.8443569490395516,0.7682482282401487,0.7467238772822787,0.9073503819315063,0.639545320239854,0.9997308490352995,0.7357322402973875,Critical
0.9705266410650273,3.145606965587195,3.3628002392609977,1.9745500537070804,4.186536627382842,0.38870944573543315,-0.68532451408367,8.817889726396931,13.627764711730384,6.965111014307868,5109.734,923.187,B0041,65,4,0.8657093203148538,0.7680251428955999,0.7501686739120927,0.9015005561013064,0.6418263665594856,1.0025711754439182,0.7543376748495745,Degrading
0.9681507944718792,3.1325812791509877,3.3571560938046225,1.9757714925691647,4.186463574636571,0.39499586728134434,-0.6877787777947552,8.813349159884925,13.996072333026769,7.32204578266932,5078.937,938.453,B0041,66,4,0.848696904019178,0.7661450194224326,0.7470622903023336,0.8960671005385996,0.6524397323368384,1.0008884535627582,0.7395138693863437,Critical
0.963684312205301,3.112424668112503,3.353212474513757,1.9845398354520496,4.186593388980786,0.3981093500274253,-0.6879305049076954,8.798028132789177,14.227945473001952,7.347090981900956,5051.672,953.594,B0041,67,4,0.8364948433646345,0.7626104738098928,0.7422553139894237,0.891256788952497,0.6629661944903102,0.9997127194285131,0.7288815776383767,Critical
1.7691375598388994,6.163604196985137,3.4614155612128847,2.129158438168119,4.186140431282269,0.27088387297605054,-1.8939211913974323,30.57466734048236,36.71744985096319,13.800678858048059,3360.922,1633.344,B0042,1,22,1.7287126633755356,1.0074234886903428,1.0022279162738705,1.0217413113492224,0.9745489260143199,0.993164562571787,1.0,Healthy
1.7561011627183618,6.1499027286133385,3.4852386922159138,2.1712317301519577,4.187001880186287,0.2518000459578476,-1.919584179064593,29.95773352180402,35.70113647811508,13.158566499030258,3289.406,1683.656,B0042,2,22,1.7314706281853145,1.0,1.0,1.0,1.0045680190930788,1.0,1.0015953864793201,Healthy
1.7529922305844532,6.136797617571168,3.488650146996854,2.095290280372333,4.187021318592124,0.2551536628914204,-1.9414451091961449,29.657371849977196,35.604456217007545,13.351153667737414,3244.797,1676.0,B0042,3,22,1.7282350363146088,0.9982296394991869,0.9978690539313415,0.9864385849603242,1.0,1.000978829595964,0.9997237093988806,Healthy
1.7453169857390443,6.1144289502066345,3.4946031502677606,2.1366970037230573,4.186893543931745,0.2470970427706139,-1.952411218384564,29.58111945436258,35.76285352997919,13.617093467639908,3211.438,1664.797,B0042,4,22,1.720344742291621,0.9938590229263192,0.9942318147177097,0.9762972402920163,0.993315632458234,1.0026868914524454,0.9951594494208336,Healthy
1.741729885974948,6.110911446420438,3.5041466859903747,2.168073033459323,4.187506351946306,0.241284878242549,-1.9696086717857546,29.852452033753185,36.007677297437105,13.505741629871544,3175.594,1686.234,B0042,5,22,1.7221734367707635,0.991816373083446,0.9936598538361449,0.9654004400794551,1.0061062052505967,1.0054251646570695,0.9962172854151462,Healthy
1.7340009156493725,6.085130257841392,3.511927235956774,2.139145470034486,4.186160728297307,0.2399055527624708,-1.9934476128094072,30.133153080135422,36.26317829568585,13.127569273387259,3121.672,1685.531,B0042,7,22,1.708669577331945,0.9874151628971197,0.9894677243478043,0.949007814784797,1.005686754176611,1.0076575942418142,0.988405773574624,Healthy
1.729359799153285,6.061077974382686,3.509889497883845,2.0578186631112567,4.185572306171051,0.2431706000487685,-1.9997503053848376,29.740453708978055,35.7623078299739,13.094915426616566,3102.937,1667.953,B0042,8,22,1.7036476485918646,0.9847723103128737,0.9855567220897036,0.9433122575930122,0.9951986873508353,1.0070729174799384,0.9855007629002217,Healthy
1.7217690575402256,6.031565809290771,3.508503301766948,2.0659696365057045,4.185230831091511,0.24100609851613058,-1.999585705561481,29.503354124651093,35.6522927277619,13.2548558617031,3089.437,1646.047,B0042,9,22,1.6958375743577971,0.9804498135375118,0.9807579201583161,0.9392081731473707,0.9821282816229117,1.006675183999017,0.9809829072730076,Healthy
1.7152121713579103,6.009861457299987,3.5093738486555153,2.128700063525188,4.185842765241663,0.23562626410718956,-1.999480712152978,29.324509292718897,35.46408341742395,13.302863165221694,3077.75,1635.781,B0042,10,22,1.6949064846676911,0.9767160387860815,0.9772287014131478,0.935655252042466,0.9760029832935561,1.0069249651375403,0.9804443043519832,Healthy
1.7136405297323856,5.995955148361114,3.5046118772654107,2.0313187007109774,4.181929749098425,0.2437213805837239,-1.9994501505976243,29.22569193760115,35.57686579319408,13.600058904315532,3074.875,1614.687,B0042,11,22,1.6874768094352457,0.9758210780293265,0.9749674772031823,0.934781234058672,0.9634170644391408,1.0055586393817921,0.976146496283673,Healthy
1.7065311474225338,5.979494292322022,3.5095049490219234,2.1649043558777703,4.185220171197086,0.23299583601284893,-1.9994421818851504,29.238210532728655,35.388257294125744,13.347642791714136,3061.891,1613.547,B0042,12,22,1.685989172917945,0.9717726880727668,0.972290872911133,0.9308340168407305,0.9627368735083532,1.006962581030736,0.9752859504284723,Healthy
1.7046704921102485,5.965034137173277,3.5050079933642877,2.0349571700229223,4.185080917700821,0.24449715559821905,-1.999407899212143,29.20609205353922,35.480764002425865,13.476090662878583,3058.469,1601.985,B0042,13,22,1.6782864747774933,0.9707131504152636,0.969939590982483,0.9297937074353242,0.9558383054892601,1.005672294753449,0.9708302081274868,Healthy
1.6946245339980988,5.935142490132855,3.508074728787427,2.181544114739576,4.184485186999273,0.2327124010323412,-1.9990854937416902,29.183920322474094,35.44318242068533,13.447888966395041,3040.75,1598.39,B0042,14,22,1.6739647640901527,0.9649925471120923,0.9650790836932625,0.9244070205988558,0.9536933174224345,1.0065522159565474,0.9683302491817926,Healthy
1.6930315074517064,5.925378884833018,3.505745200469688,2.113769860085841,4.184791585601031,0.23844130712494918,-1.9991858462433614,29.153714127894734,35.53526888191109,13.598072571573063,3037.641,1586.766,B0042,15,22,1.6722378801237066,0.9640854088559303,0.9634914804854245,0.9234618651513374,0.9467577565632459,1.00588381745548,0.9673313070192042,Healthy
1.696885786709131,5.937061067532413,3.5048985290607786,2.098421577709346,4.184774909668599,0.23964775920854997,-1.9989914019015806,29.10632507144163,35.63389752973798,13.801171843135208,3044.828,1584.875,B0042,16,22,1.675989790049197,0.9662802022649035,0.9653910524323177,0.9256467581076948,0.9456294749403341,1.005640886774491,0.9695016560916546,Healthy
1.6887802627292756,5.903979264451948,3.5020910209596536,2.037616415551784,4.183886479555269,0.24538474639848673,-1.9988805936646044,29.126742424015156,35.59922975777694,13.704325042608595,3030.25,1562.328,B0042,17,22,1.6618247672847988,0.9616645661318983,0.9600118123792113,0.9212149549189125,0.9321766109785202,1.0048353442136915,0.9613076843203487,Healthy
1.6817765101487065,5.885512058646028,3.5056874475759354,2.187174985653482,4.185135902762495,0.2340863208377475,-1.9989238411502075,29.11535255703125,35.43687423276839,13.524415046313752,3017.578,1566.531,B0042,18,22,1.6606710352566112,0.9576763263144794,0.957008967192734,0.9173625876526036,0.9346843675417661,1.0058672467414336,0.9606402905697097,Healthy
1.6802889256376607,5.873546613661923,3.501789524982507,2.072733153164181,4.1851821245426,0.24345294574465332,-1.9987415414363179,29.12272547212756,35.61618852753751,13.735572261079803,3015.0,1555.281,B0042,19,22,1.6530644874507203,0.9568292313164082,0.9550633356092565,0.9165788595266137,0.9279719570405728,1.0047488376631302,0.9562401678847527,Healthy
1.67167022997376,5.8446386803212915,3.5025833976800564,2.153538168709435,4.1837159565353605,0.2379143615969756,-1.9984049924032652,29.13774561916092,35.607533152172905,13.687383762945231,2999.454,1543.219,B0042,20,22,1.649953986270456,0.9519213730182225,0.9503627842970979,0.911852778282766,0.9207750596658711,1.0049766191058538,0.954440851407143,Healthy
1.7025988232518565,5.955003672007765,3.5037983873679237,2.0832977472531726,4.180907860399083,0.24150610209260048,-1.9987909313311893,29.35747712988229,35.78017086282214,13.719795462832078,3054.859,1580.109,B0042,21,22,1.681297805444492,0.9695334525126752,0.9683085952402504,0.9286962448539341,0.9427857995226729,1.0053252292858628,0.972572157920993,Healthy
1.6915468307785604,5.931153541667863,3.5125233950658132,2.199482829433638,4.1839131722082135,0.23357809302433138,-1.9987942581899858,30.058298726634376,36.29735151754127,13.394871120212631,3034.875,1607.406,B0042,22,22,1.6700520424481298,0.9632399697066003,0.9644304639278743,0.9226209838493638,0.9590727923627684,1.0078286468329525,0.9660668761384189,Healthy
1.6888152971009822,5.915810579893621,3.509324438333478,2.053610599291471,4.186499199755687,0.2464666052042417,-1.9986644728662533,30.335552136245834,36.77407258413331,13.518491102647118,3030.0,1604.969,B0042,23,22,1.667181860354792,0.9616845162193138,0.9619356339360345,0.9211389533551042,0.9576187350835322,1.0069107881108281,0.9644065758732879,Healthy
1.678570763631746,5.8764057142798976,3.507216525411572,2.0842633816547624,4.185720302344454,0.24434168148465005,-1.9984721935924135,30.22790176989086,36.6898808416456,13.557327440355674,3011.781,1569.625,B0042,24,22,1.6568865613275168,0.9558508355141668,0.9555282373717953,0.9156002633910195,0.9365304295942721,1.0063059764729299,0.9584511043565973,Healthy
1.6666889519704757,5.832005305253309,3.5055185795629873,2.1599889328107214,4.183888714545253,0.23932643032427858,-1.9985308662699577,30.04068826163031,36.474588298798025,13.541013229800896,2990.25,1553.797,B0042,25,22,1.6449819446579936,0.9490848177507722,0.9483085444781161,0.9090547047096041,0.9270865155131265,1.0058187943891383,0.951564698696632,Healthy
1.6610682522838407,5.809841911476436,3.5041328171645443,2.1678081694534352,4.18402917199016,0.23919937353889456,-1.9984054053915887,29.995148407588697,36.53730084509967,13.78163143342185,2980.234,1538.765,B0042,26,22,1.639214585000014,0.9458841481048764,0.9447046836115441,0.9060097780571933,0.9181175417661098,1.0054211853526214,0.948228482227483,Healthy
1.669189617928083,5.832249379211339,3.500597395262485,2.0092759412003707,4.1826825462923845,0.2531189225298718,-1.9983882415644911,30.299545316589416,36.91332213005366,13.820663105172418,2994.844,1546.109,B0042,27,22,1.6410599890208055,0.9505088051671557,0.9483482319282759,0.9104513094461432,0.9224994033412888,1.004406786565544,0.9492959841090208,Healthy
1.6652750261526241,5.82451094173716,3.5042529973432037,2.0586265993400703,4.185893529479634,0.249310861923334,-1.998374293478694,30.68092451180232,37.19792815636057,13.621957318883084,2987.672,1552.547,B0042,28,22,1.643269651219848,0.9482796672002978,0.9470899295102272,0.9082709765836142,0.9263406921241051,1.0054556679775641,0.9505741966459312,Healthy
1.65814570224139,5.794576534231999,3.501278659398817,2.043267705708337,4.185186392104773,0.25144453953563206,-1.9981525515062306,30.663435287795615,37.30788971906059,13.798136323454791,2975.1100000000006,1535.797,B0042,29,22,1.6298673102402297,0.9442199216329078,0.9422224691899383,0.9044520500053811,0.9163466587112172,1.0046022578650717,0.942821409694369,Healthy
1.6459990543730576,5.752516346460878,3.501431066556208,2.192115165922968,4.184091250625792,0.24083274944593605,-1.9980383822206629,30.40848004603748,36.91850317978018,13.662234002444624,2953.219,1509.172,B0042,30,22,1.6238536344658807,0.9373030946720226,0.93538330609628,0.8977970490720817,0.9004606205250597,1.0046459871963602,0.9393427079403097,Healthy
1.6471651725516276,5.743197593815854,3.4934993616796306,2.009457332273357,4.185322505991986,0.25689707389370386,-1.9979232246026066,30.239404481904074,37.047150483309736,14.075360126170168,2955.484,1483.5,B0042,31,22,1.6186308887044174,0.9379671328284378,0.9338680377975365,0.8984856232401838,0.8851431980906921,1.0023701875806,0.9363215316210102,Healthy
1.6479944055674398,5.743184067362718,3.491928488990642,2.022898050960585,4.184033603294302,0.2553614697828466,-1.997803306177237,30.138707501965232,37.11898525927804,14.364858836423721,2957.016,1477.25,B0042,32,22,1.6193418112441196,0.9384393339939608,0.9338658383394747,0.8989513608232004,0.8814140811455847,1.00191946588613,0.9367327755221881,Healthy
1.643328673862409,5.733449101742052,3.495727452779826,2.0786601580627257,4.186164958491378,0.2513729443430945,-1.9980185647316375,30.490922726298486,37.20592886199134,14.00257657242145,2948.219,1484.719,B0042,33,22,1.614593271326993,0.9357824644444821,0.932282892063695,0.8962770177959182,0.8858705250596659,1.0030094812694863,0.9339859107494998,Healthy
1.6361006087198133,5.701508205117447,3.491932625000706,2.0245603644426806,4.18461988628569,0.25695981463463263,-1.9977650982407589,30.52916769412123,37.36855348711016,14.031712078816923,2935.5,1466.422,B0042,34,22,1.6072040891927848,0.9316664913467779,0.9270891681896578,0.8924103622356133,0.874953460620525,1.0019206526083113,0.9297115265266296,Healthy
1.6239437649732538,5.656131662091256,3.4900059195673445,2.1378818450405794,4.184040894709915,0.2491431280424005,-1.9975731627964834,30.179619049814637,36.95276259711366,14.013716455525518,2913.797000000006,1428.547000000006,B0042,35,22,1.6012663590062357,0.924743858411588,0.9197107518099856,0.8858125144782997,0.8523550119331778,1.001367833819267,0.9262767566470853,Healthy
1.6166949908823014,5.627206166173156,3.487760577211602,2.183476039948653,4.184856050801538,0.24709080664050517,-1.9975539729276182,29.93310245467766,36.815592394057184,14.185830540686347,2900.703,1411.156,B0042,36,22,1.594040741063104,0.9206160927424784,0.9150073447490058,0.8818318565722808,0.8419785202863962,1.0007235903243357,0.9220969886056903,Healthy
1.624031431798446,5.64294174919145,3.4820338003810947,2.0156684625826635,4.183683003795162,0.25984811517974876,-1.9973829316274176,29.855112852408766,36.96422627426333,14.616391698797631,2914.031,1405.968,B0042,37,22,1.5946888289374477,0.9247937796957675,0.9175660166032907,0.8858836519420223,0.8388830548926015,0.9990804383521917,0.9224718848438416,Healthy
1.617552087041179,5.6267172271216825,3.4857768989088593,2.0632481862122884,4.184611325870051,0.2559032712560586,-1.9975492343534866,30.257387669276046,37.23035953747147,14.401503883424699,2901.968,1410.781,B0042,38,22,1.5882100957302596,0.9211041603874829,0.9149278412067466,0.8822164244851501,0.8417547732696897,1.000154424629265,0.918724163580241,Healthy
1.617407456470194,5.62476209312466,3.484962036012865,1.9973214087149431,4.185413957037178,0.26244842222937265,-1.9975022770940793,30.562785800580222,37.46832272742832,14.242078281683899,2901.734,1416.594,B0042,39,22,1.587985558077698,0.921021801481256,0.9146099282114847,0.8821452870214257,0.8452231503579952,0.9999206205865708,0.9185942763772843,Healthy
1.6093505047958419,5.595147834106899,3.4839596946536755,2.040034213071634,4.184723241072492,0.25974196744964106,-1.9973342947958135,30.59004134732037,37.6505920814981,14.414878227742378,2887.407,1397.954,B0042,40,22,1.5799165406650344,0.9164338245210447,0.9097945253791804,0.8777897894027068,0.8341014319809069,0.9996330243994207,0.9139266311499347,Healthy
1.595118079830911,5.538780896514394,3.479594890613384,2.11763338483894,4.182701394192162,0.25496671083548966,-1.9971237584867627,30.190272809188617,37.16199226931662,14.269110267447395,2861.937,1357.109,B0042,41,22,1.5655946193652834,0.9083292658161808,0.9006290247070724,0.8700467500819297,0.8097309069212411,0.9983806556448673,0.9056418990465754,Healthy
1.4986549832518852,5.075460686752819,3.375833171038118,2.1679616860507585,4.091725418867881,0.3035495162823601,-0.9606132638664066,8.336150156814936,12.075623262738652,7.20917531205918,5608.781,2293.156,B0042,88,4,1.4377344766079456,0.8533990040368961,0.8252912136542391,1.7051045082303613,1.3682315035799522,0.9686088871266846,0.8316792646156607,Degrading
1.5791827001658492,5.408656995237514,3.4250125349211604,2.180850179577844,4.159841572444575,0.3127737799449189,-0.9944195894158236,8.088311260303593,11.61044167945082,7.218049657788122,5703.296,2631.812,B0042,89,4,1.5246019289244055,0.899254971007108,0.879470332119715,1.7338376594436808,1.5702935560859188,0.9827196463102326,0.8819290569361726,Healthy
1.5763336389188605,5.400107571586121,3.427812476893316,2.148712088809679,4.180350451491815,0.32052511084613705,-0.9986292541736457,8.108636077883194,12.416393344856289,6.838070133882946,5668.032,2626.235,B0042,90,4,1.5215273965539478,0.8976325922356149,0.8780801599448583,1.7231171828591545,1.5669659904534607,0.9835230179640619,0.8801505471608961,Healthy
1.570393551975083,5.375035683243891,3.4260236276092266,2.126630218048744,4.180484652340476,0.32156877639528353,-1.0007710730973127,8.179473273978417,12.741907914911504,6.899830007717362,5634.047,2670.562,B0042,91,4,1.5155323631175952,0.8942500496635329,0.8740033656525553,1.7127855302750707,1.5934140811455846,0.9830097534671182,0.8766826293493575,Healthy
1.5595491460499542,5.336925598228587,3.427137964017458,2.177720591678305,4.179828984428225,0.3163053781987297,-1.0029400958959638,8.133323147997125,11.812176644627147,7.869654424848751,5582.375,2630.172,B0042,92,4,1.5044249661534554,0.8880747756216081,0.8678065058489047,1.6970769190546866,1.5693150357995227,0.9833294837658549,0.8702573874919564,Healthy
1.5554068795185505,5.315386425337244,3.4224753028837007,2.1738551413791023,4.179688473119865,0.3197916532031986,-1.002976218809888,8.221548017024785,12.77319183354637,6.846494411257416,5567.329,2584.75,B0042,93,4,1.5001507149498807,0.8857159897957438,0.8643041459187015,1.692502840938455,1.5422136038186158,0.9819916525452356,0.8677848822028306,Healthy
1.5444976153687417,5.264570504204381,3.4137666152192327,2.1739453453589515,4.156718320546126,0.31639252890085523,-1.0029036577307848,8.196033184015116,11.714847602816857,7.6002375671940285,5528.453,2557.25,B0042,94,4,1.489011227320312,0.8795037826738479,0.8560412638252282,1.6806842937600286,1.5258054892601431,0.9794929176138467,0.8613410770143978,Healthy
1.5402522024000112,5.252367680416597,3.415284661394718,2.1496986936751377,4.179126280631904,0.32262120505684655,-1.002852610333621,8.16363192494008,11.58953853216132,6.7325961324082915,5513.39,2475.109,B0042,95,4,1.4810149357562843,0.8770862608027509,0.8540570334517934,1.6761050475374581,1.4767953460620524,0.9799284820929384,0.8567155011547208,Healthy
1.5326125475736894,5.219941082860822,3.411339830211172,2.130871451051632,4.178321190076967,0.32330166086478557,-1.002761137143926,8.182297960881899,12.228023164640565,8.453712504996016,5486.187,2532.625,B0042,96,4,1.476262027748574,0.8727359107269637,0.8487843325674516,1.6678351653763628,1.51111276849642,0.9787966137958383,0.8539661095939339,Healthy
1.5259399572677779,5.189345435443854,3.406171736681637,2.1249846428522594,4.177914160605347,0.3283790040327128,-1.0028500275234071,8.239851195999249,12.995413081963957,6.882391683817719,5461.922,2403.344,B0042,97,4,1.466255102543896,0.8689362490402858,0.8438093518617215,1.660458453593141,1.4339761336515513,0.9773137616913102,0.8481774522787625,Degrading
1.5191913660356076,5.162960732886792,3.404061107280645,2.124079082604729,4.177668141485771,0.3290229852864129,-1.0027529355519171,8.314381068196377,13.00690019959285,6.8947482099377675,5438.157,2382.672,B0042,98,4,1.459328259381702,0.8650933091371404,0.8395190884670986,1.6532337449375358,1.4216420047732696,0.9767081706292959,0.8441705150306323,Degrading
1.50938905152951,5.111381265986458,3.392089192692739,2.157698091133544,4.153042890139087,0.3262092181098098,-1.0027471224260915,8.203300249486228,13.003396618491456,9.079854179575488,5402.875,2312.688,B0042,99,4,1.445704157754381,0.8595114470473028,0.8311320506265889,1.6425077962404155,1.3798854415274464,0.9732731362901431,0.8362894472765973,Degrading
1.5041145796004627,5.099438121986067,3.3962072676781316,2.128860427750212,4.176783274878805,0.3324761878137719,-1.0026619793717586,8.252382764570392,12.802739574235911,6.850969933020368,5384.438,2207.594,B0042,100,4,1.4400686089389023,0.8565079344701101,0.8291900452766792,1.63690283291269,1.3171801909307876,0.9744547124601167,0.8330294787839303,Degrading
1.4932551605130029,5.061807034566204,3.395827065629725,2.162828573021361,4.176835821672092,0.3312872743691575,-1.002740647957347,8.247452041994245,12.748426837127605,6.919230339219211,5344.859,2172.781,B0042,101,4,1.4290313659547842,0.8503241112838364,0.8230710724928043,1.6248705693368348,1.2964087112171838,0.9743456232177484,0.826644818557883,Degrading
1.4821594176840351,5.019519129582176,3.3924931276502397,2.1882897882574714,4.1765571620332524,0.3307988247690751,-1.0027179745166037,8.179356055314594,12.453422458173543,6.618878237264289,5305.156,2115.625,B0042,102,4,1.414172188151386,0.8440057151318789,0.8161948816244061,1.6128006089853304,1.2623060859188544,0.9733890350830731,0.8180493022999157,Degrading
1.4764157740382078,4.995539364778799,3.389283502389414,2.1285029465259013,4.1766999837334025,0.33148217794069773,-1.0026894950538923,8.33800631225338,12.1691500239434,7.178611318237847,5284.547,2290.469,B0042,103,4,1.415603079129078,0.8407350358750323,0.812295671204084,1.6065353440712395,1.3666282816229118,0.9724681152998759,0.8188770228390236,Degrading
1.471544431585962,4.962253463850783,3.377876069069322,2.158726692822152,4.150196439454072,0.3322352169765736,-1.0025103497063337,8.293330795902381,12.726444405331804,6.76287713904476,5267.843,2055.109,B0042,104,4,1.3994410223300702,0.8379610826679715,0.806883243984195,1.6014572235838325,1.2261986873508353,0.969195044406462,0.8095278365101347,Degrading
1.4607736651936223,4.9389062151126915,3.386987302997725,2.1998128745691083,4.175707583064406,0.32930256444711337,-1.0024134076376698,8.373136255476883,12.125723483812015,6.908158362941422,5229.688,2195.953,B0042,105,4,1.395963528579491,0.8318277421628795,0.8030868833312915,1.5898578649154285,1.3102344868735083,0.971809279680721,0.8075162276266844,Degrading
1.454525871414921,4.91133678102743,3.3829130588839496,2.1540885607694915,4.176508363415245,0.33233769386618744,-1.0024655689800792,8.329037453715973,12.11350286924164,7.189520423235966,5206.954,2175.625,B0042,106,4,1.3929784652630588,0.8282699780025107,0.798603977616866,1.582946586708968,1.2981056085918854,0.9706402796570281,0.805789472579606,Degrading
1.4467557961499287,4.8773996085896325,3.3774651407729346,2.159795216779738,4.175329405348679,0.33771628980774465,-1.0024461693775724,8.396128944133206,12.960410174687055,7.180117079259515,5179.062,2013.39,B0042,107,4,1.3740772023800918,0.8238453608848018,0.7930856509155509,1.5744672442380174,1.2013066825775658,0.9690771390540093,0.794855751040215,Degrading
1.4369251698706087,4.8452755085298085,3.3780934843236405,2.185043715780537,4.175181369358572,0.3312992684111992,-1.002355515867145,8.43692173445999,12.4262328165013,7.951410552730904,5144.109,2084.859,B0042,108,4,1.3752493030002435,0.8182473768460561,0.787862137393888,1.5638413135988687,1.2439492840095465,0.9692574261465718,0.7955337703808398,Degrading
1.4365751035317451,4.823821085751758,3.364163079749717,2.1784898920030544,4.147372136171002,0.33390680845548804,-1.0023378437056385,8.419794670115083,13.21754189086476,6.943936767367333,5142.891,1919.609,B0042,109,4,1.3671966130854505,0.818048033923054,0.7843735581878738,1.563471033979995,1.1453514319809068,0.9652604532548624,0.7908755700417106,Degrading
1.4271054140756825,4.800473781735459,3.3705853863809336,2.189853076065801,4.174822480867543,0.33671508512026915,-1.0021679698004895,8.409805733876953,13.047668558877342,6.930013941889357,5109.734,1914.203,B0042,110,4,1.356887600783644,0.812655582931561,0.7805771885465016,1.5533910985752444,1.1421258949880668,0.967103169693642,0.7849121658738503,Degrading
1.418587832294108,4.765933740822186,3.366371835007897,2.169597235193881,4.174669508085626,0.34037966897149097,-1.0021759719497005,8.370055044633526,13.073094195785368,6.986007444030551,5078.937,1890.906,B0042,111,4,1.3449320225969348,0.8078053032538289,0.7749608329003269,1.5440286179328426,1.12822553699284,0.9658941990189942,0.7779962807530898,Degrading
1.4110263381897328,4.73320535662301,3.360943897156673,2.153907127504055,4.174072805021775,0.3420482028501437,-1.0021900129076768,8.33428157906845,13.27910289077086,6.988989326203553,5051.672,1883.078,B0042,112,4,1.3374691704584258,0.8034994612756423,0.7696390602409152,1.5357398873839228,1.123554892601432,0.9643367912399096,0.7736792810014151,Degrading
1.732428049576936,6.055205568394859,3.475911687674208,2.421307986424623,4.204104775621549,0.23437927530953923,-1.8551004388985552,30.907894474048284,36.84241052511593,14.087945804413234,3360.922,1633.344,B0043,1,22,1.713782642126885,1.0136805102074664,1.0106846864305263,1.0217413113492224,0.9971952540328144,0.9960377748741606,1.0107424028292515,Healthy
1.709047409052351,5.9911915651757415,3.4897388185035,2.4612810169393184,4.205053773882487,0.22877628481609577,-1.868889923378281,30.363796429604488,36.2511342416132,13.873909623784883,3289.406,1664.703,B0043,2,22,1.6955681658647108,1.0,1.0,1.0,1.0163406673512672,1.0,1.0,Healthy
1.7003914032738667,5.957138715828559,3.4901234321768033,2.3997609695216755,4.204546702288046,0.23280107880814654,-1.8840563804062687,30.07611798184701,36.12855723169499,14.007526278919077,3244.797,1637.938,B0043,3,22,1.6814906372051954,0.9949351868575231,0.9943161808503809,0.9864385849603242,1.0,1.00011021273892,0.9916974563789737,Healthy
1.6922842280578019,5.931710287025878,3.4940185374934947,2.399740066713552,4.204756646870948,0.23174142264000525,-1.89408796703159,30.05896964075817,36.35251788056927,14.272939861704664,3211.438,1636.094,B0043,4,22,1.6786372409532953,0.9901915061538028,0.990071878439741,0.9762972402920163,0.9988741942613212,1.0012263722910444,0.990014600856356,Healthy
1.6885490517357795,5.926007649866696,3.5005489873453817,2.3786378834863195,4.204750835132976,0.23409684418950652,-1.9103670337506284,30.417149405736243,36.75256708066779,14.204498507818894,3175.594,1657.406,B0043,5,22,1.6694168550864992,0.9880059750197698,0.9891200415476727,0.9654004400794551,1.0118856757703893,1.0030977014052065,0.9845766679838113,Healthy
1.6750523414725664,5.8847635852737294,3.507465391169604,2.416288536712014,4.204901465726193,0.2331984848294183,-1.926803470895965,30.617574721987218,36.83142721849718,13.535440157819618,3121.672,1656.312,B0043,7,22,1.6611938521224778,0.980108762694515,0.9822359243993076,0.949007814784797,1.0112177628213033,1.0050796273268685,0.9797269644274651,Healthy
1.670069129509216,5.862580637711429,3.505466720095601,2.3791815969853816,4.205123789023272,0.23585309467455992,-1.9324769674832156,30.258236869364143,36.54735803665934,13.70827378956908,3102.937,1638.468,B0043,8,22,1.6506423382064332,0.9771929793540671,0.9785333307965192,0.9433122575930122,1.0003235775713122,1.0045068993440733,0.9735039684262023,Healthy
1.6563752412014456,5.813790535697155,3.505146635224542,2.4666546752460183,4.204720843069481,0.22809161375671844,-1.9255143226505498,29.936684037867014,36.223678523702304,13.928642914879124,3089.437,1606.687,B0043,9,22,1.6424273190907783,0.9691803939598659,0.9703896916750678,0.9392081731473707,0.9809205232432484,1.0044151776171173,0.9686589735265337,Healthy
1.649585191279602,5.785263917213045,3.5024428414174498,2.429311406516166,4.204351643955918,0.23105125327166043,-1.924996304077744,29.74762436888935,36.16960256825446,14.11391102836173,3077.75,1596.109,B0043,10,22,1.6353664801041328,0.9652073912883902,0.9656282651418348,0.935655252042466,0.974462403338832,1.0036403936153013,0.9644946826836206,Healthy
1.6476128445380975,5.775361620301588,3.5007336141613488,2.4024069940444392,4.203254409200642,0.23310693239680255,-1.9244448695912972,29.699035458962353,36.19613432531801,14.163797662511474,3074.875,1584.766,B0043,11,22,1.633232875930849,0.9640533292471282,0.9639754558794812,0.934781234058672,0.967537232789031,1.0031506070309766,0.9632363409570904,Healthy
1.6402835901152306,5.751477513359375,3.501947249481621,2.406157541131262,4.204230992986033,0.2336443659403785,-1.9239340941617735,29.746622188626663,36.217566438813456,14.07962165209414,3061.891,1583.453,B0043,12,22,1.6258840554387932,0.9597648265502188,0.9599889188638663,0.9308340168407305,0.966735615145384,1.003498379567373,0.958902206452797,Healthy
1.6324910530985433,5.721886145472173,3.5002499918856302,2.415785415380386,4.204061240829561,0.2323797314979267,-1.916896100852633,29.642987306218718,36.09047688646367,14.15982943785539,3058.469,1561.782,B0043,13,22,1.617976174654771,0.9552052473510624,0.9550497731922098,0.9297937074353242,0.9535049556210308,1.0030120229417736,0.954238353389721,Healthy
1.628228738898574,5.706573654217569,3.5007698538114447,2.400209592232293,4.204423283955662,0.23447884603169958,-1.9227329924422065,29.663939557878308,36.148984496134304,14.075317847991318,3040.75,1557.968,B0043,14,22,1.6136652707273988,0.952711276629482,0.9524939391668702,0.9244070205988558,0.9511764181550217,1.0031609916620279,0.9516958994712296,Healthy
1.6204126123231157,5.679095382024077,3.5004947608560313,2.4374747406672226,4.204490583977483,0.23168681954216633,-1.9157256805286993,29.637650852441404,36.15795969792578,14.102928601130692,3037.641,1546.031,B0043,15,22,1.605821026619692,0.9481378946776073,0.9479074939005877,0.9234618651513374,0.9438885965158631,1.0030821625662931,0.9470695775894983,Healthy
1.6180760828353393,5.66479762201515,3.4961700451758575,2.3865949081957893,4.202477824031488,0.2352574907903917,-1.9087255587088567,29.593597067401642,36.16956081888435,14.366536027052831,3044.828,1523.375,B0043,16,22,1.6033527961961531,0.9467707415633049,0.945521030397729,0.9256467581076948,0.9300565711278448,1.0018428962758639,0.9456138823993965,Healthy
1.6099192988268427,5.640540551957716,3.4993157107183803,2.4489169685849195,4.204489330076927,0.23153602913171722,-1.9078668399519796,29.63922727943673,36.13182777424954,14.090537653604496,3030.25,1521.157,B0043,17,22,1.5951342406182645,0.9419980336996773,0.9414722414725959,0.9212149549189125,0.9287024295180891,1.0027443005660197,0.9407668017904626,Healthy
1.602719328507027,5.616750178517365,3.50080829213355,2.4933649317176108,4.204953662033176,0.22873273664739957,-1.907455457642798,29.666195384468185,36.12995412374782,13.899162614627866,3017.578,1514.953,B0043,18,22,1.5878135544728509,0.9377851778820565,0.9375013496756062,0.9173625876526036,0.9249147403625777,1.0031720063322094,0.9364492601588171,Healthy
1.5949531368856469,5.58500046636593,3.497552326899387,2.473993010608268,4.204018303566451,0.22965414686514424,-1.9000139238260703,29.635949832755518,36.115379230424814,14.234919709257415,3015.0,1503.484,B0043,19,22,1.5800601969084245,0.9332410139342078,0.9322019510825145,0.9165788595266137,0.9179126438241251,1.0022389951805153,0.9318765406890148,Healthy
1.5908003920349867,5.568774494404559,3.4969748978677377,2.4568566798816054,4.20390099564762,0.23241626897386067,-1.904134059211754,29.671876354508125,36.260266208231016,14.153292746276545,2999.454,1489.938,B0043,20,22,1.575565087879128,0.9308111545700589,0.9294936464347905,0.911852778282766,0.9096424895203603,1.0020735303530082,0.9292254476101329,Healthy
1.6100211362461232,5.632928175885896,3.4931433851686124,2.389783772934692,4.19682124697899,0.23537212859964493,-1.8929472665362916,29.993152820136338,36.73407518988127,14.793882551852413,3054.859,1506.859,B0043,21,22,1.5950169012164208,0.9420576209403477,0.9402016468022356,0.9286962448539341,0.9199731613772926,1.0009755935450126,0.9406975982018331,Healthy
1.6048747231232574,5.6263623476373406,3.500270597096414,2.3834815017568327,4.202479371762253,0.23783691321078168,-1.8991542942688262,30.681276254794994,37.35435994505973,14.560119655344767,3034.875,1533.828,B0043,22,22,1.5898075522577595,0.9390463451292692,0.9391057332135733,0.9226209838493638,0.9364383755673291,1.003017927455508,0.9376252658335236,Healthy
1.595967941406382,5.598912512804277,3.5026578112869,2.427559147580718,4.204284851556785,0.2351452050267026,-1.8917722041126428,30.871236598447616,37.40944456827136,14.26036420948449,3030.0,1531.172,B0043,23,22,1.5807953202097411,0.9338347976498379,0.9345240344756097,0.9211389533551042,0.9348168245684513,1.003701994176441,0.9323100964233794,Healthy
1.5856438500710515,5.560428854697412,3.501870413763956,2.458384607788224,4.20378732342866,0.23341760190373742,-1.89078274822848,30.779999574712413,37.26366414928814,14.080658633178981,3011.781,1516.625,B0043,24,22,1.5704333289187615,0.9277939521585737,0.9281006614807361,0.9156002633910195,0.9259355360215099,1.0034763619546916,0.9261988757130666,Healthy
1.5796724197763834,5.530716579990787,3.4967579517606566,2.394787213470724,4.204330620589128,0.23890714763843365,-1.8968520026147064,30.581480715523952,37.27002790978136,14.43230348641736,2990.25,1490.078,B0043,25,22,1.5643368431897875,0.9242999412475604,0.923141335045686,0.9090547047096041,0.9097279628410843,1.0020113634922876,0.9226033341997798,Healthy
1.573702034361145,5.505124375140602,3.4938467732797593,2.365525236922006,4.2038717516378,0.2410406743632053,-1.8960710046785778,30.546605962885614,37.37612563137064,14.761495136945722,2980.234,1474.531,B0043,26,22,1.558307017802491,0.9208065417177317,0.918869696495695,0.9060097780571933,0.9002361505746859,1.0011771525004902,0.9190471071434518,Healthy
1.5692162972125525,5.496069321066934,3.498085824975237,2.474272882432229,4.202475048160179,0.23236096829920486,-1.8818174142025106,30.92329503843904,37.57568180724724,14.599324717386601,2994.844,1470.719,B0043,27,22,1.5537149289772467,0.9181818414754606,0.9173583019800697,0.9104513094461432,0.8979088341561158,1.0023918713995097,0.9163388180178994,Healthy
1.5650505084038722,5.484219581442645,3.499824440494276,2.4720598546819117,4.203857283529741,0.23404883693228767,-1.8812480163452203,31.225884514077716,37.80943515485114,14.33726234839271,2987.672,1477.078,B0043,28,22,1.549528250585513,0.9157443498139565,0.915380441733843,0.9082709765836142,0.901791154488143,1.002890079319776,0.9138696289425086,Healthy
1.5580122437438655,5.457140260734493,3.4987433448544607,2.4838780206846622,4.203991230539982,0.23409448140809638,-1.8805764098134792,31.163201064541546,37.69836973093636,14.163127648817909,2975.1100000000006,1470.953,B0043,29,22,1.5424430535161062,0.9116261114182707,0.9108605861402493,0.9044520500053811,0.8980516967064687,1.002580286611484,0.9096909723647039,Healthy
1.5581864451708862,5.454432127052118,3.496873891743175,2.429175425635552,4.205957997721127,0.24188340567382222,-1.8940750825904094,31.130645067035932,37.67202323454292,13.605570882234975,2953.219,1454.813,B0043,30,22,1.54256227031715,0.9117280403794558,0.9104085669295606,0.8977970490720817,0.8881978438744323,1.0020445866039724,0.9097612831923331,Healthy
1.5466429299130076,5.402958185693476,3.4895372240361704,2.397532773087188,4.203785685934744,0.24248797898161764,-1.8790362639465747,30.837232735283838,37.5846177818102,14.371100195571753,2955.484,1417.922,B0043,31,22,1.5309356452520158,0.9049736840071656,0.9018169636068029,0.8984856232401838,0.8656750133399432,0.9999422322191389,0.9029042158687054,Healthy
1.5405828436012796,5.377148662162463,3.4871652344467075,2.435189655089205,4.202128090345783,0.238448487212369,-1.8710836448265253,30.641318807832377,37.57163850758581,14.96093219529973,2957.016,1400.797,B0043,32,22,1.5247733176952427,0.901427798574363,0.8975090520252348,0.8989513608232004,0.8552197946442417,0.9992625281745594,0.8992698426356892,Healthy
1.535552186303532,5.365059592447103,3.4906015804101496,2.4649257198080514,4.203512527913386,0.23678701564332202,-1.8702004234947458,31.01732542847249,37.83811660125229,14.783464400289706,2948.219,1407.75,B0043,33,22,1.5196742408779502,0.8984842539593326,0.895491244785415,0.8962770177959182,0.8594647660656264,1.0002472282172163,0.8962625457779472,Healthy
1.5282798439913392,5.334436621725383,3.4876146185117345,2.4457109146915506,4.203182025095136,0.23982832732592752,-1.8695581981674536,30.93897323974993,37.76120652410461,14.597737570793154,2935.5,1389.282,B0043,34,22,1.5123696925788683,0.8942290517492165,0.8903799125256157,0.8924103622356133,0.848189614014694,0.999391301153971,0.8919545218092636,Healthy
1.5158747435693511,5.284738548658782,3.4842857075179094,2.4807762094187127,4.202993560256935,0.23801472236665583,-1.8681373339121092,30.585360437692223,37.43416840833683,14.664058071530512,2913.797000000006,1350.952999999994,B0043,35,22,1.499914486202397,0.8869705635666876,0.8820847224075973,0.8858125144782997,0.8247888503716221,0.9984373870741624,0.8846087797581799,Healthy
1.508415746960736,5.2533092984675696,3.4811070895804797,2.482626305221594,4.203399051569862,0.23871291168095896,-1.8672666650634016,30.3648233882985,37.31899313705125,14.82091467198984,2900.703,1333.359,B0043,36,22,1.492410627118825,0.8826061459565576,0.8768388126667208,0.8818318565722808,0.8140472960514988,0.9975265401303809,0.8801832077082676,Healthy
1.5087096069752692,5.245956194252576,3.475104459646633,2.397470273055264,4.2008898664224255,0.24387246943308058,-1.8594886102216435,30.432401864910737,37.58604736335072,15.390678540646931,2914.031,1316.703,B0043,37,22,1.492624987952706,0.8827780897031013,0.8756114935040797,0.8858836519420223,0.8038784129802227,0.9958064601341304,0.8803096318994009,Healthy
1.508508470774298,5.249489436762055,3.4772044059441005,2.370171214445116,4.203438298553452,0.24730243621873677,-1.8662699457286136,30.831835959630617,38.06717620893625,15.383476857079717,2901.968,1332.359,B0043,38,22,1.4924024018806028,0.882660400632625,0.8762012330360313,0.8822164244851501,0.8134367723320418,0.9964082089774344,0.8801783566864168,Healthy
1.5014512706018448,5.231381454746667,3.482172936874988,2.467002990449064,4.203125269256038,0.2400910621340385,-1.8580509519301622,31.094991080529404,38.03429813873292,14.959981399446185,2901.734,1326.609,B0043,39,22,1.4853020201751674,0.8785310826657429,0.8731787988810892,0.8821452870214257,0.8099262609451638,0.9978319633582904,0.8759907446231681,Healthy
1.4934171243189,5.199794172521492,3.4803385610467843,2.476788514821077,4.203051054659131,0.2406166968583575,-1.8570868946683126,31.038470618761803,37.8850432804777,14.809701815993833,2887.407,1318.969,B0043,40,22,1.477208127101587,0.8738301327445236,0.8679065117439564,0.8777897894027068,0.8052618597285123,0.9973063149004524,0.8712171865695746,Healthy
1.4856925035096062,5.159773000438884,3.4714831954460226,2.4014857684023228,4.203121514305449,0.24801668449743527,-1.8634355664455717,30.652253424171764,37.72173567628911,15.036701426952256,2861.937,1277.937,B0043,41,22,1.4694738525181406,0.8693102927632693,0.8612265096697055,0.8700467500819297,0.7802108504717515,0.994768770957677,0.8666557217230686,Healthy
1.547887148316355,5.363399413792915,3.4693912792577155,2.487710804240493,4.151713316448254,0.2544344367291372,-0.9908307773272774,7.784854957371514,11.059155779143234,6.226786542219134,5608.781,2746.75,B0043,88,4,1.5250840516518187,0.9057017026664241,0.8952141415353974,1.7051045082303613,1.6769560264185823,0.9941693231774548,0.8994531050741047,Healthy
1.575466668963065,5.490725760796073,3.489663125237392,2.4700528908595785,4.1860990142535135,0.2643816033266239,-0.9917840133525034,7.677310156075022,10.464754894665266,6.132130904012929,5703.296,2927.171,B0043,89,4,1.552568811301301,0.921839066966928,0.9164663992237096,1.7338376594436808,1.787107326406738,0.9999783097618348,0.9156628689767347,Healthy
1.5656700350033255,5.45451737981521,3.4883481289690543,2.4917865311625422,4.20024763178396,0.2686298714250589,-0.9917267979357509,7.720355963617298,11.117824082083432,5.594012531637179,5668.032,3020.875,B0043,90,4,1.5427752626774387,0.9161068480080802,0.9104227966136166,1.7231171828591545,1.844315841014739,0.999601491800168,0.909886900294952,Healthy
1.5560685500172127,5.4124469524707095,3.4828518772266346,2.4681420264399123,4.199618145627328,0.2711993136506795,-0.9915700758751732,7.795012554263815,11.465947003288688,5.699646001676789,5634.047,2992.0,B0043,91,4,1.533193283126468,0.9104888148656077,0.903400749849324,1.7127855302750707,1.8266869686154175,0.998026516700806,0.904235709299582,Healthy
1.5382105602271743,5.347044081098363,3.4797712380230035,2.484034640402104,4.1989206972349695,0.27017573939815953,-0.9892746508058018,7.802002705131443,10.672391649812306,6.730452162313295,5582.375,2741.844,B0043,92,4,1.515272194917202,0.900039725100485,0.8924842450671191,1.6970769190546866,1.673960797050926,0.9971437459939277,0.8936663387664153,Healthy
1.530493523048828,5.310263674153395,3.4723642645257145,2.482098506414688,4.198909615049439,0.2751897351875969,-0.9870448856228408,7.8854226977198625,11.55324188297086,5.707179917731747,5567.329,2821.094,B0043,93,4,1.5074989761997712,0.8955243224630443,0.8863451646279695,1.692502840938455,1.7223448018178953,0.9950212451758105,0.889081905728616,Healthy
1.5127418418889007,5.24031679272988,3.465591847973898,2.499544886162908,4.182123550892078,0.269579694151869,-0.982521155601079,7.865599621307659,10.678188237457311,6.557406810399317,5528.453,2657.14,B0043,94,4,1.4896288908647644,0.8851374361391766,0.8746702113799234,1.6806842937600286,1.6222469959180383,0.9930805794400519,0.8785426153038672,Healthy
1.5047754634653085,5.208597387094788,3.4621709600387423,2.4624361945446704,4.198072340064109,0.276733190141441,-0.9800816231955619,7.840911830800531,10.67885056037868,5.871149743635242,5513.39,2537.547,B0043,95,4,1.4780778852088083,0.8804761386342645,0.8693758712991516,1.6761050475374581,1.5492326327370143,0.9921003089633568,0.871730146251604,Healthy
1.4934277456023284,5.161953749167429,3.456977710322033,2.4931009972754072,4.19729618680157,0.2755092839259272,-0.9774850815985034,7.866129688953066,11.249497515672802,7.497328855718534,5486.187,2634.015,B0043,96,4,1.4700035345334466,0.8738363474834314,0.861590502158482,1.6678351653763628,1.6081286349055945,0.9906121604265169,0.866968113773102,Healthy
1.483379764307952,5.116588908719912,3.449217752251389,2.462787320418678,4.196562826262564,0.2831313407221916,-0.9753322406906505,7.9393273558149495,11.637480263714384,5.61418167879122,5461.922,2541.938,B0043,97,4,1.4565623180137075,0.867957059851529,0.8540185792857093,1.660458453593141,1.5519134423891503,0.9883885103271174,0.85904084975014,Healthy
1.4693317941998294,5.066235981748895,3.447579855504856,2.497516098993309,4.1961404278065615,0.2802168565527772,-0.970424713185739,8.020423171340544,11.797524620709758,5.782640290131203,5438.157,2496.36,B0043,98,4,1.445976962830235,0.8597372936626483,0.8456140863858834,1.6532337449375358,1.524086992303738,0.9879191638138917,0.8527978950895267,Healthy
1.4596051303721138,5.01524124915749,3.4358831885309766,2.472999574663348,4.178175250938716,0.2824490816467319,-0.970256674882607,7.909281139740462,11.717322041018162,7.810721361373347,5402.875,2439.266,B0043,99,4,1.4325855992469252,0.8540460157167025,0.837102468615586,1.6425077962404155,1.4892297510650585,0.9845674324717463,0.8449000329729185,Degrading
1.446841827774803,4.977016873189487,3.4393737351491587,2.4798848457409326,4.195619110791885,0.2836976038646524,-0.9652466121144252,7.9764627392531535,11.400146543773252,5.517386261967803,5384.438,2309.188,B0043,100,4,1.4197344854662963,0.8465779358204356,0.8307223728446237,1.63690283291269,1.4098140466855278,0.9855676639502955,0.8373207954999886,Degrading
1.431995861273072,4.922445815795666,3.437163038991663,2.483308761917933,4.195354802720307,0.28378635679909053,-0.9624204407769305,7.975220288628877,11.27412857657329,5.5582543851252435,5344.859,2236.203,B0043,101,4,1.401262575071573,0.837891244963824,0.8216138246033992,1.6248705693368348,1.3652549730209567,0.984934179247723,0.8264265650192559,Degrading
1.417122414360712,4.865215092395237,3.432715938014848,2.4722726688004677,4.195137899317883,0.28432269429680385,-0.959579561659367,7.919276364601211,10.939205926809544,5.1763698856698,5305.156,2141.172,B0043,102,4,1.3862945308535968,0.8291884747342916,0.8120613469738928,1.6128006089853304,1.3072362934372364,0.983659842912512,0.8175988195358753,Degrading
1.407833852027228,4.831306722786423,3.4312793781460638,2.4995232811069013,4.195919647393222,0.27953157565459963,-0.9569605305508407,8.087848756281263,11.469256268063758,6.552766532352762,5284.547,2316.031,B0043,103,4,1.384130256052478,0.8237535392934812,0.8064016431837637,1.6065353440712395,1.4139918604977721,0.9832481903667205,0.8163223891070137,Degrading
1.3962700013028673,4.780653213169978,3.423768606452633,2.492874341811692,4.176270279535014,0.2814372908410824,-0.9522133825707907,8.02258709983945,11.07680003582411,5.191986622890721,5267.843,2093.781,B0043,104,4,1.3651743201871416,0.8169872842071036,0.797946979522052,1.6014572235838325,1.2783029638484484,0.9810959457191822,0.8051426935648595,Degrading
1.3890009343420138,4.758791541203096,3.425776013992083,2.466722917823166,4.195157601948688,0.2824863114998043,-0.9541332483411131,8.12948679263687,11.26155378961363,6.102109347018934,5229.688,2195.953,B0043,105,4,1.361508332192898,0.8127339984747411,0.7942980105767166,1.5898578649154285,1.3406813933128114,0.9816711771745582,0.8029805935278055,Degrading
1.3785880148857683,4.714568619381212,3.4199159770745933,2.470780211742849,4.195480097537295,0.28493798270616766,-0.951277080781025,8.089656475775936,11.576966830401837,6.714548910215752,5206.954,2188.5,B0043,106,4,1.351001663879717,0.8066411777600605,0.7869166872888863,1.582946586708968,1.3361311600316983,0.9799919578340109,0.796784046243714,Degrading
1.3594819196491912,4.647683167787845,3.419545032162598,2.4848489819284896,4.1943133355165845,0.2847440343135148,-0.9432133015363675,8.144440591218109,11.16400609714747,5.479567657363763,5179.062,2000.468,B0043,107,4,1.3282588067265129,0.795461794944009,0.775752722513975,1.5744672442380174,1.2213331640147551,0.9798856619387342,0.7833709274962257,Degrading
1.3570941794918248,4.630198977488004,3.4121967412564467,2.4661345187240347,4.194450936586587,0.2879514720685097,-0.9477871437594549,8.231983414070719,11.988971088033123,7.53872269107839,5144.109,2071.906,B0043,108,4,1.3257206687421472,0.7940646773773931,0.772834406497931,1.5638413135988687,1.264947757485326,0.9777799768750872,0.7818740027276062,Degrading
1.3458006956568704,4.5836187338663015,3.407362058046422,2.472581288872932,4.173215087704208,0.2855017657931527,-0.9403317488154684,8.207473278156359,11.73519417014362,5.534905580323419,5142.891,1932.609,B0043,109,4,1.314290971597844,0.7874566197102179,0.765059618608915,1.563471033979995,1.1799036349361207,0.9763945771470647,0.7751330781370137,Degrading
1.3318988978453785,4.54268478475586,3.4128712396915972,2.4919564449811342,4.193501778898149,0.28426383797053784,-0.9372882788479067,8.189312466474624,11.299125699617386,5.278301080639581,5109.734,1888.125,B0043,110,4,1.300326009481109,0.7793223820419952,0.7582272633645304,1.5533910985752444,1.1527450977997946,0.9779732573669035,0.7668969232021203,Degrading
1.3198437998667345,4.495016872548963,3.408624211537015,2.485517355170574,4.193305249397542,0.28718840420765723,-0.9340008362934733,8.139466322876048,11.376911439849154,5.38177566845833,5078.937,1864.843,B0043,111,4,1.2881071401556836,0.7722686877355697,0.750270930857326,1.5440286179328426,1.1385308845633961,0.9767562527784617,0.7596905663174981,Degrading
1.3084124846412333,4.451460513221644,3.405803295662315,2.499796953515674,4.192997819348426,0.28583619359700996,-0.9308225674416871,8.11394700059043,11.488807348025915,5.296764482974546,5051.672,1843.797,B0043,112,4,1.2767801501201566,0.7655799819893436,0.7430008646520498,1.5357398873839228,1.1256818023637036,0.9759479069332819,0.7530102155869507,Degrading
1.689482067436093,5.826908454643464,3.439679725636751,2.6909422904080547,4.181787286734685,0.19031164968836123,-1.8098343456068096,32.08333169533252,37.78004007704112,14.88184871396103,3360.922,1239.282,B0044,1,22,1.686525555152074,1.0144505012812186,1.010663937500008,1.0217413113492224,0.9637655293088363,0.996385710554509,1.0144754716103241,Healthy
1.6654159718018091,5.7654263088252495,3.452824239327816,2.685251535316881,4.183923616071334,0.19736577340542014,-1.8219328456366495,31.44294016626267,37.37920163006831,14.881651616081545,3289.406,1295.547,B0044,2,22,1.6624606531639186,1.0,1.0,1.0,1.0075217264508602,1.0001933341295617,1.0,Healthy
1.6563801840034833,5.732665767259282,3.4521568195939896,2.6435613323767395,4.183717457974608,0.20285754070175288,-1.8359320421754788,31.149900898073525,37.15907806475986,14.918988838646374,3244.797,1285.875,B0044,3,22,1.6534010755700512,0.9945744559009182,0.9943177590326979,0.9864385849603242,1.0,1.0,0.9945505010439643,Healthy
1.6482402162605607,5.708126536214036,3.4552256770525456,2.6433677125804977,4.183480576276661,0.20305581933353078,-1.8454888344252118,31.12954746264574,37.12091726941865,14.971445744869005,3211.438,1282.172,B0044,4,22,1.6452145903490936,0.9896868074810967,0.990061485562047,0.9762972402920163,0.9971202488577817,1.000888968149169,0.9896261828621309,Healthy
1.6386570584883897,5.6867560837967215,3.463672030116032,2.684789036307898,4.181986298076157,0.1996604835067876,-1.8546992944071559,31.513994261671055,37.70825289621454,15.182975912023029,3175.594,1300.906,B0044,5,22,1.635664062367341,0.9839325947592126,0.9863548294931623,0.9654004400794551,1.011689316613201,1.0033356568440588,0.9838813684127925,Healthy
1.6297548142631444,5.660758687212201,3.4680330762776053,2.6725301429926103,4.183320051971667,0.20410312903611494,-1.8756028913091127,31.634787338016164,37.649599494653536,14.541898567928957,3121.672,1315.562,B0044,7,22,1.6267769765146465,0.9785872369771481,0.9818456405465054,0.949007814784797,1.0230870030135122,1.004598938435677,0.9785356263431796,Healthy
1.6189828092537564,5.621696540902657,3.46794063161749,2.69384241497005,4.183385673000076,0.20171961868782548,-1.8740941775158022,31.273656122735403,37.14337821498799,14.472743846114653,3102.937,1295.0,B0044,8,22,1.6159715504743064,0.9721191802323015,0.9750704006566552,0.9433122575930122,1.0070963351803246,1.0045721596231996,0.9720359681288478,Healthy
1.6106049113714513,5.587521768950422,3.4651033311991837,2.6763379244951917,4.183075069105795,0.2032476253890949,-1.87297275010726,31.0513882525287,37.11952925248905,14.757637566017053,3089.437,1271.672,B0044,9,22,1.6076028386649623,0.9670886665203181,0.9691428646650976,0.9392081731473707,0.9889546028968601,1.0037502675231065,0.9670020373748074,Healthy
1.6033954193914421,5.560042462501628,3.463878052026492,2.667857305000976,4.18316470580942,0.20435093653572153,-1.871931466677304,30.825315603911406,36.8278472964388,14.692488127150899,3077.75,1258.906,B0044,10,22,1.6003360401431612,0.9627597228197187,0.9643766418435986,0.935655252042466,0.9790267327695149,1.0033953360304995,0.9626309272929109,Healthy
1.6009330456501039,5.548370317015397,3.4618790737027214,2.651692148341609,4.1809489315384525,0.2056299878560452,-1.8711336666924587,30.772306222074594,37.07362320866197,15.076347779390908,3074.875,1246.0,B0044,11,22,1.5978700914991917,0.9612811890581658,0.9623521349188696,0.934781234058672,0.9689899873626908,1.0028162840267132,0.9611476148071227,Healthy
1.593115150324137,5.5214843471397135,3.4619567664351507,2.638384304971687,4.183395298117799,0.20783316593135392,-1.869887873532527,30.77793162980491,37.27343452416563,15.2599499643119,3061.891,1242.5,B0044,12,22,1.5900310265163515,0.9565869292105743,0.9576888249682197,0.9308340168407305,0.966268105375717,1.002838789589609,0.956432276150583,Healthy
1.5847465671329464,5.490383919363812,3.4608461967292694,2.633572972853497,4.18312292936732,0.20819229170500891,-1.862461079658612,30.734077377574607,36.92555325153096,14.942955773457342,3058.469,1229.375,B0044,13,22,1.5816311155652092,0.9515620085103503,0.952294526938897,0.9297937074353242,0.956061047924565,1.0025170864446133,0.9513795785513008,Healthy
1.5745863537996472,5.456557101924805,3.462773986667914,2.670554577314724,4.183401469736752,0.20488033378883194,-1.8611231730261666,30.711931701692418,36.82542072716141,14.859307674520757,3040.75,1224.375,B0044,14,22,1.5714556311034702,0.9454613024373162,0.9464273428614198,0.9244070205988558,0.9521726450860309,1.0030755170256642,0.9452588415327293,Healthy
1.5663651405920223,5.425671330572889,3.46142516586872,2.662418584963947,4.182608034549464,0.20544922873504887,-1.8534672146493336,30.692223526355477,36.86402084995953,14.926013283499092,3037.641,1210.25,B0044,15,22,1.563220798569978,0.9405248701304191,0.9410702764976303,0.9234618651513374,0.9411879070671721,1.00268479873861,0.9403054415723633,Healthy
1.563852538266079,5.413914054306998,3.459888006806987,2.656737093913297,4.180665797789407,0.20561147588406867,-1.8464485055279791,30.656716513936473,36.85447944747772,15.027296394450712,3044.828,1196.031,B0044,16,22,1.5606775388245586,0.9390161765856918,0.9390310038339775,0.9256467581076948,0.9301300670749489,1.002239523757761,0.9387756250677867,Healthy
1.5555950371174085,5.384210149125873,3.459225464203645,2.645608837998441,4.183243082901965,0.20764080750009542,-1.8450475324556972,30.677651249958302,37.00807199261186,15.12790149728609,3030.25,1192.047,B0044,17,22,1.5523886011314287,0.9340579551632463,0.9338789294529979,0.9212149549189125,0.927031787693205,1.00204760240599,0.9337896798802391,Healthy
1.5476552273345483,5.356061006297257,3.459378780567444,2.657434360611611,4.182596378873874,0.20659983628405384,-1.8438251021984409,30.670401222972917,36.85691194751145,14.95970471143584,3017.578,1185.094,B0044,18,22,1.5444592876561969,0.9292904917082933,0.9289965250442332,0.9173625876526036,0.9216245747059396,1.0020920141670457,0.9290200551314421,Healthy
1.5397583131891435,5.3279358794814105,3.4594746923592585,2.6700448196473143,4.182792894198413,0.2056868019625504,-1.8359182150531628,30.695903900430444,36.933977837728406,15.083584649701915,3015.0,1171.89,B0044,19,22,1.536558134180655,0.924548784964085,0.9241182861579266,0.9165788595266137,0.9113560804899389,1.0021197973173563,0.9242673691292171,Healthy
1.5339955461960255,5.305212917003488,3.457758884701852,2.6538669632174807,4.183044202315208,0.20812280183171808,-1.837930189329905,30.693601629277207,36.96952216360131,15.086854385743855,2999.454,1160.016,B0044,20,22,1.5307255867941072,0.9210885281329444,0.9201770403140348,0.911852778282766,0.9021219014289881,1.0016227724870626,0.9207589869155103,Healthy
1.5484627514832183,5.359280004506688,3.4604365465272604,2.679338771098678,4.17495739021519,0.20249375768378755,-1.822406275328598,31.3317805416781,37.880341936530016,15.750771705047224,3054.859,1172.047,B0044,21,22,1.545242808242328,0.9297753700584128,0.9295548529174911,0.9286962448539341,0.9114781763390688,1.0023984214408441,0.9294913568639913,Healthy
1.542930901903795,5.352156818626243,3.4673706320595796,2.6880235920055937,4.1804104728622375,0.2044608133500401,-1.8277755287188366,32.003093392777586,38.4338113726962,15.480226009293439,3034.875,1207.75,B0044,22,22,1.5397144491816253,0.9264537677241693,0.9283193526268115,0.9226209838493638,0.9392437056479052,1.004407045583572,0.9261659494023583,Healthy
1.5337987188983122,5.321422113243,3.4682443755783012,2.687370056924405,4.183012088063382,0.2053593553756237,-1.8199294716775476,32.229129548420126,38.62527616952544,15.378237813894053,3030.0,1203.875,B0044,23,22,1.5305357077773765,0.9209703430662427,0.9229884883095976,0.9211389533551042,0.9362301934480413,1.0046601463447433,0.9206447712699434,Healthy
1.5232803371191974,5.280765315936298,3.4662944691430644,2.6893554366992016,4.183156295632244,0.20550187552507357,-1.8182280699458226,32.11597218782518,38.54196067361033,15.405492343446006,3011.781,1187.531,B0044,24,22,1.5199735224097084,0.9146545745392153,0.9159366598533969,0.9156002633910195,0.923519782249441,1.0040953091901363,0.914291426697507,Healthy
1.5169560718662836,5.249736236432313,3.4597034229251418,2.633690741780774,4.182731552192122,0.21124437081216907,-1.82344115362652,31.969087731359647,38.50117611497123,15.564811613731209,2990.25,1160.172,B0044,25,22,1.5136629526844203,0.9108571657476617,0.9105547370185688,0.9090547047096041,0.9022432195975503,1.002186054610358,0.9104955054447074,Healthy
1.5045739015479869,5.207905748195618,3.4622130413589143,2.689158212130464,4.182713459240956,0.2058236586015792,-1.814801427898659,31.87470050843518,38.43383998472231,15.661331336055802,2980.234,1142.859,B0044,26,22,1.501287000699295,0.9034222842958521,0.9032993345563668,0.9060097780571933,0.8887792359288421,1.0029130257663403,0.9030511476118938,Healthy
1.5057225157064267,5.213080296515646,3.4628505734955555,2.682936321683332,4.180340134562246,0.206303291787488,-1.8075840969590578,32.24329057966032,38.70474156110448,15.571737016278153,2994.844,1148.891,B0044,27,22,1.5023814734911674,0.9041119703429945,0.9041968481213407,0.9104513094461432,0.8934702051132498,1.0030977022367205,0.903709492691995,Healthy
1.5014587048124814,5.199106655968638,3.4628624711973686,2.6587209985414955,4.182573946557156,0.20970924210149627,-1.8065211847034746,32.62193857776337,39.13185799913766,15.555486343837877,2987.672,1153.141,B0044,28,22,1.4980955154277502,0.9015517625834086,0.9017731521449273,0.9082709765836142,0.8967753475260037,1.0031011486913384,0.9011314117880889,Healthy
1.4940497324112332,5.170314755520663,3.4614145860859864,2.660938360343116,4.182900962902353,0.2100839730403844,-1.8052430334885246,32.534721843990155,39.06117424677476,15.555752413620539,2975.1100000000006,1135.61,B0044,29,22,1.4906542391377111,0.8971030407465258,0.896779262897934,0.9044520500053811,0.8831418294935355,1.0026817340508551,0.8966553501887498,Healthy
1.487795966179317,5.141558280489376,3.4567536825256298,2.6382065057381183,4.182966025381988,0.21287176167892022,-1.8105860657133828,32.315090431633784,38.900911326239694,15.639635765415886,2953.219,1118.172,B0044,30,22,1.484397163943621,0.8933479631336034,0.8917915181083995,0.8977970490720817,0.8695806357538641,1.0013315915735777,0.8928916068591366,Healthy
1.4759736873167475,5.098556844954433,3.457596686753219,2.6803751950872314,4.183016347451806,0.2087744025366855,-1.7950692987909964,32.11227103017126,38.637548513661336,15.653728232716148,2955.484,1090.812,B0044,31,22,1.4725321936230114,0.8862492688357585,0.884333017516844,0.8984856232401838,0.8483032954214056,1.0015757879619933,0.8857546136929954,Healthy
1.4697921041117898,5.073173107924391,3.456382425532515,2.695456060678521,4.1793816650979885,0.20702797043657728,-1.786985657468036,31.74433650446741,38.14612160171512,15.365488014266361,2957.016,1083.406,B0044,32,22,1.4663149382113208,0.8825375335638374,0.8799302664156485,0.8989513608232004,0.8425437931369689,1.0012240480833725,0.8820148226790797,Healthy
1.4705803924890029,5.077678704440916,3.4558985436662764,2.658317830680757,4.183025078755878,0.2117949269758378,-1.7928445896165708,32.11351047936838,38.41020545726171,15.190188734631139,2948.219,1089.062,B0044,33,22,1.4671298468877776,0.8830108617836695,0.8807117518210952,0.8962770177959182,0.8469423544279187,1.0010838800981026,0.8825050049128101,Healthy
1.462842877619235,5.046780258065084,3.4536993651226653,2.650498351064384,4.182295217506064,0.21356919102390073,-1.7913668174036652,32.04801967333395,38.342879393411714,15.04664738773689,2935.5,1080.11,B0044,34,22,1.4593858997633138,0.8783648664282889,0.8753524870034121,0.8924103622356133,0.8399805579858073,1.0004468353001579,0.877846881359795,Healthy
1.450282178859814,4.999209653867314,3.452694653937275,2.688935729076874,4.182630774542257,0.21074015183541925,-1.7891101484216256,31.708021910539802,37.97725957749192,15.059862672870192,2913.797000000006,1051.8600000000006,B0044,35,22,1.4467901368505207,0.8708227874689813,0.8671014745631085,0.8858125144782997,0.8180110819480902,1.000155796613941,0.8702703032983405,Healthy
1.4425563925286706,4.966654877337065,3.44942355838508,2.687761244178016,4.182872685249836,0.21143475073542137,-1.7876594976231701,31.467203186429348,37.79705513935421,15.19274904720604,2900.703,1021.859,B0044,36,22,1.4390669859638228,0.8661838345215176,0.8614549230703913,0.8818318565722808,0.7946798872363177,0.9992082453516028,0.8656246890565842,Healthy
1.442448720419023,4.9616324679421355,3.4464363236508913,2.668468130193828,4.179973909655392,0.21223681596340135,-1.7797845626759963,31.560453436032944,37.93561044482721,15.568079731033901,2914.031,1015.5,B0044,37,22,1.4389892550462602,0.8661191827399383,0.8605837976538299,0.8858836519420223,0.7897346165062701,0.9983429211817292,0.8655779325108489,Healthy
1.442120558920289,4.963621296311429,3.447035324752623,2.642056455668292,4.182978380469111,0.21576948051095313,-1.786101275708508,31.887709097598353,38.32554543437737,15.495477332887127,2901.968,1029.812,B0044,38,22,1.4386198779578576,0.8659221379749724,0.8609287553833647,0.8822164244851501,0.8008647807912899,0.9985164362139352,0.8653557455449803,Healthy
1.4348531812444894,4.942746278043586,3.4510808838042264,2.6780728769094244,4.183054454837302,0.21284652445961325,-1.7774334664210216,32.164811812502585,38.55610999749079,15.325670549314804,2901.734,1034.25,B0044,39,22,1.4313412096653504,0.8615584367742826,0.8573080312339832,0.8821452870214257,0.8043161271507728,0.999688329399274,0.8609774955823993,Healthy
1.42649242661645,4.9113990511158105,3.450413161794029,2.6917750634373303,4.18231054917298,0.2124023155375168,-1.7758066384425826,32.13295425226488,38.62165239845955,15.405407619157721,2887.407,1014.313,B0044,40,22,1.422973037663468,0.8565382167394081,0.8518709264565288,0.8777897894027068,0.7888115096724021,0.9994949077081134,0.8559438895322612,Healthy
1.4185184332839038,4.875224818481869,3.4446894399022403,2.68001440979752,4.182416637290177,0.21466472461759853,-1.78107743904082,31.751336888270355,38.18800348171553,15.334599877637476,2861.937,983.734,B0044,41,22,1.4150153099745095,0.8517502277519367,0.8455965885851786,0.8700467500819297,0.7650308155924954,0.9978368944164514,0.8511571731225744,Healthy
1.4799522419017532,5.091170889490819,3.438530012225991,2.6987042664288663,4.132709552803766,0.22533464662851296,-0.948665522461736,7.831586108538486,10.171915363933092,5.1127225127162195,5608.781,2305.484,B0044,88,4,1.4779954511171076,0.8886381942768309,0.8830519404432704,1.7051045082303613,1.7929301059589773,0.9960526684967917,0.8890408613907672,Healthy
1.4961576671976922,5.1758249861507934,3.4576572257357188,2.6902025456609366,4.15897226684506,0.23208294896321804,-0.9429836446189774,7.730546352316417,10.296016892383854,5.933163773083085,5703.296,2533.343,B0044,89,4,1.494119871447679,0.8983687514291119,0.8977349997914392,1.7338376594436808,1.9701316224360843,1.0015933245299025,0.8987399903896306,Healthy
1.4900301966951448,5.151054353123063,3.4553887210557868,2.682194069736634,4.173670999223567,0.24331441022093103,-0.9448444362873196,7.787963683864436,10.396418259744522,4.618296027049944,5668.032,2355.125,B0044,90,4,1.488007820113173,0.8946895081611863,0.8934385901764531,1.7231171828591545,1.8315349470205113,1.0009361977542426,0.8950634815213612,Healthy
1.4768996476129497,5.101627944176429,3.453365325098602,2.698791325109984,4.173428084270444,0.2416723939705273,-0.9421563938919909,7.849823078169805,10.675119900160505,4.664271289360611,5634.047,2398.719,B0044,91,4,1.4748338592717107,0.8868052622403374,0.8848656926491747,1.7127855302750707,1.8654371536891223,1.0003500725974421,0.887139107000743,Healthy
1.4624623755326907,5.050819508037968,3.4533767517944844,2.6972261726105518,4.17295985340472,0.2370465611119749,-0.9414963206117185,7.863220580243154,10.562265269293302,6.750761501784915,5582.375,2456.375,B0044,92,4,1.4604378044785566,0.8781363937265814,0.8760530856680244,1.6970769190546866,1.9102751045008264,1.0003533826138982,0.8784796209757618,Healthy
1.4544350092931364,5.012101977878469,3.4460660596643384,2.6816548421625512,4.172771279792943,0.2452041975756324,-0.9389221140572902,7.930106785779635,10.76625471358321,4.691040896958358,5567.329,2261.438,B0044,93,4,1.452380841576719,0.8733163569456986,0.8693376186608002,1.692502840938455,1.758676387673763,0.9982356653396854,0.8736332127997223,Healthy
1.443179955740103,4.961510155806362,3.4382387035909514,2.6758389635879234,4.15544388290786,0.2423251099610083,-0.9382244730141405,7.888437545923743,10.911129725577434,7.050642833833519,5528.453,2307.781,B0044,94,4,1.441102888364986,0.8665582534186522,0.8605625828937719,1.6806842937600286,1.7947164382229999,0.9959682839655369,0.8668493209883466,Healthy
1.4321004166702667,4.922945930367647,3.4385248959075603,2.6766750362925413,4.172195811279475,0.24460784187527995,-0.9336418704048167,7.818043363205418,10.81913572086399,5.8526115966820855,5513.39,2312.703,B0044,95,4,1.4300355978410688,0.8599055376662931,0.853873706239554,1.6761050475374581,1.7985441819772527,0.9960511864324771,0.860192146574712,Healthy
1.4160656502402804,4.862424151549698,3.4365202293034374,2.695622084623807,4.171402160517197,0.24441067745384407,-0.9277519140513346,7.830974235734798,11.006306031992889,7.565943418721882,5486.187,2203.406,B0044,96,4,1.413943296719903,0.8502774527304687,0.8433763421980941,1.6678351653763628,1.713546028968601,0.9954704866818909,0.8505123378583134,Healthy
1.3994086206877854,4.801672844282824,3.4352027430527405,2.6908429071948605,4.170188354997629,0.24543765057437833,-0.9210832456029233,7.878562179371438,10.614675024239112,4.341294982931388,5461.922,2013.141,B0044,97,4,1.3972667497450315,0.8402757295366688,0.8328391669724077,1.660458453593141,1.5655806357538642,0.9950888451981613,0.8404810947470052,Degrading
1.3886677154613392,4.761132344022226,3.4334546922415696,2.6963132256039875,4.170349799747877,0.2459969986475344,-0.9181073344708772,7.960251571512366,10.78731375840829,4.551641451122669,5438.157,2004.282,B0044,98,4,1.3865375876825874,0.833826346674785,0.8258075099727262,1.6532337449375358,1.5586911636045493,0.9945824803652403,0.8340273106878006,Degrading
1.3746052155370214,4.6992830111492525,3.425091148228222,2.688965230347589,4.152127517238579,0.24555283084060814,-0.9147769465297864,7.825815360855775,10.646148713943534,7.001688481391486,5402.875,1958.516,B0044,99,4,1.3724753685724698,0.8253825103225351,0.8150798847183198,1.6425077962404155,1.5230998347428795,0.9921597792973521,0.8255686328337684,Degrading
1.362042207526028,4.665424524141049,3.43285332747351,2.697702269918439,4.169872871486082,0.2433314905499764,-0.9097059602545033,7.871717073752719,10.149343674038578,4.029944489809078,5384.438,1902.766,B0044,100,4,1.3598593948812812,0.8178390447717624,0.8092072076265363,1.63690283291269,1.4797441430932246,0.9944082806404055,0.817979897625402,Degrading
1.3508561036699418,4.624677541401522,3.4316708520467616,2.6908621173584564,4.17029400170211,0.24320132144266188,-0.9089147628345589,7.872850841533409,10.269672545542075,4.319720299563417,5344.859,1931.187,B0044,101,4,1.3486733410392264,0.8111223421308096,0.8021397367133873,1.6248705693368348,1.5018466025080197,0.9940657482791766,0.8112512849386802,Degrading
1.3355835582502837,4.569468864718921,3.4305423593747584,2.6956578221948044,4.16968317987712,0.24047052532224053,-0.9053632291923375,7.787673589037049,10.511836729394169,4.493636750896149,5305.156,1911.547,B0044,102,4,1.3334258933205057,0.8019519332490366,0.7925639180791101,1.6128006089853304,1.486572956158258,0.9937388533172797,0.8020796707475698,Degrading
1.340919268646217,4.5742822608700475,3.4188541266416608,2.683891843696469,4.170671249766948,0.2501660136334049,-0.9122769052973728,7.997910807563725,11.2498423901219,6.146665369082716,5284.547,1944.641,B0044,103,4,1.3387793081075827,0.8051557636951686,0.7933987906268276,1.6065353440712395,1.5123095168659473,0.9903530764409928,0.8052998460803746,Degrading
1.317562367720464,4.494369669568853,3.42241373548389,2.6861736439095387,4.149844268077626,0.24093940503090167,-0.8993675928683105,7.881896352735887,10.478668312226782,4.3382412794063585,5267.843,1849.375,B0044,104,4,1.3153320403016997,0.7911310987938928,0.7795381345329545,1.6014572235838325,1.43822299990279,0.9913842024958769,0.7911958925454388,Degrading
1.3251349837167354,4.515468543442207,3.4160977003080477,2.6915218489806785,4.170207896534634,0.25038622992915294,-0.9110321130421604,8.022448822976777,11.276068425006786,5.86632171877632,5229.688,1900.422,B0044,105,4,1.322963328110081,0.7956780805236756,0.7831976859248538,1.5898578649154285,1.4779212598425198,0.9895546114587626,0.7957862494924485,Degrading
1.310908241704904,4.464023350123337,3.415875051664848,2.698223036073629,4.169943833836458,0.25021852098602687,-0.9054157927585382,7.977920186292173,11.18488048040138,6.066312676692371,5206.954,1827.922,B0044,106,4,1.3086991524155074,0.7871356249133578,0.7742746348678795,1.582946586708968,1.4215394186837758,0.9894901159405011,0.7872060911185185,Degrading
1.2919414933597515,4.403034345169676,3.420770509924939,2.6884148666237397,4.168649657337103,0.24592706949919083,-0.8971488250209094,8.016774436428086,10.572845919227095,4.634616586558943,5179.062,1832.578,B0044,107,4,1.2897499583900436,0.7757470297117443,0.7636962315223536,1.5744672442380174,1.4251602994070185,0.9909082028108033,0.7758078099084336,Degrading
1.2927774733916624,4.396173042537163,3.412152763562302,2.699098319484438,4.168865124534303,0.25115285667992365,-0.9036459257898942,8.104364904391632,11.286420953867148,7.104445769888579,5144.109,1721.828,B0044,108,4,1.2906172590904164,0.7762489944136959,0.7625061542817495,1.5638413135988687,1.339032176533489,0.9884118659370774,0.7763295068873799,Degrading
1.2774467903670257,4.338936865708529,3.411365387592042,2.692387025960113,4.14775004325363,0.24747051476480814,-0.893479421104461,8.021367388918382,10.532008688910055,4.118315267788224,5142.891,1621.109,B0044,109,4,1.2752011253442166,0.7670436767728122,0.7525786703867561,1.563471033979995,1.2607049674346262,0.988183783607274,0.76705642501512,Degrading
1.2707919919095623,4.3217116013166965,3.4151055404827564,2.684075358151804,4.16768084822256,0.24757266552224147,-0.8950327018530826,8.012944452376887,10.49676940873906,4.268667714865371,5109.734,1718.625,B0044,110,4,1.268607265737458,0.7630477991241406,0.7495909876952844,1.5533910985752444,1.3365412656751239,0.9892672085749595,0.7630900998006197,Degrading
1.2587916954335379,4.277387836138566,3.4139726333379956,2.687825351809013,4.167944485512648,0.2499017369482202,-0.8916525424860515,7.944197776199544,10.219372011443095,3.9912173301741802,5078.937,1656.265,B0044,111,4,1.2565759973225976,0.7558422140455723,0.7419031320530601,1.5440286179328426,1.2880451054729272,0.9889390348551764,0.7558530753381381,Degrading
1.250849190296242,4.245344294373959,3.410670178184504,2.6932435794466025,4.167775501643388,0.25085316401048374,-0.8905662435522527,7.904886527570053,10.307592528834146,3.92188743078756,5051.672,1581.875,B0044,112,4,1.2486254509320869,0.7510731321634628,0.7363452530605635,1.5357398873839228,1.230193448041217,0.9879823995323698,0.7510706786086999,Degrading
1.212898878812015,3.916635718913192,3.3507147228969534,1.990881848788414,4.203467627142882,0.3839428270015385,-0.6795680439600006,9.485217152757082,15.71039018923076,9.164261875870636,6436.141,1189.156,B0045,1,4,1.0819793880779518,1.1293469279402608,1.1299961084212433,1.1390865738155642,1.1601521951219511,1.0,1.1659858658068372,Healthy
1.0739825369907712,3.466061245454428,3.343710562419324,1.987597263698,4.16699885717682,0.39584588072596466,-0.6847946624076122,9.412485833762908,16.327881769438125,10.666150535701693,5650.265,984.547,B0045,2,4,0.927952404748273,1.0,1.0,1.0,0.9605336585365853,0.9979096518036088,1.0,Healthy
1.031359622856513,3.3293574484362822,3.357113032625278,1.9885380767186824,4.187894400053388,0.40017150075414254,-0.6646163130202214,9.14441346005273,16.190453016227536,9.76846529599694,5590.907,1025.0,B0045,3,4,0.885193608411576,0.9603132149115898,0.9605593244500724,0.9894946520207459,1.0,1.0019095358027952,0.9539213475627597,Healthy
1.0010216991327314,3.2219772030727922,3.358646172572514,1.969241613952096,4.188401226248918,0.40420308618144624,-0.6509315601298676,9.074180330499932,16.44564599364816,11.667821242536203,5543.61,1027.438,B0045,4,4,0.8581010699478283,0.932065154371624,0.9295788432181513,0.9811238941890335,1.002378536585366,1.0023670918987406,0.9247253043981352,Healthy
0.9766165914312176,3.144316023257817,3.3660643885240518,1.9830542841988097,4.188303916193977,0.400717878422444,-0.6402275004489041,9.063698357219925,16.652821920677077,11.605547628105036,5499.046,976.421,B0045,5,4,0.8409352213456689,0.9093412209174587,0.9071726667788792,0.9732368304849418,0.9526058536585367,1.0045810123798984,0.9062266739572603,Healthy
0.9569431367171048,3.0744624767188458,3.367910347978234,1.980464521626357,4.18828020412361,0.4031565700221206,-0.6317025380405665,9.076577071060372,16.626045153527933,11.33737363596078,5461.219,886.704,B0045,6,4,0.8245471942901911,0.8910229950278307,0.8870190856410443,0.9665421002377764,0.8650770731707317,1.005131927514979,0.8885662562767616,Healthy
0.9338303635012701,2.971079174347494,3.357745333360116,1.9822192378370669,4.115223647482973,0.4048707415317866,-0.6176226155232352,9.265023738219778,16.231693733501764,11.620350877507068,5451.281,729.312,B0045,7,4,0.7935960418803983,0.8695023720942444,0.8571917701234855,0.9647832446796742,0.7115239024390244,1.0020982420303104,0.8552120106803088,Healthy
0.9516319904791988,3.0539791785248904,3.3696607473704705,1.9987122390470569,4.166319111887713,0.40050548320449386,-0.627554191403777,9.339350112299787,16.185673883928935,10.671822530633758,5468.062,891.671,B0045,8,4,0.8183676087159205,0.8860777132797796,0.8811094098611317,0.9677531938767473,0.8699229268292683,1.005654323343032,0.881906878551514,Healthy
0.934923231008677,3.002063335600232,3.3747312015520436,1.97927314966301,4.188858082816243,0.40927362988669735,-0.6227956362441027,9.308634523153344,16.52621032903044,11.398196692688286,5411.297,919.797,B0045,9,4,0.7977644276409412,0.8705199561514946,0.866131070112305,0.9577067624261869,0.8973629268292683,1.007167568904322,0.8597040360678325,Healthy
0.9181533620960532,2.953898895958963,3.381799182114607,1.9640518711887227,4.189052979187811,0.3988431120171047,-0.6164358149352739,9.254145206672922,15.196414604557985,9.296603688285062,5369.703,828.25,B0045,10,4,0.7993777411831636,0.8549052991761477,0.8522350549439537,0.9503453377850419,0.8080487804878049,1.009276963808718,0.8614426096562701,Healthy
0.9046889419383481,2.908818297056277,3.385176591409285,1.9965583229383292,4.189280705297697,0.40235248266139295,-0.6124951744838439,9.291749311540086,16.354435553014117,11.261279216098824,5327.406,869.937,B0045,11,4,0.7783107440628891,0.8423683912712654,0.8392287646016214,0.9428594942007145,0.8487190243902439,1.010284930637884,0.8387399397644997,Degrading
0.8995555745393684,2.8890330374296957,3.3813096388474886,1.9676140964966768,4.189527524041756,0.4011741052704733,-0.6120748119063896,9.310447961834724,15.57016420519042,9.707028366022477,5299.266,804.719,B0045,12,4,0.7803738231239117,0.8375886418599173,0.8335204812720846,0.9378791968164324,0.7850917073170732,1.0091308626608724,0.8409631993309019,Degrading
0.9172141586750466,2.9038046273178506,3.3490369985986668,1.98770164017674,4.097057578524458,0.4087066318405224,-0.6158982943710155,9.29775486780575,16.481904111846188,10.690942060486105,5367.172,604.547,B0045,13,4,0.7713058245640294,0.8540307938758676,0.8377822610971026,0.9498973941930156,0.5898019512195122,0.9994992936024001,0.831191147969774,Degrading
0.937704874937008,3.0021394962492343,3.3694542187312684,1.99572402940065,4.166427487441078,0.4129355247437173,-0.625377064856349,9.245632947295453,16.686364651804713,11.830830128672204,5406.812,890.0,B0045,14,4,0.795279016979026,0.8731099833004695,0.8661530433677117,0.9569129943462829,0.8682926829268293,1.0055926861532734,0.8570256544512782,Healthy
0.9176904995045785,2.944228896373087,3.3771129586319466,1.9723902186884,4.189116912804917,0.41262650055674266,-0.6180221346577055,9.21860683892004,16.527315358470222,11.511902702885745,5353.094,892.438,B0045,15,4,0.7824128169919247,0.8544743214129787,0.8494451447545254,0.9474058296380788,0.8706712195121951,1.0078783895133185,0.8431605036943365,Degrading
0.8966691840433777,2.8777522497819072,3.382104218416538,1.976007577264544,4.189394418073402,0.4105577819660481,-0.6121745879630046,9.19413015419709,16.325076195754107,11.44982769701312,5280.031,866.531,B0045,16,4,0.7649414992231182,0.8349010837325028,0.8302658395191199,0.9344749317067429,0.8453960975609756,1.009367999998653,0.8243326870095509,Degrading
0.8825983137626903,2.8324232401797484,3.3859954600090036,1.9786838559411903,4.189251613691141,0.409651466403204,-0.6064321892488668,9.188267060937262,16.18780234880546,10.622456948235731,5248.593,840.234,B0045,17,4,0.7544899426779375,0.8217995017271631,0.8171878797278422,0.9289109448848859,0.8197404878048781,1.0105293168860245,0.8130696561776883,Degrading
0.8750297193796198,2.8048237015398487,3.3830345538672018,1.9866467601774969,4.18999236240837,0.4089950950112181,-0.6063996219926951,9.211910760834266,16.54868871782283,11.454783542847608,5203.375,844.36,B0045,18,4,0.7504048978314295,0.814752278776707,0.8092250837224066,0.9209081343972362,0.8237658536585366,1.009645652836212,0.8086674424158563,Degrading
0.8623481347070611,2.7543440522138756,3.37881379914347,1.9915335628511552,4.165973150657214,0.4065693159509077,-0.6022530715841198,9.15685740939557,15.893386512216576,10.171879645140972,5166.812,736.531,B0045,19,4,0.7407258109620256,0.8029442798234915,0.7946611029525416,0.9144371104718096,0.7185668292682926,1.0083859948011995,0.7982368569463036,Degrading
0.8677976132215116,2.7657646231283506,3.389059266953008,1.9935644864605024,4.195641973763218,0.42010542441662124,-0.5861859230293525,9.104538013834128,16.273556126855052,11.31258522417707,5340.281,807.094,B0045,21,4,0.7308525593793626,0.8080183646682224,0.7979560738447762,0.9451381483877305,0.7874087804878049,1.0114436910412066,0.787597031528381,Degrading
0.8544367142999868,2.7289304270857144,3.3783919657677504,1.9937078109097683,4.189381114418313,0.4128153527940675,-0.6037251705699035,9.196243634400288,16.57769275391533,10.810399273587219,5103.0,740.375,B0045,22,4,0.7287255851177903,0.7955778468186854,0.7873289690609405,0.9031434808809852,0.7223170731707317,1.008260101249941,0.7853049158436879,Degrading
0.8461945395172905,2.7012708193724055,3.3779346242690624,1.984098818516829,4.189726548094093,0.416396646884337,-0.6039804007945984,9.224293881462565,16.451931737613187,10.998334849702937,5051.172,797.531,B0045,23,4,0.7161023377036263,0.7879034438383629,0.7793488424115389,0.8939708137582926,0.7780790243902439,1.0081236105198998,0.7717015808562773,Degrading
0.8393155723020375,2.6720307275219723,3.3727225247575885,1.9818309446595743,4.166289777836687,0.4130458233121519,-0.6017545658130975,9.239291915944644,16.660404158556567,11.176693142084162,5027.563,743.563,B0045,24,4,0.7129204834988017,0.7814983422856621,0.7709127272422585,0.889792425664991,0.7254273170731708,1.0065680917895654,0.7682726827915238,Degrading
0.8367698703647076,2.6748116311974295,3.380735960428841,1.9984963466197727,4.189756191273931,0.4111948532055461,-0.6038091172028306,9.220514425854448,16.192781213892964,10.857471146678199,4993.765,786.875,B0045,25,4,0.7141991829499618,0.7791280039890426,0.7717150511132241,0.8838107593183683,0.7676829268292683,1.00895965189956,0.7696506623566578,Degrading
0.8265158416080368,2.6495760903699406,3.3889133424072204,1.9886589228929203,4.1890449974281685,0.3997123145751167,-0.6004829437675547,9.140591023627803,14.742856005940368,8.642072257185315,4962.469,718.735,B0045,26,4,0.7190570819844222,0.7695803359371933,0.7644342966659148,0.8782719040611369,0.7012048780487805,1.0114001407667559,0.7748857358470684,Degrading
0.8211747627660255,2.6288562431513927,3.3855430731736647,1.983664414073366,4.189274783071479,0.40113086264517683,-0.6033075067931543,9.05273466167465,14.693521549329,8.291552172415898,4907.859,706.297,B0045,27,4,0.7173975428775917,0.7646071835273072,0.7584563736717032,0.8686068706511996,0.6890702439024391,1.0103943048444899,0.7730973476729135,Degrading
0.8226531989710854,2.6245761468504387,3.375688256474184,1.9705703151314151,4.189518201774546,0.4135213809950964,-0.6065620900458145,9.311519157220646,15.86983818237976,11.169828713549872,4888.656,735.64,B0045,28,4,0.7071027496463946,0.7659837759337371,0.7572215148513153,0.8652082689926932,0.7176975609756098,1.0074531960022066,0.7620032514902652,Degrading
0.8114671121386143,2.5871692915193303,3.37794278508875,1.971779249329659,4.166301702021804,0.40460530662342287,-0.601440239072105,9.167853966731156,14.829662137922766,8.544610231037286,4866.25,652.532,B0045,29,4,0.703531206505542,0.7555682557113937,0.7464291910341393,0.8612427912673122,0.6366165853658537,1.0081260460658543,0.7581544084649362,Degrading
0.8182588020908428,2.609414938848156,3.373558298075209,1.9938420365930107,4.19002918934191,0.4158568314489528,-0.6098007335968902,9.287848514483294,15.906462051621896,10.71912276844491,4836.125,752.5,B0045,30,4,0.6941108278958862,0.7618920921969089,0.7528473255544106,0.8559111829268184,0.7341463414634146,1.0068175231457799,0.7480026177465197,Critical
0.8156463654124267,2.597778429687778,3.368742642573582,1.9993629637641337,4.1895524054233135,0.4170738781155352,-0.6120661413012833,9.322184761530549,16.353770501511462,10.760872493202537,4801.485,725.907,B0045,31,4,0.6914114388869608,0.7594596162595106,0.7494900539032999,0.849780497020936,0.7082019512195122,1.0053803206681355,0.7450936441880561,Critical
0.8100422377195504,2.584864917081504,3.3718000664169727,1.9932756058141663,4.189008492340535,0.4070782057123108,-0.6132829070943792,9.289681276195049,15.076528277493722,8.949982420310926,4760.938,671.407,B0045,32,4,0.6971551798505504,0.7542415354249947,0.7457643515305534,0.8426043734231934,0.6550312195121951,1.0062927898265805,0.7512833376833251,Degrading
0.8079986968052004,2.571595998253448,3.366360304166582,1.9801057444800891,4.189696962609597,0.41992554269413745,-0.6139518980958842,9.365909184464234,16.045850353764667,10.757884886842625,4740.907,730.36,B0045,33,4,0.6832460217432723,0.7523387662048583,0.7419361102248184,0.8390592299653202,0.7125463414634147,1.0046693265656772,0.7362942519973505,Critical
0.8194513645736353,2.5666258548964627,3.342277843498783,1.9944009127947364,4.0900107068393625,0.42282308390345,-0.6004805193877815,9.328022708662925,16.24823467681854,11.306140300251627,4914.532,490.953,B0045,34,4,0.6822029317493292,0.7630025036251376,0.7405021646003712,0.8697878772057593,0.4789785365853658,0.9974820657394324,0.7351701749556772,Critical
0.8502011065962427,2.7094137606951123,3.3722684174392836,1.9913126738513705,4.166284738890519,0.41748944710538666,-0.6129419979147948,9.373114023056761,15.761879553141288,9.4790425794374,4998.656,717.593,B0045,35,4,0.7289529213213379,0.7916340138811294,0.7816981780827957,0.8846763824351601,0.7000907317073171,1.0064325662805742,0.785549902765845,Degrading
0.8472359422000056,2.6938264955361015,3.357634548884028,1.9818085465777888,4.188598948796885,0.4246116730195818,-0.6242152942509949,9.306835708093752,16.349393593197068,10.332454980993557,4890.015,704.453,B0045,36,4,0.7139321758287004,0.7888731082852662,0.7772010662157008,0.8654487886851324,0.687271219512195,1.0020651790914303,0.7693629244081434,Degrading
0.8252084061334589,2.62909402747241,3.3697954619483568,1.999993313622792,4.188722662834883,0.42117158788500225,-0.6139171694764338,9.339526786032339,16.22246271510604,10.839833611523423,4842.11,762.907,B0045,37,4,0.6957731747455482,0.7683629646769108,0.758524977283751,0.856970425280938,0.744299512195122,1.0056945280721798,0.7497940316608066,Critical
0.8120597176036924,2.5916313736699155,3.3766733742445987,1.97465958029416,4.188679542275547,0.41112399958350815,-0.6092419901647167,9.1327535688995,14.780023826016944,8.430756383308424,4798.281,679.297,B0045,38,4,0.7018312962317095,0.7561200388593196,0.7477165549422171,0.8492134439712119,0.6627287804878049,1.0077471982828792,0.7563225146467466,Degrading
0.8174392437510302,2.595865074270686,3.356692310359256,1.978180955008712,4.1894790557667125,0.42480699694262836,-0.6214369612467493,9.343849839453913,16.357147782799643,10.53387183025022,4739.188,681.172,B0045,39,4,0.6911808244378487,0.7611289900871586,0.7489380280498613,0.8387549964470693,0.6645580487804879,1.0017839738553256,0.7448451244925071,Critical
0.7947318955086043,2.526470965874147,3.3716599583869122,1.9845097801200728,4.165443751495042,0.41449279056812366,-0.6049628311237817,9.257582649630315,15.304013119865168,8.869939890557658,4733.156,653.297,B0045,40,4,0.6843279752855028,0.7399858639558434,0.7289170002946403,0.8376874358990242,0.6373629268292683,1.006250975455126,0.7374602100106001,Critical
0.8048258145395231,2.5549612032316844,3.358461612325261,1.9921664972023336,4.189848639216605,0.42704572239870164,-0.620638817556179,9.38425161776499,16.298057069520368,10.6882886044821,4670.61,712.25,B0045,41,4,0.6741394908812485,0.7493844516267391,0.7371367735011586,0.8266178665956374,0.6948780487804878,1.0023120110391284,0.7264806766292321,Critical
0.7738142745202435,2.4595104764228854,3.3733153872943236,1.9991203083414104,4.165425573897933,0.41257068270354963,-0.6013875939812509,9.144982402264807,15.088230300481198,10.064613155464873,4635.0,655.765,B0045,42,4,0.6670070174301739,0.7205091776337635,0.7095981006245676,0.8203155073257625,0.639770731707317,1.0067450279317811,0.7187944274050497,Critical
0.7877468952544389,2.506258038714055,3.367632771675607,1.9790832878431532,4.188987638858462,0.4172287219242889,-0.6146269558442435,9.26257479341655,15.201775291002932,10.072683658291727,4615.86,671.438,B0045,43,4,0.6804085117374855,0.7334820335735198,0.7230853297820087,0.8169280555867733,0.6550614634146341,1.0050490865913009,0.7332364335238303,Critical
0.7849627979273418,2.493927380034696,3.363321307304569,1.9986367632788744,4.189580414945199,0.4229384748469973,-0.6171094630530605,9.40011028670591,15.820509282900383,10.675248304222224,4580.75,687.234,B0045,44,4,0.6617864063235485,0.7308897220310083,0.7195277877173581,0.8107141877416368,0.6704721951219512,1.0037623568253868,0.7131684803414807,Critical
0.7858167237555984,2.481803206456349,3.346491714827562,1.9713723245890475,4.16611714089707,0.4228131163487178,-0.6209228615247188,9.419332811255556,15.58071439830652,9.246532806024046,4557.406,587.344,B0045,45,4,0.6623168733492338,0.7316848241847632,0.7160298190665598,0.8065827001034465,0.573018536585366,0.9987396694679694,0.713740133610518,Critical
0.7794200777881236,2.47509305738645,3.3599039237162853,1.98430560045228,4.188826402459722,0.41429121024055576,-0.6204303388657685,9.207828068558017,14.525034072927795,9.779306309207684,4524.032000000007,646.2820000000065,B0045,46,4,0.6679358357181778,0.725728818619349,0.71409386104542,0.8006760744850033,0.6305190243902503,1.002742459916548,0.7197953605167603,Critical
0.7812938127457411,2.472088644936677,3.349639562276425,1.9946795397137125,4.189296725569063,0.4311659276530074,-0.6244948594173985,9.478974220669317,16.256345838594637,10.480505088316768,4502.938,647.516,B0045,47,4,0.6488990885270688,0.7274734791637071,0.7132270522278571,0.7969427982581347,0.6317229268292682,0.999679124989907,0.6992805721572505,Critical
0.7746086583811568,2.452110156999336,3.352423027875088,1.9789936656967484,4.189791506946971,0.43018587522720525,-0.6219881914832105,9.37536325812961,15.916519503570711,10.523668544403776,4483.094,678.016,B0045,48,4,0.6503639129625527,0.7212488394378922,0.7074630202265352,0.7934307505931137,0.6614790243902439,1.0005098330115842,0.70085912772539,Critical
0.7681234435608943,2.434127743999429,3.3563090390508155,1.9690947658783289,4.189224626327275,0.4250155035902406,-0.6249048536030644,9.348977069227304,15.322696472607957,10.333780537953714,4448.36,649.985,B0045,49,4,0.6572077690202801,0.7152103661881933,0.7022748796466507,0.7872834282993806,0.6341317073170731,1.0016695889135634,0.7082343508755299,Critical
0.7693259082809022,2.4227649368209323,3.340602870094091,1.9951107736579323,4.165757111360098,0.43257643838511445,-0.6235638134980177,9.539830147989116,16.435471374813734,10.705267945634203,4440.531,622.39,B0045,50,4,0.6363517458476216,0.7163299977265022,0.6989965742810434,0.7858978295708254,0.607209756097561,0.9969821803289419,0.6857590352602682,Critical
0.770346626936987,2.4395510792877846,3.348511229053965,1.965197509539028,4.188761935596181,0.42223879235878903,-0.627718646983615,9.436879605277216,14.7528730574534,8.422354120268961,4416.547,608.0,B0045,51,4,0.6536449360948587,0.7172804029900224,0.7038395765473383,0.7816530729089697,0.593170731707317,0.9993423809469869,0.7043948943396229,Critical
0.7723549135100984,2.4325713781600933,3.3328844784891074,1.9820270227741767,4.188802708146619,0.4354653766057157,-0.6340722598435242,9.4879310296259,16.57328291132994,10.305894083001153,4382.937,581.047,B0045,52,4,0.6391428272150887,0.7191503464052464,0.70182584954328,0.7757046793380487,0.5668751219512196,0.9946786742882037,0.6887668203074164,Critical
0.7574752219853892,2.4001235359747626,3.3518219079975298,1.9731005832473116,4.18882331762149,0.4189092561940738,-0.626972097350462,9.300314416191522,14.528444176948046,9.708135894440083,4347.453,625.312,B0045,53,4,0.6482206049496236,0.7052956597486075,0.6924642601518968,0.7694246199072079,0.6100604878048781,1.0003304325172808,0.6985494101127604,Critical
0.7582127587735129,2.394183210652024,3.268327350028982,1.9974420919351863,4.189363830091343,0.4414205106619069,-0.7596521990041524,10.076022301978172,15.828293567742277,10.272451270920111,3581.188,656.0,B0045,54,4,0.6287957471922729,0.7059823904567158,0.690750405461496,0.6338088567527363,0.64,0.9754120002204363,0.6776163777094227,Critical
0.7721323687409286,2.398717864667994,3.3368580984170784,1.9759474231215743,4.087899947377259,0.4260536809740577,-0.5857626315966499,9.254842453288928,15.05093934814998,10.513038178493538,4746.5,407.328,B0045,55,4,0.6380571850193401,0.7189431318915045,0.6920587072181129,0.8400490950424448,0.39739317073170727,0.9958645764782104,0.6875968872481415,Critical
0.8101881243955571,2.546951982848302,3.339305489603821,1.9944210992064384,4.164689190245494,0.44430005979862,-0.6234849422351091,9.58411609363967,16.878888140585346,11.383707954838435,4679.156,687.625,B0045,56,4,0.6554825047832906,0.7543773725275378,0.7348260179154382,0.8281303620272676,0.6708536585365854,0.9965949851787835,0.7063751345750371,Critical
0.7992777255640627,2.5169644164697313,3.339570448565296,1.972391693643957,4.1883794105875705,0.44651701434149377,-0.625755737381111,9.566905713744635,16.752865016509336,10.964965153580902,4596.578,673.953,B0045,57,4,0.6484934835397033,0.7442185492173705,0.726174247431608,0.8135154722831585,0.6575151219512195,0.9966740605353529,0.6988434753996041,Critical
0.7840639799083053,2.471996292697706,3.3451677206996573,1.9932621672542288,4.188367290905127,0.4400238237461333,-0.6206303941303277,9.486246140892044,16.630725230629476,10.612563110904265,4544.641,645.641,B0045,58,4,0.6454071687844921,0.730052820137282,0.7132004075056694,0.8043235140298728,0.6298936585365853,0.9983445316429385,0.69551753460844,Critical
0.7735433388030447,2.445653264559924,3.3544794166161487,1.9848873247448808,4.189241965038727,0.4315337822161972,-0.6149058946531849,9.492943245052498,15.270710849004711,9.369620967593914,4526.938,646.891,B0045,59,4,0.6427008031845645,0.7202569056387663,0.7056001297632233,0.8011903866455821,0.6311131707317073,1.0011235494604984,0.6926010427861446,Critical
0.7743853200021921,2.438738058786043,3.3411905698302573,1.9683654551310577,4.189229122156955,0.44175692058228644,-0.6208754134190153,9.621291466671476,16.438070093673065,10.805011622488383,4487.438,662.578,B0045,60,4,0.6352454880802477,0.7210408859830897,0.7036050104378075,0.7941995640912417,0.6464175609756098,0.9971575756653906,0.6845668860059387,Critical
0.7468360882928505,2.3245193683214884,3.3372444928972818,1.9924043536128275,4.106243161598799,0.4358658079099028,-0.5953707956325988,9.480811280043975,15.659914658719188,9.26222100215556,4513.312,441.234,B0045,61,4,0.6156760019587869,0.6953894151625932,0.6706515562499028,0.7987788183386089,0.4304721951219512,0.9959798935111893,0.6634779960786914,Critical
0.7486208951509892,2.3445901849591153,3.3510332188429146,1.9776141524479487,4.132596928052376,0.4321489348822529,-0.5897510821772117,9.448949676434,15.265721279585906,9.184176986641098,4568.438,531.297,B0045,62,4,0.6170833682807023,0.6970512735231021,0.6764422261822212,0.8085351748988764,0.5183385365853659,1.0000950531371067,0.6649946324004617,Critical
0.766761090677144,2.4233036870476097,3.3573066817086326,1.996982635601323,4.18912672162077,0.4331536933633804,-0.612901822920554,9.522656892771677,15.459947276103474,9.450041015203176,4499.656,621.906,B0045,63,4,0.6434227390858672,0.7139418605683836,0.6991520101457109,0.7963619405461513,0.6067375609756097,1.0019673291690974,0.6933790308570938,Critical
0.7677745472436439,2.4124597403585213,3.3367004271481884,1.9822999400765693,4.18937088770508,0.4466188506056757,-0.6232202673264151,9.570096566546104,16.472719613709117,10.750013368641667,4430.984,653.328,B0045,64,4,0.6278124433742752,0.7148855039998118,0.6960234022183958,0.7842081743068688,0.6373931707317073,0.995817520467201,0.6765567287306969,Critical
0.7526715279171738,2.372955877220985,3.3507625069372007,1.9703495135592828,4.189359078886884,0.4371073735820091,-0.6137007803105949,9.488568418373822,15.321947787344948,9.15211262490505,4411.141,594.344,B0045,65,4,0.6290078315253372,0.7008228737369513,0.6846260666435141,0.7806963036246971,0.5798478048780489,1.000014260850057,0.6778449285833459,Critical
0.7760918731720211,2.4065597153130196,3.3452602996349197,1.980504790064301,4.107093365455889,0.4393714407910624,-0.5721341781091527,9.378195494421618,15.469187485474004,9.344783647860208,4883.312,476.328,B0045,67,4,0.6266355568292261,0.7226298812516819,0.6943211746385343,0.8642624726450883,0.464710243902439,0.9983721612512216,0.6752884669760778,Critical
0.7866230064595782,2.468508485453109,3.3478192813331984,1.9754246490329652,4.165486716481237,0.44760023718020686,-0.6067408181545574,9.495184531517388,15.90915813248566,9.443843460545205,4663.907,613.391,B0045,68,4,0.6495813516716594,0.7324355651663056,0.7121941335256089,0.8254315505555934,0.598430243902439,0.9991358734469488,0.7000158072200614,Critical
0.7754552706405983,2.4381904241331465,3.3500352436555985,1.9843068510361204,4.189250217496488,0.44979920483597535,-0.6091205801279866,9.474914433741436,16.128312311530546,10.420100807106657,4581.328,643.938,B0045,69,4,0.6337485177966306,0.7220371318265316,0.7034470113102345,0.8108164838286346,0.6282321951219512,0.9997972136402088,0.6829536887385387,Critical
0.7590747863495643,2.3902246920703365,3.3590566596536764,1.9881721268958945,4.189075663187289,0.4430184342639093,-0.5996804433722752,9.411639640493867,15.803292200329722,9.428002844909713,4553.031,628.906,B0045,70,4,0.6298550929085645,0.7067850362599397,0.6896083256477366,0.8058084001369846,0.6135668292682926,1.002489599218853,0.6787579725917366,Critical
0.7563380537461224,2.377219505847709,3.3495911750877263,1.9809529177782503,4.189728966453982,0.44425572356417753,-0.6062605227298314,9.476832839675836,15.46350630780127,9.273926392374843,4486.5,599.734,B0045,71,4,0.6183063778386736,0.70423682666697,0.6858561743435195,0.7940335541784322,0.5851063414634147,0.9996646841339404,0.6663125982268482,Critical
0.7492572321703984,2.349948507668829,3.3462597198775272,1.9697892783360584,4.189240671585531,0.4517620447969772,-0.6055249640579493,9.49822266009937,16.26952559815265,10.822196858026564,4450.625,631.25,B0045,72,4,0.6069476168507777,0.697643775726343,0.6779881661787347,0.7876842944534459,0.6158536585365854,0.9986704320158971,0.6540719262594349,Critical
1.7981804931271388,6.177941080161229,3.4409645322869102,2.1792997733612083,4.23781853684158,0.33266708974229325,-1.0031661082518326,9.035891964302168,13.880080551261509,7.4816252048861545,6436.141,3128.422,B0046,1,4,1.7282392323598248,1.1394531860376815,1.1445247479444869,1.1390865738155642,1.1268959321590655,1.0043959424988806,1.1398875750334314,Healthy
1.578108267334884,5.3978221888661855,3.4252545586780085,2.1744736968146285,4.162338775528476,0.324416627188017,-1.0024459582241103,8.872109574065124,12.941526372487642,7.336460768576002,5650.265,2773.031,B0046,2,4,1.5161488467923143,1.0,1.0,1.0,0.9988797398979374,0.9998102998392457,1.0,Healthy
1.561445626840504,5.3417152292633165,3.425904453303529,2.195666899317151,4.180873304847234,0.3259611149510463,-1.0023572232862559,8.6284456728549,13.359691095670462,7.036154913419369,5590.907,2776.141,B0046,3,4,1.503121190703977,0.9894413831805595,0.9896056302635167,0.9894946520207459,1.0,1.0,0.9914074029631723,Healthy
1.54818732136084,5.292481950157977,3.423608435843718,2.1796283675041006,4.182266567788393,0.3282197984864449,-1.0022919216677797,8.63136091760955,12.683911154117247,7.899396462339398,5543.61,2638.282,B0046,4,4,1.48586566102824,0.9810399916194756,0.9804846778900037,0.9811238941890335,0.9503414992250033,0.9993298069192803,0.9800262448979571,Healthy
1.5357868857992394,5.246074802847041,3.4211455348547464,2.1952581561866973,4.180656549578995,0.3300594684044501,-1.0022939530561292,8.67696820980418,13.065399804685724,8.005527476677784,5499.046,2550.125,B0046,5,4,1.4694562316392716,0.9731822065623437,0.9718872944106707,0.9732368304849418,0.9185862677724222,0.9986109015841952,0.9692031456859732,Healthy
1.5254879466439104,5.2064135279818995,3.418211640329191,2.1940346005371705,4.180899052149243,0.33009999497241194,-1.0024377453810243,8.714755394110101,12.802479603911388,7.515855438663681,5461.219,2490.657,B0046,6,4,1.458955459264481,0.9666560769117324,0.964539650587399,0.9665421002377764,0.8971651656021794,0.9977545161929662,0.9622771948487536,Healthy
1.5223364218458224,5.155123683273122,3.3913871477101263,2.1978529182010296,4.121126965024616,0.3226024836852678,-1.0021665244093547,8.941517894800649,13.585554405586658,9.044841991412792,5451.281,2471.515,B0046,7,4,1.4556853555098297,0.9646590499248512,0.955037699075441,0.9647832446796742,0.890269982684597,0.9899246152179993,0.9601203460923998,Healthy
1.5271334837824089,5.191874847340206,3.405195390316552,2.190965071547283,4.158094572470294,0.33414838543876374,-1.002235007588667,8.956808204433374,13.94301293338268,8.443811826738017,5468.062,2438.687,B0046,8,4,1.456232262380321,0.9676988045702583,0.9618462160626973,0.9677531938767473,0.8784449348934366,0.9939551545382395,0.9604810671862742,Healthy
1.5112931778687635,5.143725389226822,3.4089875975783017,2.1866396618663058,4.180141305155931,0.33519899020528177,-1.0021923537852624,8.857079944726477,13.134169173843691,8.06628674251391,5411.297,2497.469,B0046,9,4,1.4440592236675138,0.9576612765745419,0.9529260522579873,0.9577067624261869,0.899618931459173,0.9950620760281523,0.9524521465835502,Healthy
1.4994852196427415,5.097912462513236,3.405344636824463,2.183328288428697,4.179370029585307,0.339015984513181,-1.002036442615774,8.951187295260016,14.086951683642924,8.242975026602661,5369.703,2382.25,B0046,10,4,1.428294264765868,0.9501789266810435,0.9444387540272152,0.9503453377850419,0.8581156360573904,0.993998718656838,0.9420541180951207,Healthy
1.4875852780942564,5.054017416920532,3.4032461605763142,2.169516718963703,4.178701514525068,0.33868025792262746,-1.0019449254309927,8.966158040889411,13.314723048488911,8.296797084853452,5327.406,2453.437,B0046,11,4,1.4199848948034668,0.9426382897077757,0.9363067622614909,0.9428594942007145,0.8837580656025756,0.9933861866155181,0.9365735414485855,Healthy
1.4797597491914798,5.017841200384262,3.3967709514446076,2.1506636217123933,4.178686122362143,0.34487656529063965,-1.0019368953910395,8.972930848723113,14.173291675329546,8.370106703712374,5299.266,2298.328,B0046,12,4,1.4043226018516568,0.9376794861422939,0.9296047599964128,0.9378791968164324,0.8278859034897723,0.9914961137252883,0.926243227914432,Healthy
1.498882167044807,5.046661042790181,3.3721964614287634,2.1813781395662764,4.104216707532647,0.326601194057571,-1.0020744940471753,9.032800036514974,13.959348125513564,8.304979789031412,5367.172,2278.25,B0046,13,4,1.4234351301615986,0.9497967902900132,0.9349439211242773,0.9498973941930156,0.8206535619048168,0.9843229743833118,0.938849198858761,Healthy
1.5097523991393391,5.118992323144648,3.3962096829403037,2.197114951660172,4.155511867054,0.33590363084480995,-1.0019365649129635,8.8666091485246,13.523198161538613,8.765510718121897,5406.812,2431.187,B0046,14,4,1.4339948857967295,0.956684931186005,0.9483440069039945,0.9569129943462829,0.8757433430074336,0.9913322829728684,0.9458140530401112,Healthy
1.4945247793512801,5.071261503441323,3.3989726713804767,2.157995006136477,4.17891702072451,0.34321528277080354,-1.0017349404979956,8.91721938287038,13.750234723504356,8.80144023223334,5353.094,2424.313,B0046,15,4,1.4185177047756572,0.9470356440596056,0.9395014000093515,0.9474058296380788,0.8732672439908492,0.9921387819508268,0.9356058330135505,Healthy
1.474000683506656,4.9997309008909285,3.39769311615204,2.198419108542039,4.178285871350945,0.3391751766715806,-1.001588196535767,8.923958703020183,13.400973711086476,8.5613711031016,5280.031,2401.406,B0046,16,4,1.4056313337829422,0.9340301384999107,0.9262496477197082,0.9344749317067429,0.8650158619464933,0.991765287813475,0.9271064228006427,Healthy
1.465361408256116,4.962154686877803,3.3923860221630204,2.151164339585934,4.178074763829319,0.34508000729365307,-1.0016469274447983,8.991317663963024,13.648707282364962,8.163198544840132,5248.593,2350.031,B0046,17,4,1.3890214025155618,0.9285556882170223,0.9192882820617893,0.9289109448848859,0.8465099575273733,0.9902161803992556,0.9161510793971757,Healthy
1.4528887160299322,4.912836852892029,3.387564802409393,2.152208745567858,4.177918597629585,0.3479959310646284,-1.0017210974492488,9.016720196858456,13.959820884900516,8.872123713099874,5203.375,2251.797,B0046,18,4,1.3723339082737365,0.9206521162730975,0.9101516650595659,0.9209081343972362,0.8111248672167588,0.9888088966237322,0.9051445781046866,Healthy
1.4425423461482383,4.860244473434546,3.3755889260430436,2.165968185309718,4.151019587024004,0.3458902183522197,-1.0015714385037338,8.999593683204713,14.349640095291218,8.688162001730284,5166.812,2092.125,B0046,19,4,1.3615778905990563,0.914095931190076,0.9004084060900571,0.9144371104718096,0.7536090566005113,0.9853132135042566,0.8980502761847686,Healthy
1.491014563020808,5.026120845818407,3.3771442240108183,2.199378116446157,4.178852366259435,0.34764718537438866,-1.0017131896387048,9.073580268946476,13.720010432160604,8.699809002378185,5340.281,2275.859,B0046,21,4,1.4100282016237429,0.9448113249788874,0.9311386462832236,0.9451381483877305,0.819792294411559,0.98576719521594,0.9300064466671009,Healthy
1.4246752371241287,4.797579350331274,3.3739069772216053,2.1709534591124666,4.177296277706522,0.3520484342617095,-1.0014759387718013,9.035703497783533,14.214578668306734,8.47170033454628,5103.0,2047.156,B0046,22,4,1.3395671374926488,0.9027740786949467,0.8887990716380021,0.9031434808809852,0.7374106718642893,0.9848222632035801,0.8835327351445368,Healthy
1.4106538681174188,4.749136738502396,3.3730377771688125,2.1705625280743464,4.176859724330072,0.3496329879324099,-1.001751590105337,9.0428494070086,13.7206185074268,8.280490065375812,5051.172,2095.859,B0046,23,4,1.3291515487117478,0.8938891566037716,0.879824598205217,0.8939708137582926,0.7549540891474892,0.9845685491655384,0.8766629684966665,Healthy
1.4036042506615163,4.709822201710487,3.361814920655554,2.1762627754763426,4.148811503971785,0.34884318537197573,-1.0013919768296455,9.103478864398264,14.307049577086085,8.856348701412879,5027.563,2001.36,B0046,24,4,1.3181687033905718,0.8894220249108314,0.8725411910427875,0.889792425664991,0.720914391596104,0.9812926678132617,0.869419058807712,Healthy
1.3940485839460184,4.685763948012487,3.36759601245628,2.16031962283908,4.17607839536505,0.3508852130193776,-1.0012785845104528,9.08626820310501,13.73206507015365,8.425880670036296,4993.765,2061.031,B0046,25,4,1.312423708466101,0.8833668847703926,0.8680841613637394,0.8838107593183683,0.7424086168533947,0.9829801322126706,0.865629856357949,Healthy
1.3851343582995153,4.647418834498295,3.3619567307164724,2.144904732455604,4.175479903911147,0.3563292236260374,-1.0011100184599881,9.113491912356011,14.550153842364988,8.508137346905343,4962.469,1910.75,B0046,26,4,1.2993237532162487,0.8777182066467062,0.8609803494609902,0.8782719040611369,0.6882755594906743,0.9813340612796737,0.8569895732633388,Healthy
1.369809986878178,4.594386220354928,3.360770876263507,2.196218583907234,4.175276949812811,0.35120199055243373,-1.0010016783342919,8.977476169539525,14.437029519118854,8.100972450447205,4907.859,1861.234,B0046,27,4,1.2877483042174591,0.8680076109046173,0.8511555326575106,0.8686068706511996,0.6704392896470316,0.9809879178103712,0.8493548024271643,Degrading
1.3647346526375863,4.573910933904576,3.3581255157395584,2.1691838412748474,4.175506752243359,0.35139713759051244,-1.0011852000845294,9.205520238536876,14.364000921258654,9.68122260138229,4888.656,1879.234,B0046,28,4,1.2865282739749122,0.8647915234246608,0.8473622831331773,0.8652082689926932,0.6769231101734385,0.9802157536826187,0.8485501121455155,Degrading
1.3582740547702568,4.537905629836343,3.347714666699619,2.1947559967284405,4.145965438635247,0.34964729836077796,-1.0010003485675925,9.14555330973735,14.693349843683665,8.487422044310932,4866.25,1768.329,B0046,29,4,1.2719636386987183,0.8606976358245152,0.8406919440948706,0.8612427912673122,0.6369737704244849,0.9771768922135253,0.8389437761271172,Degrading
1.3499655908776071,4.518401266874459,3.353800882166825,2.1877179876194037,4.174989626740224,0.350499107355799,-1.0010290829534054,9.111354213090989,14.058016587648105,8.884202753259796,4836.125,1857.812,B0046,30,4,1.2714495345417192,0.8554328108029209,0.8370785677591116,0.8559111829268184,0.6692066433225113,0.9789534202954271,0.8386046905827877,Degrading
1.3402317984730172,4.4815034615985745,3.350657273692142,2.1508230766314127,4.175655686812431,0.3552042190283881,-1.0009585460015413,9.163824507961877,13.779152574880364,8.198671733801035,4801.485,1875.172,B0046,31,4,1.2615423884659074,0.8492647977419232,0.8302428840361479,0.849780497020936,0.6754599280079794,0.97803582071916,0.8320702753789163,Degrading
1.328935791003391,4.441587613079215,3.349047830330531,2.190167787518222,4.174757798171361,0.35475876178183274,-1.0009004370775454,9.165326915001913,14.383739114376208,8.312486694926317,4760.938,1753.922,B0046,32,4,1.2421201619204132,0.842106855727778,0.8228480779231025,0.8426043734231934,0.6317841925175991,0.9775660343069735,0.8192600380551962,Degrading
1.3233087810135127,4.416939123510835,3.3446343037059103,2.18851427579806,4.175734259626989,0.35521545928972764,-1.0008534371371294,9.179753755489338,14.589504036127655,9.308805860158179,4740.907,1772.438,B0046,33,4,1.2402537441669796,0.838541187828844,0.8182817012056143,0.8390592299653202,0.6384538825657631,0.9762777535960608,0.8180290126467198,Degrading
1.3720421088131234,4.547526592508686,3.3205030122204913,2.163748582486284,4.087128849753504,0.3416441563921132,-1.0011746350209894,9.27415763140438,13.891154624298236,9.0034143004865,4914.532,1679.047,B0046,34,4,1.2851130012242886,0.8694220398010042,0.8424743226793648,0.8697878772057593,0.6048133001890034,0.9692339811224445,0.8476166465734393,Degrading
1.3954361567428335,4.664745195735989,3.349264182688189,2.153820870810703,4.147121879450348,0.3547606055320605,-1.0011690143333174,9.271981913108279,14.673096336965486,8.473259328456152,4998.656,1876.875,B0046,35,4,1.3043327841699193,0.8842461481425808,0.864190229414693,0.8846763824351601,0.6760733694722278,0.9776291862017816,0.8602933590125205,Healthy
1.3649937776425434,4.5739220523284425,3.3574536928825296,2.1856873619664867,4.17500990248918,0.3544355923693499,-1.0009996740645901,9.033984664610193,13.896967367053858,7.936039262552428,4890.015,1878.984,B0046,36,4,1.2778639041619957,0.8649557231885938,0.8473643429312733,0.8654487886851324,0.6768330571105717,0.9800196528087659,0.8428353897214952,Degrading
1.351492795007272,4.523481578182114,3.3535254761184166,2.1586585951828057,4.175207914830006,0.35523759723865606,-1.0008611138640546,9.172120651818531,13.908543615362126,8.53708203462974,4842.11,1897.594,B0046,37,4,1.272346459165154,0.8564005543736735,0.8380197457249463,0.856970425280938,0.6835366071103737,0.978873030999064,0.8391962714327369,Degrading
1.3392718817443476,4.473862425652289,3.347073227310051,2.149734467121552,4.174827125492382,0.36056955199382246,-1.000811467966266,9.093365400458568,14.617560660341365,8.326680818710987,4798.281,1760.047,B0046,38,4,1.2477883952768762,0.8486565272268142,0.8288273064793239,0.8492134439712119,0.6339904925578348,0.9769896600830585,0.8229986111962536,Degrading
1.3230526920993149,4.4211968842478555,3.348504626898048,2.180494984747436,4.1748101416565255,0.3571320122083751,-1.000971558605881,9.119927887302934,14.288124170416689,8.493596852234688,4739.188,1806.938,B0046,39,4,1.2352499196655526,0.8383789119448007,0.819070493534825,0.8387549964470693,0.6508812052413765,0.9774074766355944,0.8147286608956278,Degrading
1.3211722790527438,4.394260780524117,3.3328169133314747,2.1583931144361963,4.144890688492612,0.35828566347099544,-1.0007926094103774,9.185345552194319,14.875868929885128,8.503321229084953,4733.156,1667.266,B0046,40,4,1.229251291851949,0.8371873504496273,0.8140803136472218,0.8376874358990242,0.60056963965447,0.9728283315425531,0.8107721708542346,Degrading
1.3036356656473649,4.350221436516485,3.343773088070051,2.1973084174346607,4.174530382960434,0.3535538218865468,-1.0006667122739987,9.156968538676207,13.880179808466218,8.26466295369675,4670.61,1756.86,B0046,41,4,1.223890910501634,0.8260749231413319,0.8059215891715489,0.8266178665956374,0.6328424961124092,0.9760263701591909,0.8072366463827054,Degrading
1.2934635529880905,4.3070313035929875,3.33676988143417,2.194834923129504,4.1743300924480256,0.3586723585929799,-1.0004434396725717,9.08775088318824,14.631961684725407,9.631751846332815,4635.0,1644.656,B0046,42,4,1.205423323571373,0.8196291596472637,0.7979201894565706,0.8203155073257625,0.5924252406487999,0.9739821781125833,0.7950560567464486,Degrading
1.2881600244139053,4.284389119885145,3.333058450714012,2.153169565361056,4.173688629517977,0.3626308825367711,-1.0004321685718414,9.184456763175827,14.768164211079869,9.664507521019909,4615.86,1605.016,B0046,43,4,1.1957824090008151,0.8162684722445283,0.7937255007625739,0.8169280555867733,0.5781464270006459,0.9728988347879967,0.7886972387511345,Degrading
1.2784958875805115,4.2492910161184625,3.3307168993094938,2.1789077465484965,4.174343502341572,0.3613340046505912,-1.0004986868063772,9.215049403610458,15.037938036453404,9.88841204693285,4580.75,1608.547,B0046,44,4,1.190072949669846,0.8101445978352555,0.7872232295615924,0.8107141877416368,0.5794183364605761,0.9722153506347068,0.7849314743652375,Degrading
1.2718558433552796,4.215963515385178,3.3218468956700393,2.16713614374112,4.14222437268915,0.3574890819566788,-1.000373674220122,9.185331012909922,14.290141125898849,8.025335181360502,4557.406,1581.094,B0046,45,4,1.179201763233652,0.8059370004462337,0.7810489801018702,0.8065827001034465,0.569529429521051,0.9696262522636471,0.7777612110634556,Degrading
1.262380851441509,4.191244241440342,3.327359417043662,2.175632256591337,4.173393414123743,0.3603640987702719,-1.0001870072907715,9.046655941616262,13.996450231420782,9.269688770757714,4524.032000000007,1527.25,B0046,46,4,1.169504032514554,0.7999329815142677,0.7764694898778639,0.8006760744850033,0.5501341610530589,0.9712353226416335,0.771364919076943,Degrading
1.2564159485465896,4.169789441423948,3.3259632346577273,2.199283556452788,4.173536996898156,0.35981461836904943,-1.0001225394585929,9.26195924957788,14.935082428364884,9.174002167739484,4502.938,1587.828,B0046,47,4,1.16772376849918,0.7961532009894544,0.7724947757680424,0.7969427982581347,0.5719550988224301,0.9708277857692644,0.7701907177317779,Degrading
1.250959295925189,4.1469621103091745,3.322240958381916,2.176786994904175,4.174582549013794,0.3637121557604355,-1.0001481029921278,9.252994157098664,14.99164974108056,9.59696410956779,4483.094,1518.922,B0046,48,4,1.1579256145829042,0.7926954834586947,0.7682657866839154,0.7934307505931137,0.5471343134228412,0.9697412766950776,0.7637281900340486,Degrading
1.241265413403859,4.1156232351003315,3.325985699672719,2.19883821425474,4.174588307825947,0.3605940041888144,-0.9999638117239763,9.26310734626783,14.811846373564524,9.81019684035809,4448.36,1491.641,B0046,49,4,1.1499812813376982,0.7865527600968172,0.7624599497903838,0.7872834282993806,0.5373073629905686,0.9708343431660914,0.7584883791394825,Degrading
1.2393884167714637,4.095457159165453,3.3114789937571287,2.165246924019346,4.140409334076233,0.3567736113228503,-1.0003136352879307,9.331127163327569,14.247555903096725,8.568462254778227,4440.531,1480.406,B0046,50,4,1.150285902223034,0.7853633634811052,0.7587239845752877,0.7858978295708254,0.5332603783453361,0.9665999267912851,0.7586892966720721,Degrading
1.2325415380120428,4.079335972625627,3.3170441017303047,2.159522238937832,4.1724288341154105,0.3648697722808438,-1.0001598810351362,9.266824205941363,14.332240013732582,8.059409581986543,4416.547,1511.531,B0046,51,4,1.1349452274085248,0.7810247012352101,0.7557373751658338,0.7816530729089697,0.5444719846722482,0.9682243468675105,0.7485711114774157,Critical
1.2233354455536007,4.045986921951972,3.314496922697215,2.1831972567411246,4.172310550176221,0.3596251642508673,-1.0002538884639347,9.20992133972331,14.276871638701772,8.052993279613379,4382.937,1516.859,B0046,52,4,1.1380960963513609,0.7751910758439754,0.7495591333663091,0.7757046793380487,0.5463911955480647,0.9674808413004964,0.7506493170239901,Degrading
1.213346452048734,4.014398840471097,3.315933995614132,2.191895759269081,4.1745648072291,0.359892827193031,-1.0001281764463046,9.1721362476023,13.777310967702926,8.929255041924005,4347.453,1386.531,B0046,53,4,1.123711172150547,0.7688613494800574,0.743707128543692,0.7694246199072079,0.4994454532388664,0.9679003138621234,0.7411615122934402,Critical
1.3250886277698892,4.359150420280081,3.2963331961890048,2.198908641131297,4.101731329888953,0.3554648759496754,-1.0007810921100906,9.25834987796474,14.96165525093106,10.523579648407953,4746.5,1449.906,B0046,55,4,1.214119211354098,0.8396690234743555,0.807575771812469,0.8400490950424448,0.522273904675591,0.9621789635757118,0.8007915673469564,Degrading
1.3060561175935386,4.328070579787752,3.3205927834140843,2.1759612427269523,4.14324574268369,0.36154835925301065,-1.0005274848759138,9.311634785976043,14.622124863653871,9.144040336146384,4679.156,1643.172,B0046,56,4,1.211944797522819,0.8276086911319536,0.8018179236646669,0.8281303620272676,0.5918906856676228,0.969260184770216,0.7993573982441805,Degrading
1.2828821675045599,4.266166503146055,3.3321448974569696,2.1740843812957524,4.174381858889519,0.3612230958960906,-1.0003494909916653,9.306501252940654,14.181162993443126,8.414881412545128,4596.578,1675.5,B0046,57,4,1.1971248679331925,0.8129240522078354,0.7903495806041296,0.8135154722831585,0.6035356273330497,0.9726321743281109,0.7895826788154248,Degrading
1.2681791973403158,4.214458826320476,3.3300589536831566,2.1699286892596934,4.173792780760516,0.3625184991500044,-1.0001304668043078,9.361883663268088,13.989284902759552,7.9845247398656785,4544.641,1663.766,B0046,58,4,1.1822892151870987,0.8036072198531867,0.7807702215559131,0.8043235140298728,0.5993088967743353,0.9720233004373632,0.7797975889296386,Degrading
1.2630948949266467,4.192767617805498,3.326398154149516,2.15658205310809,4.174292933831419,0.36848671288760165,-0.9999751500715209,9.565977385225588,15.042601535042603,9.12757211198333,4526.938,1637.844,B0046,59,4,1.1645336676778395,0.8003854495102334,0.7767517104312379,0.8011903866455821,0.5899714747918063,0.9709547360382275,0.7680866361779848,Degrading
1.2522979614005092,4.15397060821811,3.324081152870965,2.159229413482601,4.174080626824366,0.36793174437152404,-1.0001108627417226,9.613253810213061,15.027421071078606,9.350422718476047,4487.438,1581.0,B0046,60,4,1.1535559567518647,0.7935437557243111,0.7695641803070681,0.7941995640912417,0.569495569569413,0.9702784179125667,0.7608461129607558,Degrading
1.2590305550024827,4.134136027584256,3.2901896835135895,2.1981836512731,4.089380393518967,0.35241814849213593,-0.9997380074680035,9.659706152498446,14.577396723095212,8.278068180246816,4513.312,1376.671,B0046,61,4,1.1601987101282063,0.7978099988847652,0.7658896278783559,0.7987788183386089,0.4958937604394013,0.9603857107984806,0.7652274462252274,Degrading
1.274613151078509,4.213262131745464,3.3123680120679446,2.172247401410494,4.142442473931475,0.36641231498026783,-0.999942885934547,9.660074492266734,15.36587842843583,9.322127978677653,4568.438,1572.766,B0046,62,4,1.1711716308206082,0.8076842238657561,0.780548522038378,0.8085351748988764,0.5665295818908334,0.9668594256544126,0.7724648099679873,Degrading
1.2555467772795001,4.160093553027617,3.3202672940295272,2.167855497701561,4.174041322689958,0.3696617976788713,-0.9999545027275712,9.610732084606383,15.29268403662172,9.29680774099901,4499.656,1575.922,B0046,63,4,1.1563410270783216,0.7956024331587039,0.7706985164513999,0.7963619405461513,0.5676664117564634,0.9691651764624848,0.7626830502326795,Degrading
1.236253747935406,4.098237251940604,3.3220005581957603,2.197413864039741,4.174154842675988,0.36446192166848607,-0.9997765998111345,9.509606751933422,14.698902260428524,8.975450640886372,4430.984,1548.906,B0046,64,4,1.141082456193516,0.7833770176131176,0.7592390242853553,0.7842081743068688,0.5579349175708294,0.9696711053901178,0.7526190179860515,Degrading
1.2305581324071377,4.073092029917579,3.316995919062792,2.1808859045895868,4.173817719824036,0.36819434355244657,-0.9995908082297772,9.55376799961061,15.066788669768552,8.921814894450147,4411.141,1506.735,B0046,65,4,1.1352383596118123,0.7797678764368363,0.7545806229628941,0.7806963036246971,0.5427444067142122,0.9682102826493837,0.7487644514676862,Critical
1.362163530932228,4.492637602061198,3.304824958917925,2.1634350552847827,4.122428601972404,0.36288460930770616,-0.9999417105324964,9.689325427035971,14.884443210062466,8.808054638254733,4883.312,1616.906,B0046,67,4,1.2530847858282803,0.8631622805149203,0.8323055937870526,0.8642624726450883,0.5824293506705891,0.9646576557998139,0.8264919295222277,Degrading
1.3010441675312616,4.315693422212298,3.3235919579934095,2.1839323108066178,4.143823070139112,0.3629348959788998,-0.9998017376659812,9.54652406934783,14.454392118638458,8.022378891233046,4663.907,1607.141,B0046,68,4,1.2050453590356518,0.8244327683096614,0.7995249326874938,0.8254315505555934,0.5789118780350133,0.9701356249992723,0.7948067642468891,Degrading
1.2786854875500115,4.254172712325302,3.3336764636844887,2.196284886273677,4.173823759594136,0.3623156164929519,-1.000249176467669,9.486110245180768,14.172939173239188,8.441710989698656,4581.328,1638.766,B0046,69,4,1.19119860196273,0.8102647416640564,0.7881276121136722,0.8108164838286346,0.590303590487659,0.9730792288938162,0.7856739161744739,Degrading
1.270627760998599,4.216437798151591,3.32512940887575,2.1526544597098902,4.174042864835579,0.37043311894335457,-1.0000755059089512,9.528985199683015,14.797843662102167,8.424149730523764,4553.031,1594.203,B0046,70,4,1.17463817374538,0.8051588013948121,0.7811368456798418,0.8058084001369846,0.5742514519255326,0.9705843972587724,0.7747512232921843,Degrading
1.2516717457717854,4.155094953814135,3.3265245824041667,2.1963314779954723,4.173923325104936,0.3667096661155366,-0.9996836231447859,9.519831150565885,14.86814851282613,8.691361413738694,4486.5,1596.703,B0046,71,4,1.1555432048235512,0.7931469416135902,0.7697724764599766,0.7940335541784322,0.5751519825542002,0.9709916396519662,0.7621568339205684,Degrading
1.241691968784653,4.12070205766419,3.325662411014798,2.189500804437932,4.174510564064746,0.3636140913121332,-0.9996591394483646,9.50863223906921,14.051631055988958,8.539143671482977,4450.625,1554.344,B0046,72,4,1.1538041170229467,0.7868230554812489,0.7634008519516915,0.7876842944534459,0.5598937517943072,0.9707399772366478,0.7610097910004199,Degrading
1.7059871630015877,5.938360039223196,3.4752664759657903,2.470611866932728,4.246764125510136,0.2846255796735321,-0.9527668403077523,8.272422519178683,12.376815880696888,6.164119764780845,6436.141,3075.875,B0047,1,4,1.6743047446975208,1.1016382300430358,1.103519860867329,1.1390865738155642,1.0589919680664452,1.0,1.0983612291809222,Healthy
1.5485911041185842,5.381289680238149,3.4765588189090355,2.477661652422805,4.186635709569866,0.27249491756368766,-0.9838885014038209,8.210715424489035,11.314903320182369,5.859946600629256,5650.265,2904.531,B0047,2,4,1.5243662105099025,1.0,1.0,1.0,1.0,1.0003718687335728,1.0,Healthy
1.5323691817528668,5.315872811023103,3.4707669643372343,2.4707098734854784,4.199922751479228,0.2785348039336943,-0.9838892612061609,7.954455063989402,11.624528187721143,5.479274061759932,5590.907,2828.875,B0047,3,4,1.5080762969973425,0.9895247219730411,0.9878436447204694,0.9894946520207459,0.9739524212342716,0.998705275794051,0.9893136482557489,Healthy
1.51169066654211,5.240868255759791,3.4675514337042928,2.465457800547402,4.199568876812779,0.27841577779232307,-0.9789465319710104,7.985864710265717,11.0929238810592,6.539654606258042,5543.61,2651.407,B0047,4,4,1.4835577960067696,0.9761716069023417,0.9739056187601215,0.9811238941890335,0.9128520232698498,0.9977800141903209,0.9732292580209565,Healthy
1.4953066851911692,5.177616247667594,3.4628386272032645,2.465765118194009,4.1993968014662295,0.28258451732101864,-0.9762620303137102,8.009426990342208,11.020979145558456,6.194695987225989,5499.046,2550.125,B0047,5,4,1.4671391666146525,0.9655916795688019,0.9621515575869275,0.9732368304849418,0.8779816775926992,0.9964239148714281,0.9624584673284594,Healthy
1.4771002303827785,5.11032605408203,3.4591836330966035,2.4700482803033514,4.198907847432783,0.2809207435392792,-0.9711681299821951,8.033626730077737,11.05909419348262,5.984643622468541,5461.219,2477.391,B0047,6,4,1.448858156982267,0.9538348931840879,0.9496470842015463,0.9665421002377764,0.8529401132230987,0.9953721986557255,0.9504659359364979,Healthy
1.4741238330312678,5.072928582469043,3.440865649757287,2.484128874181115,4.163303236325632,0.27717370194432245,-0.9709334670284248,8.150799939416203,11.877028657628198,7.741450259579009,5451.281,2551.265,B0047,7,4,1.4458534180949325,0.9519128897943003,0.9426975472252481,0.9647832446796742,0.8783741678088476,0.9901012407404117,0.9484947961496029,Healthy
1.463199177067109,5.047320472571122,3.44810227661685,2.483034750266961,4.181797294694067,0.28324972172276147,-0.9610547420763002,8.230899786348077,11.559250858608888,6.266450498746669,5468.062,2412.0,B0047,8,4,1.431118266178283,0.9448583122914954,0.937938816248181,0.9677531938767473,0.8304266678510231,0.9921835636096391,0.9388283840925418,Healthy
1.44385228696324,4.982560318480757,3.4496654644975946,2.49830336362436,4.197837203348764,0.2801180152601075,-0.9582923588349711,8.146945225413083,11.34743713793976,6.568394932498809,5411.297,2470.766,B0047,9,4,1.419274551657853,0.9323650918071373,0.9259044977226079,0.9577067624261869,0.8506591942038148,0.9926333673560728,0.9310587848723726,Healthy
1.428379295917906,4.922301500400955,3.4449123724079618,2.49851157426792,4.197777018222757,0.2854394747134755,-0.9553719838321842,8.251894856354932,11.693269060729056,6.029086504489762,5369.703,2328.563,B0047,10,4,1.3999974221808271,0.9223734348718866,0.9147066582342244,0.9503453377850419,0.8017001712152496,0.9912656759509664,0.9184127885598606,Healthy
1.4131854577972789,4.8652751684249065,3.4418308643708455,2.4919375577484737,4.197306543877358,0.28257507687267536,-0.9527836491780217,8.23497518866995,11.557441727679937,6.921258447706686,5327.406,2399.75,B0047,11,4,1.3885156686114437,0.912562040450068,0.9041095085982425,0.9428594942007145,0.8262091194757433,0.9903789790434263,0.9108806394671943,Healthy
1.40130106361853,4.813972424308227,3.4344681780842876,2.4683068422721184,4.19770091242359,0.29109652836021227,-0.949814677088373,8.269239827690175,11.667407771157473,6.078190565795765,5299.266,2204.203,B0047,12,4,1.3652234669528964,0.9048877136719136,0.894575967910946,0.9378791968164324,0.7588843086887349,0.9882603828616726,0.8956007142773307,Healthy
1.4384787332333235,4.9358837394103166,3.430115214310407,2.479195639185483,4.1533796403143945,0.27346183379366445,-0.962374774611937,8.236583239584068,11.311016339650983,6.020234259548604,5367.172,2386.094,B0047,13,4,1.4060442272970963,0.928895128873975,0.9172306329347947,0.9498973941930156,0.8215074998338803,0.9870078274665728,0.9223795552558022,Healthy
1.434442020395772,4.939315462192932,3.442078085056046,2.4933737831605582,4.1809212253928045,0.2793773991192219,-0.9528782892582865,8.16126508624072,11.175603921563273,6.833427805195464,5406.812,2417.625,B0047,14,4,1.405754161352578,0.9262884286115134,0.9178683467518407,0.9569129943462829,0.832363297207019,0.9904501162315845,0.9221892689961628,Healthy
1.4154667448300309,4.874250300412108,3.4424678812268277,2.491571322470993,4.198049966629152,0.2828692728108212,-0.9497638833815831,8.25301239256121,11.15023736338702,6.54955096713902,5353.094,2397.235,B0047,15,4,1.3867662881727878,0.9140351775659178,0.9057773489340194,0.9474058296380788,0.8253432309725736,0.9905622791904475,0.909733027806299,Healthy
1.3992041570166345,4.806014054830186,3.4338551425476287,2.471859124111365,4.19764856730434,0.2871250097007428,-0.9517106306260905,8.291638340695691,11.81131136026599,7.4311340518241495,5280.031,2333.656,B0047,16,4,1.3705053061420225,0.9035336398971653,0.8930970715959479,0.9344749317067429,0.8034536384703761,0.9880839832845758,0.8990656554133318,Healthy
1.3785103590925818,4.732195088696618,3.4327517306039357,2.488914813470205,4.1969633661005,0.2841656758412699,-0.9434304652541514,8.318107121376224,11.699803023226297,6.585098348268285,5248.593,2254.687,B0047,17,4,1.34974311148236,0.8901706560410549,0.879379362548495,0.9289109448848859,0.776265428050174,0.9877664790150978,0.8854454409815795,Healthy
1.3617674635465988,4.6667344494112895,3.4273855541261473,2.472852533936716,4.196227134476293,0.28820668146207684,-0.9400482502771171,8.303021352537922,11.234017863419322,6.4492807161487855,5203.375,2197.125,B0047,18,4,1.3251533367939785,0.879358960493112,0.8672148735179711,0.9209081343972362,0.7564474264519814,0.9862223739759879,0.8693142944638697,Healthy
1.347876966880609,4.605743779166767,3.4184685184601045,2.4822189935935484,4.176260352394772,0.28897140514808994,-0.9371553622323052,8.32601397527908,11.729632241368254,6.255969131136229,5166.812,2023.593,B0047,19,4,1.3111943869635805,0.8703891965386071,0.8558810346301483,0.9144371104718096,0.6967021526022618,0.9836565173063739,0.8601570790033349,Healthy
1.3722301855053822,4.6834128492817735,3.4156755122328164,2.481264290061195,4.199835388165491,0.29171487353679965,-0.9234823229846594,8.388106987601862,12.186162994585318,7.437844548302451,5340.281,2125.062,B0047,21,4,1.3394234405932892,0.8861152449189731,0.8703142048793234,0.9451381483877305,0.7316368804464473,0.982852836136425,0.8786756301461512,Healthy
1.3216744191775474,4.515131628647683,3.4189443106786306,2.487540187711501,4.195847527614419,0.2889889308711534,-0.930472095057463,8.304841644444155,11.147409475641334,5.640907177558605,5103.0,1978.391,B0047,22,4,1.2849157142560723,0.8534689471368289,0.8390426639228731,0.9031434808809852,0.6811395712423107,0.9837934254317843,0.8429179979174862,Degrading
1.3108456766586722,4.4726736773284115,3.4147835574863517,2.4907582384317,4.195387366763826,0.2877207992831268,-0.9322821459755778,8.319029412369582,11.681014963080823,6.5151237771694746,5051.172,2026.734,B0047,23,4,1.281719159327807,0.8464763055737491,0.8311527427623026,0.8939708137582926,0.6977835664346499,0.9825961781930319,0.8408210248238644,Degrading
1.2969668673798493,4.416942944844707,3.409591730169167,2.493163832069928,4.174064296873529,0.28682733643798386,-0.9267897523084677,8.401755924951388,11.29683746494969,6.031627711756803,5027.563,1946.204,B0047,24,4,1.2600051642942829,0.8375140887290886,0.8207963531614293,0.889792425664991,0.6700579198500549,0.9811022417271263,0.8265764195027713,Degrading
1.295261683455926,4.409847146517996,3.407645240350967,2.479240941037315,4.194958886516552,0.29096882856993483,-0.9316504925123936,8.395347720509116,11.88239860330653,6.8396351396365445,4993.765,1950.172,B0047,25,4,1.266070385993126,0.8364129691892771,0.8194777476322067,0.8838107593183683,0.6714240612339823,0.9805421437226534,0.8305552676673564,Degrading
1.2785415208131448,4.350133059158312,3.407201115194828,2.4915265338912347,4.194794488425212,0.292704417049633,-0.9255669375549472,8.419292173692186,11.79170575767619,5.963501626213136,4962.469,1813.703,B0047,26,4,1.2413590294280803,0.8256159533738608,0.8083811349412054,0.8782719040611369,0.6244391951747115,0.9804143477221997,0.8143443621810825,Degrading
1.267094221212304,4.305244914871697,3.402851724115477,2.495727313119633,4.194210512385239,0.29209013723210653,-0.9273633082574366,8.293327119939335,11.72661603963688,5.621166320330247,4907.859,1763.828,B0047,27,4,1.2298873703485311,0.8182238796557594,0.8000396133071892,0.8686068706511996,0.6072677482182149,0.9791628203618,0.8068188351781507,Degrading
1.2614490983031845,4.280869648488546,3.398740761774466,2.4979742120513757,4.19378669081209,0.2935267080945486,-0.9267828902753352,8.49190236531868,12.464631760563272,8.312473338694458,4888.656,1767.765,B0047,28,4,1.228088614506696,0.8145785513995748,0.7955099804809421,0.8652082689926932,0.6086232166225805,0.9779799003269073,0.8056388327420999,Degrading
1.2513786053625093,4.239967877621415,3.3945066004903923,2.495109477398993,4.1718864589662426,0.29117819570995224,-0.9236824517720293,8.437149776270967,11.863547747838409,5.845814490397229,4866.25,1698.532,B0047,29,4,1.2139857189070042,0.8080755481769087,0.7879092428701543,0.8612427912673122,0.5847870103641517,0.9767615300772139,0.7963871873681354,Degrading
1.2508641422769138,4.236204527890353,3.39192930556013,2.4851956352139384,4.19388971043665,0.2973008027306913,-0.9289085100178415,8.429621946088576,12.460832791038596,7.523897750721147,4836.125,1759.828,B0047,30,4,1.2173435064564189,0.8077433345381843,0.7872099031291843,0.8559111829268184,0.6058905895650624,0.9760199193408613,0.798589930728795,Degrading
1.2409365235913887,4.201666900071336,3.39128980672992,2.4873308484835266,4.193873318394839,0.2956687497396356,-0.9282275865985665,8.46306110156025,12.213639136225725,6.843267895979775,4801.485,1777.063,B0047,31,4,1.2073445944515917,0.8013325921161712,0.7807918082353431,0.849780497020936,0.6118244219118336,0.9758359050114186,0.7920305410389105,Degrading
1.2255975993855257,4.150625124113048,3.3932667889977304,2.488620645344286,4.193344395761288,0.2939777155020007,-0.9244391789678553,8.459204966688853,11.534784991217848,5.678065516706621,4760.938,1683.438,B0047,32,4,1.18804049227045,0.7914275086082858,0.7713067630154713,0.8426043734231934,0.5795903021864804,0.9764047771487014,0.7793668503535307,Degrading
1.2239070261029703,4.133841930402352,3.3838600818009588,2.476969143594387,4.19356398488292,0.300580222208762,-0.9270544586298616,8.493224799915222,12.42977502748968,7.423116691476764,4740.907,1674.047,B0047,33,4,1.186304749886542,0.7903358238646119,0.7681879579133545,0.8390592299653202,0.5763570779585413,0.9736980186132549,0.7782281853976031,Degrading
1.2952342521118732,4.384513933805993,3.3866520851320576,2.4790054948940434,4.142510591712848,0.2852064921255158,-0.9460868598841972,8.466232868159803,12.428323073625249,7.7481416365469205,4914.532,1806.75,B0047,34,4,1.2613935471028506,0.8363952554467792,0.8147701005406488,0.8697878772057593,0.622045349145869,0.9745014112021132,0.8274872129846756,Degrading
1.3025594670792602,4.428127483569644,3.402095154295076,2.479600589435018,4.174381011699289,0.29413289724697517,-0.9356871602351079,8.553128334903379,12.48741336421358,6.4662962273199165,4998.656,1862.765,B0047,35,4,1.2648246158850651,0.8411255002143652,0.8228747654732604,0.8846763824351601,0.6413307346349549,0.978945119122015,0.8297380295919703,Degrading
1.2804913963801812,4.355975410990038,3.404625504614091,2.46837363838224,4.194961577545829,0.2937445374039524,-0.9401469539731849,8.342818484380935,11.343734065329729,5.508541173532652,4890.015,1850.703,B0047,36,4,1.24664945489822,0.8268750821147213,0.8094668136871725,0.8654487886851324,0.6371779127163731,0.9796732216535805,0.8178149360062332,Degrading
1.267319953353636,4.30186248009858,3.3977378433240313,2.497016493627855,4.194728577808066,0.29693102237121016,-0.9395699773936357,8.481468325698998,12.641653349352346,7.411459075846392,4842.11,1855.094,B0047,37,4,1.2333924152795082,0.8183696457916564,0.7994110586345914,0.856970425280938,0.6386896886278715,0.9776913128308489,0.809118180904139,Degrading
1.2508145643097337,4.24095956841468,3.39454078926717,2.4751740867556524,4.194123941573546,0.2984891698517434,-0.9358360923749524,8.425193812256257,11.969937687736325,5.854130439012243,4798.281,1703.031,B0047,38,4,1.2129250072037692,0.8077113196524935,0.7880935278375492,0.8492134439712119,0.5863359695592851,0.9767713678197335,0.7956913495202994,Degrading
1.2339556406027152,4.185778295207831,3.397135252361952,2.499811739255094,4.194413177433493,0.2929721642196723,-0.9347239037948782,8.471726206300676,11.438399477589398,5.752864402927096,4739.188,1764.219,B0047,39,4,1.1999106597943647,0.7968246991222703,0.7778392437373096,0.8387549964470693,0.6074023654765606,0.9775179186562591,0.7871538030175788,Degrading
1.2283660188528427,4.150360070587074,3.384557786350807,2.494550023378076,4.172002506353698,0.29624921484235456,-0.9317054169779714,8.510483818712029,12.144441411939049,5.97288559681807,4733.156,1624.406,B0047,40,4,1.1902559038393383,0.7932152106427055,0.7712575083680312,0.8376874358990242,0.5592661947832541,0.9738987815057334,0.7808201832558307,Degrading
1.2274575928114382,4.146347295674402,3.38207924956575,2.477337702429082,4.194068049662567,0.30314675512928435,-0.9431234654151266,8.530222967717657,12.67224284322037,7.1686022634012625,4670.61,1713.907,B0047,41,4,1.1892563795455853,0.7926285961135451,0.7705118181801551,0.8266178665956374,0.590080463937207,0.9731855882003572,0.7801644849814517,Degrading
1.2093395504180997,4.081825185001745,3.3808097620789024,2.478325379623597,4.193464344236471,0.3021249876075177,-0.9364521415339061,8.420605358837513,11.984785271459067,7.1465220860423955,4635.0,1601.734,B0047,42,4,1.167069685125939,0.7809289018913891,0.7585217350390071,0.8203155073257625,0.5514604595371851,0.9728202960722204,0.765609783974123,Degrading
1.1998797930466283,4.050367084721474,3.382026759648077,2.494831087986124,4.192797311893991,0.2985025820728942,-0.9330135422416266,8.51215713252602,12.101959002780742,7.382525829631541,4615.86,1561.985,B0047,43,4,1.1615348403090369,0.7748202800955434,0.7526759058512948,0.8169280555867733,0.5377752897111444,0.973170484346297,0.7619788685295654,Degrading
1.1939537744738866,4.023818661954639,3.376424700878435,2.495678140540268,4.193468094113346,0.30214602858145784,-0.9354455085688509,8.54602737861718,12.396974763839234,7.437403053147046,4580.75,1579.687,B0047,44,4,1.1555563844349988,0.7709935639553169,0.7477424374181925,0.8107141877416368,0.5438699053306713,0.9715585047158471,0.7580569396434362,Degrading
1.1872506044712572,3.9970943545768374,3.3729563491800936,2.4729308126474736,4.16991637056524,0.29562510262087255,-0.9350017140200774,8.4485741292899,11.455115215105929,5.381921071371701,4557.406,1566.703,B0047,45,4,1.1488524666097713,0.7666650036369722,0.7427762845132593,0.8065827001034465,0.539399648342538,0.9705604944273333,0.7536591002141662,Degrading
1.1780943421265524,3.972209396527902,3.378642488252421,2.494578415325497,4.192396921446495,0.294180159140943,-0.9345624675488318,8.334392904335672,11.39345446641458,7.095930385385411,4524.032000000007,1483.8910000000033,B0047,46,4,1.143572986788779,0.7607523632244365,0.7381519361641412,0.8006760744850033,0.5108883327463206,0.9721966679730604,0.7501957068480626,Degrading
1.1804250960237288,3.9712799171553512,3.370172138170829,2.492546798627854,4.192623205881946,0.304141430671618,-0.9405823229183861,8.548983420432004,12.6352725981059,7.069448306910599,4502.938,1573.375,B0047,47,4,1.1418015379428537,0.7622574434815668,0.7379792118865458,0.7969427982581347,0.5416967489759965,0.9697593440613054,0.749033618083754,Critical
1.1747570738413975,3.949558496136065,3.367920943746027,2.4752083843332136,4.1933895299679325,0.3062974841373293,-0.940166082376245,8.545644001542279,12.45444631401429,7.308875861159269,4483.094,1504.422,B0047,48,4,1.136058647502255,0.7585973280597121,0.7339427406482375,0.7934307505931137,0.5179569438232885,0.9691115680014346,0.7452662225583194,Critical
1.1632908017047168,3.913168532794931,3.3731133787458676,2.4974098896142385,4.192510832064287,0.30161047505869326,-0.9385550163357156,8.530684068571667,12.18400994607025,7.495438571816253,4448.36,1462.61,B0047,49,4,1.1236364680969286,0.7511930028597382,0.7271804279865034,0.7872834282993806,0.5035615044218843,0.9706056793266381,0.737117144390829,Critical
1.1708409419840893,3.924582250732604,3.3570684734893477,2.470530852621601,4.1689267149519535,0.3053121272443111,-0.9458548848985765,8.5880890540764,12.849012968534735,7.35148768925649,4440.531,1495.062,B0047,50,4,1.1320498900328944,0.7560684927545803,0.7293014284558867,0.7858978295708254,0.5147343925749114,0.9659887944438578,0.7426364361974556,Critical
1.1557788338444435,3.8865017024711364,3.3691516897861753,2.4800604125308974,4.191753022543457,0.3003935234767696,-0.9389122330771017,8.520717953543993,11.44307926801482,5.371241395524288,4416.547,1496.953,B0047,51,4,1.117010176215815,0.7463421627378398,0.7222249559884573,0.7816530729089697,0.5153854443281893,0.9694657123666681,0.7327702283837515,Critical
1.1589838931167131,3.885557596537113,3.3578225461504885,2.482310382215253,4.192116566565046,0.30656051360266484,-0.9483861774789661,8.509426489984776,12.895633770945397,6.848663265411697,4382.937,1531.422,B0047,52,4,1.120043039721982,0.7484118241634709,0.7220495136707001,0.7757046793380487,0.5272527647320686,0.9662057771317626,0.7347598182114823,Critical
1.140892699509551,3.834423269632027,3.3676285575809373,2.499914991218416,4.192241727517348,0.29586612019047187,-0.9414049088928775,8.454153696786289,11.573902587010837,6.964154614557398,4347.453,1386.531,B0047,53,4,1.1059773445917065,0.7367294674980817,0.7125472697954321,0.7694246199072079,0.477368291128585,0.9690274345494787,0.7255325767302042,Critical
1.2340039064137323,4.1554944168492485,3.372493003925355,2.47468810834507,4.151696493245396,0.2925374912287001,-0.9331169601303769,8.476574571858773,11.984288635557064,7.8715481416042525,4746.5,1537.906,B0047,55,4,1.1907902374762016,0.7968558666854112,0.7722116191049108,0.8400490950424448,0.529485138908829,0.9704271678873563,0.7811707116480106,Degrading
1.2362724571914456,4.177117067968519,3.382136756328252,2.4936019875098454,4.173641970261601,0.3006286854042768,-0.9478477265636571,8.567006275916873,12.836265571184011,7.446598468197589,4679.156,1716.64,B0047,56,4,1.2012387088454022,0.7983207793868209,0.7762297360255953,0.8281303620272676,0.5910214075869736,0.9732021356400714,0.7880250169305355,Degrading
1.2258164042211281,4.144684714761545,3.383822718764627,2.4794043785439617,4.194390827243979,0.3043651285209073,-0.956443523785203,8.607327084258758,12.655987301395294,7.005940022524309,4596.578,1734.422,B0047,57,4,1.1906909549024802,0.7915688014486105,0.7702028623328305,0.8135154722831585,0.5971435663795636,0.9736872674847903,0.7811055812528097,Degrading
1.2074370816286795,4.084359567937949,3.3860339727551585,2.495823360233662,4.194161811786053,0.29798085644120026,-0.9528668500629852,8.707959029152644,12.20963360823446,6.445965365840569,4544.641,1708.016,B0047,58,4,1.1764375730308343,0.7797003859943518,0.7589926970363721,0.8043235140298728,0.5880522535307766,0.9743235507758197,0.7717552153280244,Degrading
1.2021845409763252,4.064356465315539,3.3841395923852935,2.4834980820953168,4.194190653204952,0.30294981462554027,-0.9523529313575727,9.003534328496398,12.780134013784457,7.084453431386641,4526.938,1667.344,B0047,59,4,1.1628110372792353,0.7763085670446078,0.7552755392896208,0.8011903866455821,0.5740493043455208,0.9737784471462229,0.7628160669412066,Degrading
1.1910379807660205,4.024547174066002,3.3827771801616184,2.4920392941768497,4.194292935889806,0.30129986469807096,-0.9518066439769568,9.02852617906244,12.658108002877777,7.212092109410009,4487.438,1640.359,B0047,60,4,1.1516152840582583,0.7691106952625346,0.7478778161386576,0.7941995640912417,0.56475864778169,0.9733864161370622,0.7554715370350813,Degrading
1.1978753010784653,4.026108469563439,3.364536091766799,2.488243242390158,4.146356741131726,0.29531755871830145,-0.9517057744990748,9.027729535660669,13.24936801902594,7.140583602068951,4513.312,1495.296,B0047,61,4,1.1583673498348623,0.7735258829090738,0.7481679502124968,0.7987788183386089,0.5148149563561208,0.9681375845665996,0.7599009620184293,Degrading
1.2046624746742698,4.065327753153664,3.3787603150369994,2.498187334581169,4.172368631167838,0.29950092168783143,-0.9457722537487265,9.071608131387514,13.102537521023756,7.252246361737442,4568.438,1617.344,B0047,62,4,1.1692285288386206,0.7779086884009518,0.7554560327950516,0.8085351748988764,0.5568348211811133,0.9722305723615132,0.7670260077776928,Degrading
1.1943102367979406,4.032757401917394,3.38042492580436,2.4982213366801296,4.193697451503613,0.30319991344922637,-0.9517682668620395,9.050284055951,13.019156020970016,7.20570107658858,4499.656,1605.75,B0047,63,4,1.1588148476218465,0.771223748878313,0.7494035150582944,0.7963619405461513,0.5528431268249504,0.9727095603121848,0.7601945251949801,Degrading
1.1836288528310028,3.9915996950076122,3.3757552328187086,2.4715997205282143,4.193432136090228,0.3054481887447721,-0.9577750037054298,8.986064263951343,12.612257184300963,7.042188874917429,4430.984,1608.641,B0047,64,4,1.1439588147705455,0.7643262638427024,0.7417552170934169,0.7842081743068688,0.5538384682415165,0.9713658668089827,0.7504488139945649,Degrading
1.174032252781531,3.9569586812950455,3.3744651760728988,2.4972991957929973,4.193707973256604,0.3043238803051794,-0.9541869981546398,9.036875447987502,12.968805846071126,7.002084603853636,4411.141,1536.719,B0047,65,4,1.1383941068159398,0.7581292761266106,0.735317910096215,0.7806963036246971,0.529076467078506,0.9709946559235063,0.7467983080228113,Critical
1.2612743846671077,4.263596747574179,3.3850807989789566,2.475863858583421,4.166980224197571,0.29476447574968107,-0.9269695970852067,9.095394308322597,13.123905320087225,7.20627888739228,4883.312,1692.047,B0047,67,4,1.2213102850395667,0.8144657303743138,0.7923001735497528,0.8642624726450883,0.5825542918977281,0.9740492771962844,0.8011921785061326,Degrading
1.238912561847798,4.197313558108867,3.3900890450634233,2.482088014003299,4.175112042490111,0.30035894140285996,-0.9526683776410486,9.009063913586548,13.179418154583676,6.940697188333073,4663.907,1712.547,B0047,68,4,1.2031062978889062,0.8000256223562341,0.7799828307929177,0.8254315505555934,0.5896122299951352,0.975490388581297,0.7892501746587951,Degrading
1.225579346448047,4.154076560158522,3.3919885847746993,2.484545959502679,4.195168632438667,0.3016443057148904,-0.9591403423116251,8.958051495293551,12.742282067813369,7.337671887473821,4581.328,1714.063,B0047,69,4,1.1897147112197684,0.7914157218057979,0.7719481401296135,0.8108164838286346,0.5901341731246801,0.9760369767996143,0.7804651553000557,Degrading
1.2133062708510245,4.1050762972258275,3.3862399608298266,2.481724014979985,4.19482784099826,0.3042836922683808,-0.9554277687381623,8.972563208541265,13.23162562344335,7.134430314314717,4553.031,1654.39,B0047,70,4,1.177422568842014,0.783490404680844,0.7628424673551781,0.8058084001369846,0.5695893760472862,0.974382823374365,0.772401382767573,Degrading
1.198627346477376,4.052103299453654,3.383817098626054,2.475682459777723,4.194470276921028,0.3056300178358854,-0.9577201485364993,9.037146843138395,12.857920538298638,6.946010396092981,4486.5,1626.953,B0047,71,4,1.158443027293818,0.7740115149115505,0.7529985450020092,0.7940335541784322,0.5601431005556491,0.9736856503027377,0.7599506072142056,Degrading
1.1885225603244787,4.015082390785462,3.3818846696550433,2.4992087242533025,4.194180006661532,0.30162610454869104,-0.9573123780210179,9.009035929017505,12.67528068575023,7.309354332507813,4450.625,1599.844,B0047,72,4,1.1567087516841796,0.7674863669070043,0.7461189843635726,0.7876842944534459,0.5508097520735706,0.9731295982749651,0.758812904477369,Degrading
1.6601730996192317,5.756683151631221,3.4658606296374312,2.6876065414465464,4.223690952621402,0.25221058668665197,-0.9275960004271296,7.9114909421254485,10.85194413164328,4.327076688042291,6436.141,2761.219,B0048,1,4,1.6579955793677608,1.0996494927814409,1.101894119124847,1.1390865738155642,1.0599880304942162,1.0018893860874294,1.0996901869973459,Healthy
1.5097293369544589,5.2243523689946985,3.4593246298099665,2.6835427959445024,4.161851896835355,0.24560705935427857,-0.95963764625613,7.958927971485882,10.829468947828506,5.057240473390265,5650.265,2562.515,B0048,2,4,1.5076933476098775,1.0,1.0,1.0,0.9837087271824098,1.0,1.0,Healthy
1.5009550973979413,5.186943965790425,3.4552294701778714,2.6769979855651798,4.175466417206107,0.25218760410448565,-0.9640819411783536,7.708927821830712,11.053444137693344,4.588613420702759,5590.907,2604.953,B0048,3,4,1.4989223343608031,0.9941882035794458,0.9928396094746051,0.9894946520207459,1.0,0.9988161967810694,0.9941824952249216,Healthy
1.4803734963226733,5.118450841610653,3.4575807060974952,2.6934384147921957,4.174693750587349,0.2459036428377574,-0.9590403279797144,7.711890755969547,10.582379295049948,5.839296404019784,5543.61,2532.75,B0048,4,4,1.4782919502497789,0.9805555605808095,0.9797292525648642,0.9811238941890335,0.9722824173795074,0.9994958774040912,0.9804990866301107,Healthy
1.4639248926312425,5.060904508620364,3.4576403855897397,2.6967591738883163,4.174741021763634,0.2467630558768961,-0.9561581387967848,7.733691649876036,10.227762694291696,5.137306073020586,5499.046,2391.343,B0048,5,4,1.461856891390611,0.9696604926445845,0.9687142350228215,0.9732368304849418,0.9179985205107347,0.9995131291796922,0.9695982898034734,Healthy
1.4530286138468669,5.017809020158758,3.4540569996464043,2.6855475478766424,4.174511213058054,0.24724368244493516,-0.95562492940014,7.713793706750157,10.448166696977866,4.980222854656746,5461.219,2331.782,B0048,6,4,1.4509592706473475,0.962443120286731,0.9604652722006796,0.9665421002377764,0.8951340004982816,0.9984772663085246,0.9623702810306421,Healthy
1.4538060178829513,4.995109701712811,3.436367401137892,2.691750203742161,4.14121689573938,0.24607272353750542,-0.9577937939731281,7.8513931260036465,11.087645565750543,7.155222438821644,5451.281,2338.64,B0048,7,4,1.451746997147108,0.9629580496962983,0.9561203664893684,0.9647832446796742,0.8977666775561786,0.9933636674412556,0.9628927523282765,Healthy
1.4464469090573533,4.983955478537991,3.4466304878843594,2.689384375743919,4.158004815622747,0.25018408196686265,-0.9502347980955429,7.905320525605018,10.331525897326843,4.793673906990975,5468.062,2278.703,B0048,8,4,1.444392866287476,0.9580835939607799,0.9539853222988162,0.9677531938767473,0.8747578171276027,0.9963304565821265,0.9580150158367743,Healthy
1.4348023173217281,4.944207917471252,3.4469353939775913,2.6855540838129546,4.173957792716822,0.25005205256544416,-0.95236200437101,7.847675607740912,10.695473118282326,5.852307403150473,5411.297,2390.454,B0048,9,4,1.432738323965376,0.9503705612663795,0.9463771905612574,0.9577067624261869,0.9176572475587852,0.9964185969349006,0.9502849675875227,Healthy
1.4193172821865114,4.885648281471983,3.4438356242957933,2.689152622424136,4.173757067290182,0.25468575630031437,-0.9494102232020358,7.926506175979814,10.588614300598088,4.665756290669442,5369.703,2154.469,B0048,10,4,1.417241201438662,0.9401137326043266,0.9351682153882184,0.9503453377850419,0.8270663616579647,0.9955225348379565,0.9400062709604656,Healthy
1.4077981530279946,4.842841497428825,3.4417182002819104,2.678956108681276,4.172904801080625,0.2519398524910782,-0.9492095088363941,7.937097401174621,10.7107611721746,5.966782870286974,5327.406,2279.078,B0048,11,4,1.4057559944573452,0.9324838026052487,0.9269745138497835,0.9428594942007145,0.87490177365964,0.9949104431031605,0.9323885368903883,Healthy
1.3923585061312476,4.785380392537616,3.439456123966976,2.688287422782237,4.173032965850683,0.25492632312967695,-0.9438502376761829,7.9661274485105595,10.52686289722462,4.6364467518977195,5299.266,2082.969,B0048,12,4,1.3902706269897065,0.9222570377681203,0.9159758099276998,0.9378791968164324,0.7996186495495312,0.9942565361828786,0.9221176369808095,Healthy
1.4217818628497794,4.875396198818849,3.4300387550398135,2.680621623320638,4.133304141515335,0.23983029541381204,-0.9514090951270098,7.886742523689043,10.680714357791624,5.423983378651391,5367.172,2197.125,B0048,13,4,1.4196659307880326,0.9417461978435857,0.9332058510741308,0.9498973941930156,0.8434413212061792,0.9915342218773605,0.9416145087053721,Healthy
1.4211584440652663,4.889704359178307,3.442487347026378,2.693587841641054,4.156655311996452,0.2451884116728965,-0.9441558237541219,7.810373532807223,10.479304841863389,6.4110166631093595,5406.812,2322.843,B0048,14,4,1.4190563985232272,0.9413332637041653,0.9359445944338577,0.9569129943462829,0.8917024606585991,0.9951327832495116,0.9412102273800139,Healthy
1.406364050314767,4.839643408277219,3.4434500367152183,2.6905447145318244,4.172913024979518,0.24901199074973987,-0.943749133811343,7.869709498966687,10.378581035006627,5.816881590887779,5353.094,2288.625,B0048,15,4,1.404272356704056,0.9315338954410145,0.9263623634958781,0.9474058296380788,0.8785667150232653,0.9954110715837559,0.9314044921205143,Healthy
1.3936919222853799,4.787126166535052,3.4369770767738053,2.6889512479861937,4.172334722190024,0.2522879764244497,-0.948030574788209,7.873285917762758,10.851484720266557,6.77279791487485,5280.031,2197.687,B0048,16,4,1.3916140490958342,0.9231402531375865,0.9163099707717878,0.9344749317067429,0.8436570640621922,0.993539908673622,0.9230086816406917,Healthy
1.37707556692148,4.726325457754348,3.4351167375068576,2.6767423992621824,4.171533861821569,0.2522563185105066,-0.9424402883201639,7.888295790156799,10.70498211965856,5.791351271182641,5248.593,2145.89,B0048,17,4,1.3749618350294734,0.9121340714617243,0.9046720289779796,0.9289109448848859,0.8237730200890381,0.9930021333949111,0.911963853398424,Healthy
1.3566140829301752,4.654382306951389,3.4352880614818906,2.692752260117709,4.172113180559959,0.25163229304040974,-0.936561624298611,7.90514873318139,10.26828159930382,5.3164865337243095,5203.375,2128.75,B0048,18,4,1.3545155713071164,0.8985809904620655,0.8909012980391698,0.9209081343972362,0.8171932468647227,0.9930516586616515,0.8984025653853343,Healthy
1.3461427800115144,4.605557157837123,3.426473499744202,2.69610071870072,4.152547964911409,0.25343350935916564,-0.9359740520534714,7.9278743808781424,10.42028909453994,4.625050947307112,5166.812,1954.875,B0048,19,4,1.3440223073315984,0.8916451095313921,0.8815556135091539,0.9144371104718096,0.7504454015101232,0.9905036001008183,0.8914427522428588,Healthy
1.3745123706767801,4.696608014650095,3.4231723044699156,2.6813752744142234,4.176821150785954,0.25933204077618205,-0.9249433480673207,7.950376644939932,11.025933551300648,5.95926310165347,5340.281,2056.437,B0048,21,4,1.372384475860572,0.9104362861819664,0.898983775007857,0.9451381483877305,0.7894334369948325,0.9895493111492005,0.9102543816593683,Healthy
1.3205236595209255,4.519209273342657,3.428797713311107,2.6946752970811247,4.171686901258687,0.2535686620922733,-0.9296783941589581,7.891054732187375,10.196289899952207,4.3925556591499575,5103.0,1937.156,B0048,22,4,1.318410575267441,0.8746757628654064,0.8650276539850374,0.9031434808809852,0.7436433594003423,0.9911754692705621,0.8744553906518833,Healthy
1.3134277728885415,4.490193671347403,3.4246615589655973,2.6954700046169733,4.172000465131976,0.2528975222415394,-0.9340469067277114,7.911933312913009,10.67776116366158,5.229477055068411,5051.172,1985.359,B0048,23,4,1.3112727599578604,0.8699756577149704,0.8594737403234218,0.8939708137582926,0.7621477239704516,0.9899798155554215,0.8697211286609445,Healthy
1.299177318581877,4.433976594925781,3.420260120001828,2.696945913635699,4.151092092342163,0.25227037214147907,-0.9282929869770825,7.9731250548171255,10.197605675555666,4.6345830128059475,5027.563,1904.657,B0048,24,4,1.2970172419001187,0.8605365788298692,0.8487131574892207,0.889792425664991,0.7311675105078671,0.9887074750165079,0.8602659446340728,Healthy
1.3016656684584238,4.4413481488792375,3.4176468335228454,2.678219557836974,4.171107672675929,0.2566413296188528,-0.9361639727698597,7.988820643678426,10.817583822184044,5.5122868457875205,4993.765,1894.812,B0048,25,4,1.2995219526631718,0.862184788092045,0.8501241561035571,0.8838107593183683,0.7273881716867828,0.9879520424513005,0.8619272312392195,Healthy
1.2847714730560764,4.380856921069574,3.4172601086559014,2.6929901554909765,4.170406220123355,0.2588691138843147,-0.9299928998106647,7.990220402102304,10.516072793190034,4.416742275111169,4962.469,1758.203,B0048,26,4,1.2826154066729571,0.8509945734033462,0.8385454524600846,0.8782719040611369,0.6749461506599159,0.9878402504374457,0.8507137135719721,Healthy
1.277420028163359,4.349093254756018,3.4115448650857543,2.684969781882089,4.169460748536267,0.25996525638617607,-0.934806579329965,7.882690956878554,10.549697060839051,4.165726780150168,4907.859,1694.39,B0048,27,4,1.2752890152407,0.8461251940299895,0.8324655282761674,0.8686068706511996,0.6504493555162032,0.9861881234526299,0.8458543756675689,Degrading
1.2756976046486392,4.3375654403324475,3.4065891490442124,2.6836073579697186,4.170165006607723,0.26227482250474077,-0.9370645194852636,8.054682377673142,11.262651366620426,7.315300101334252,4888.656,1711.937,B0048,28,4,1.2735572473264072,0.8449843117058808,0.8302589745046444,0.8652082689926932,0.6571853695632895,0.9847555559512057,0.8447057548840137,Degrading
1.2615702328505838,4.285249227633239,3.404850768576602,2.6880496504528555,4.148906074950599,0.2589335415441862,-0.9310772172053213,7.989516678064296,10.67022537319244,4.365172036599799,4866.25,1642.813,B0048,29,4,1.2594114333938535,0.8356267590292175,0.8202450610079796,0.8612427912673122,0.6306497660418442,0.984253035761967,0.8353233337471301,Degrading
1.2653221661693688,4.298579770863962,3.4037388246513496,2.6866245843324728,4.170272562112315,0.263408777989533,-0.9394586031577282,8.031961049301984,11.290252755528313,6.068007090518063,4836.125,1745.891,B0048,30,4,1.2631632585495876,0.8381119285406966,0.8227966774169027,0.8559111829268184,0.6702197698000694,0.9839316019434492,0.8378117874911768,Degrading
1.2513341386850017,4.254073325726817,3.4068285577090975,2.698617918096401,4.170271899546104,0.2590439771602346,-0.9358379166065879,8.043229181254354,10.973350060572036,5.295489008322056,4801.485,1763.063,B0048,31,4,1.2491717310136363,0.8288466734105387,0.8142776415644819,0.849780497020936,0.6768118273151186,0.9848247627156771,0.8285316990977831,Degrading
1.2361612922374274,4.203306135457719,3.4086789774100317,2.699107325579607,4.169452174938924,0.2583498577034428,-0.9322392887454545,8.03181115051043,10.3391489283262,4.210083699862245,4760.938,1669.344,B0048,32,4,1.233984347835307,0.8187966292892647,0.8045602284415867,0.8426043734231934,0.6408345947124574,0.9853596705080793,0.8184584416927506,Degrading
1.2422129367321217,4.2118489081718415,3.3973450050321667,2.6835548325192,4.170146996930818,0.2663163081782509,-0.9406998132859437,8.097013437245893,11.22843469416495,5.958057132776801,4740.907,1674.047,B0048,33,4,1.240031992028868,0.8228050593744229,0.806195411543864,0.8390592299653202,0.6426400015662471,0.9820833164243379,0.8224696315034296,Degrading
1.3058185415718522,4.434515698546638,3.3993392010348766,2.681569834191177,4.12494331073437,0.24973270819081891,-0.9537093572867028,8.022533123805395,11.142187018109254,6.412846247701139,4914.532,1764.25,B0048,34,4,1.30370857198071,0.8649355282490893,0.8488163480060121,0.8697878772057593,0.6772674977245271,0.9826597861738159,0.8647040686671853,Healthy
1.3172586318250916,4.488390228804167,3.4116534333763227,2.683679055503892,4.151287967783268,0.25921561302754653,-0.9460022622334843,8.108172025448226,11.266783334689707,4.9518120709890985,4998.656,1806.156,B0048,35,4,1.315055963470538,0.8725131052181619,0.8591285410688808,0.8846763824351601,0.693354544208667,0.9862195076972979,0.87223039456616,Healthy
1.2910231022897964,4.406057261001508,3.417645007960136,2.682654869893668,4.170265534323388,0.25656366477603476,-0.9477332619889278,7.8977220071348055,10.42585253276335,4.376691593022779,4890.015,1822.39,B0048,36,4,1.2888738300982074,0.8551354674568004,0.8433690819077252,0.8654487886851324,0.6995865184515806,0.9879515147290122,0.8548647058378541,Healthy
1.2898476588648804,4.390681514439521,3.4079105797438367,2.682384467590376,4.170979556153871,0.26429657444195187,-0.955996398502354,8.04149350152151,11.216029100406416,5.739645936811844,4842.11,1840.922,B0048,37,4,1.2877137595885193,0.8543568885445781,0.8404259905011734,0.856970425280938,0.7067006583228181,0.9851375469006058,0.8540952718468325,Healthy
1.269502858483949,4.319132687287603,3.407164499269471,2.686240486840372,4.169424514471797,0.2629438368545806,-0.9495988780290303,7.954120438181095,10.782099455149345,4.443610206952369,4798.281,1674.656,B0048,38,4,1.2673379985315465,0.8408810953126783,0.826730737559097,0.8492134439712119,0.6428737869742756,0.9849218746078303,0.8405807457734277,Degrading
1.2527407205556658,4.266412819815728,3.411264697940678,2.6969281633328235,4.170624380836064,0.2589130614735587,-0.9487217927497306,7.997450587692992,10.321202935071105,4.4233378067695455,4739.188,1764.219,B0048,39,4,1.250594345697306,0.8297783515837281,0.8166395599837185,0.8387549964470693,0.6772555973178787,0.9861071344807762,0.8294752694106222,Degrading
1.250909767132458,4.244672137420238,3.399055092260418,2.697244348677796,4.149740744130536,0.2615216607376631,-0.9484783034454789,8.033089769228212,10.97070399517944,4.5610828124782605,4733.156,1624.406,B0048,40,4,1.2487131179395878,0.8285655822625058,0.8124781480306283,0.8376874358990242,0.6235836116812856,0.9825776577803109,0.8282275171666394,Degrading
1.2501471591658304,4.242435043203387,3.397998613644679,2.682663772646134,4.170538290499679,0.2670056830571981,-0.960288282497019,8.032822875095608,11.121182366824469,5.404055092428144,4670.61,1728.235,B0048,41,4,1.248002326082933,0.8280604533311399,0.8120499429520184,0.8266178665956374,0.6634419123876707,0.9822722575277196,0.8277560739134197,Degrading
1.2322424674180354,4.1789855790558565,3.3968749308721438,2.6897565950033164,4.170102316006519,0.2666229724571551,-0.9538841832821683,7.971994643634386,10.805368665446066,5.73925583210223,4635.0,1616.062,B0048,42,4,1.2300895244599586,0.8162009157905145,0.7999049994899181,0.8203155073257625,0.6203804828724356,0.9819474303164045,0.8158751422562155,Degrading
1.2265866454956225,4.157393267720666,3.3949285391136215,2.6851150517360427,4.169002458595089,0.2661113940219394,-0.9534653843148169,7.985840586212385,10.90427632418744,6.5070522726979405,4615.86,1561.985,B0048,43,4,1.2244197121500937,0.8124546668543824,0.7957719874321296,0.8169280555867733,0.5996211831844951,0.9813847795198445,0.8121145550526883,Degrading
1.2208191154365828,4.13479137478382,3.3923053503439844,2.691698678764574,4.169722967056448,0.2682660336075996,-0.9561814714709561,8.055923800450703,11.177549576040898,6.0314636779647515,4580.75,1608.547,B0048,44,4,1.2186682845116386,0.8086344257569454,0.7914457300627028,0.8107141877416368,0.6174955939704094,0.9806264844621814,0.8082998352705968,Degrading
1.205965231163192,4.084749191777982,3.393507466288284,2.688395997689043,4.147796072295514,0.2588193750488777,-0.949495711589349,7.982156595851859,10.375532122783676,4.027087515658299,4557.406,1581.094,B0048,45,4,1.2037865236033616,0.7987956527333284,0.781867091511669,0.8065827001034465,0.6069568241730273,0.9809739846458706,0.798429286374252,Degrading
1.1969563347238004,4.059152025181034,3.397997936501643,2.696650926823416,4.16937546220786,0.2583911061399535,-0.9491950189128958,7.842796481143621,10.314092555911314,6.380458303445346,4524.032000000007,1483.8910000000033,B0048,46,4,1.1947642300832226,0.7928284265432584,0.776967504962174,0.8006760744850033,0.5696421394167202,0.9822720617834318,0.7924451162282194,Degrading
1.2073627881023243,4.084608263210104,3.3882925257712984,2.6969697387700067,4.170164354666364,0.2689684682745719,-0.9617018565505489,8.079939832789865,11.367431862943256,5.509823480352361,4502.938,1616.797,B0048,47,4,1.2052091893871495,0.7997213530591574,0.7818401161934047,0.7969427982581347,0.6206626376752287,0.9794664821489824,0.7993728905800033,Degrading
1.1977501526477567,4.0509526681249834,3.3877256181336417,2.6967087456075824,4.169926901474105,0.26907492105644587,-0.9582791920312705,8.064765751727984,11.06954549641082,5.631634357727196,4483.094,1533.406,B0048,48,4,1.1955746593628465,0.7933542280260313,0.7753980554922815,0.7934307505931137,0.5886501599069158,0.9793026040229541,0.7929826454817036,Degrading
1.1910493737991332,4.027381183363253,3.3892443793813447,2.6919470298999477,4.169479557902343,0.26864254806446436,-0.9604573336465301,8.047690080561159,10.977331626368253,6.140028997020718,4448.36,1477.125,B0048,49,4,1.1888497102149884,0.7889158305698748,0.7708862073057728,0.7872834282993806,0.5670447796946816,0.9797416380571166,0.788522223103029,Degrading
1.193742658498113,4.028003765186747,3.379247569665043,2.686563173222129,4.1466990810536295,0.2668320952393433,-0.964049565042912,8.077528255423264,11.25041370680882,5.465218771548184,4440.531,1538.625,B0048,50,4,1.1915605250807406,0.7906997825889915,0.7710053764925967,0.7858978295708254,0.5906536509487887,0.976851822620266,0.7903202113146568,Degrading
1.174834014669431,3.977214174855148,3.3916390352444328,2.696173744376241,4.168333177873153,0.2626839326930855,-0.954156405475968,7.993540199499143,10.261913330935936,3.919607356136191,4416.547,1511.531,B0048,51,4,1.1726587153109655,0.7781752569234666,0.7612836757449551,0.7816530729089697,0.5802526955380769,0.9804338702467331,0.7777833053186597,Degrading
1.1862892504845797,4.003500024230395,3.3795641863547807,2.687805922420921,4.1690272272079385,0.2696397720884101,-0.9703946548779708,7.973181959906695,11.209451387068038,4.926664589101874,4382.937,1575.187,B0048,52,4,1.1841133872494156,0.7857628658641904,0.7663150839499697,0.7757046793380487,0.6046892208803767,0.9769433481992792,0.7853807865681519,Degrading
1.1598927418029132,3.9254776485253515,3.3905357196785717,2.6954427225266566,4.169215137661718,0.2600517985903082,-0.9568118198331175,7.915947250994455,10.39465598668322,5.67514895908986,4347.453,1401.125,B0048,53,4,1.1576825122317769,0.7682786002839007,0.7513807207611296,0.7694246199072079,0.5378695892018014,0.9801149306605627,0.7678501162501199,Degrading
1.261559616440006,4.272075689605774,3.3909861606032004,2.6861121256233056,4.135364610542779,0.25795640620082266,-0.9536560997964092,7.938268366482139,10.71880829888557,6.8621741346333565,4746.5,1552.625,B0048,55,4,1.259355851168598,0.8356197270332709,0.8177234971667566,0.8400490950424448,0.5960280281448456,0.9802451413151936,0.8352864680109089,Degrading
1.2680565252755032,4.302968111977392,3.3970417211274984,2.6816961536149058,4.1506494675081695,0.2666276627052862,-0.9718532283937391,8.024531067354474,11.267543040114028,5.618699591502497,4679.156,1746.062,B0048,56,4,1.265883375278026,0.8399230870306352,0.8236366554282392,0.8281303620272676,0.6702854139786782,0.9819956450037216,0.8396159453013513,Degrading
1.2494239067871347,4.249866564815426,3.4053897793262036,2.6935260886313634,4.170594556050919,0.26410943504528084,-0.9745908346175696,8.026701986317695,10.977215485451683,5.064519474568929,4596.578,1778.687,B0048,57,4,1.247259867318412,0.8275813923756479,0.8134724200529397,0.8135154722831585,0.682809632265918,0.9844088496294938,0.8272636271133473,Degrading
1.2349999625686505,4.199531410095881,3.4044637089502996,2.6819098951639786,4.170902199360611,0.2639890514884672,-0.9743182693533817,8.083086131954136,10.698980931953203,4.6645669483657795,4544.641,1737.578,B0048,58,4,1.232808747256218,0.8180273989111099,0.80383770340973,0.8043235140298728,0.6670285413978678,0.9841411469779635,0.8176787071525985,Degrading
1.2341360753921486,4.191673807187511,3.40066115678775,2.6836569825858465,4.1707733769162845,0.2703829203339145,-0.9773202136961056,8.282945581406354,11.200778779435032,5.32312195251972,4526.938,1682.172,B0048,59,4,1.2319592783041904,0.8174551856306522,0.8023336695403833,0.8011903866455821,0.6457590597603873,0.9830419289023363,0.8171152842567064,Degrading
1.2229605611321708,4.152271122126147,3.399557901522936,2.686405541586876,4.170606882649154,0.26937208005839447,-0.9769934301900784,8.296254318972048,11.067122162658642,5.541618582537869,4487.438,1684.797,B0048,60,4,1.220785786262778,0.8100528559637187,0.794791550962163,0.7941995640912417,0.6467667554846479,0.9827230067476166,0.809704299749064,Degrading
1.2297204328716655,4.160040565362434,3.3869933616946555,2.685608364298082,4.128047138171167,0.26005141527085684,-0.9767440428637847,8.280354632475289,11.217197558663642,4.915715204593138,4513.312,1524.984,B0048,61,4,1.2275441303266783,0.8145303948006676,0.7962787100753952,0.7987788183386089,0.5854170881394021,0.9790909278961528,0.8141868718016728,Degrading
1.2408851408765549,4.20740727543571,3.3947531020283486,2.685972991906515,4.150268203613492,0.26805931863881893,-0.9738169504529767,8.346898191755683,11.59325762914515,5.560590846748571,4568.438,1632.172,B0048,62,4,1.2386788414290355,0.8219255667242732,0.8053452329145487,0.8085351748988764,0.6265648554887555,0.9813340652608353,0.8215721342756427,Degrading
1.230552643258837,4.175889198085466,3.3979955411966936,2.689198249643033,4.1705243721131415,0.2710966988363643,-0.9802233649908892,8.337878264565942,11.534047303435644,5.556067195976106,4499.656,1620.641,B0048,63,4,1.2283577755407058,0.8150816263140263,0.7993123172296696,0.7963619405461513,0.6221382880996318,0.9822713693636085,0.8147265340714025,Degrading
1.2117470452007908,4.113903449459638,3.399587991995103,2.6983204775942364,4.170294880009359,0.26759636307734086,-0.9801797978590467,8.259622932500356,10.92572543982624,5.2394480377443795,4430.984,1668.328,B0048,64,4,1.2095481507570451,0.8026253551151223,0.787447545436385,0.7842081743068688,0.6404445684816579,0.9827317051137392,0.8022507711362677,Degrading
1.2104028698119176,4.103399548168636,3.395118621843109,2.693240203211685,4.170568686817898,0.2714894862735072,-0.9833769221524863,8.290496900072908,11.346378697595553,5.200354762685339,4411.141,1566.625,B0048,65,4,1.2082142070681048,0.8017350131472138,0.7854369801932478,0.7806963036246971,0.6014024053409025,0.9814397274503883,0.8013660131773266,Degrading
1.3021368420862716,4.425775538644292,3.402660754515897,2.6866110987705887,4.152589435404936,0.2619307640474151,-0.9565798060844432,8.321321846834685,11.439171740202124,5.356814982922004,4883.312,1722.047,B0048,67,4,1.2998734542832149,0.862496879548649,0.8471433827684035,0.8642624726450883,0.6610664376670136,0.9836199601489316,0.8621603699080346,Healthy
1.271353313053858,4.329742725539711,3.409317486730915,2.699083135691788,4.151970239591361,0.26162461832207085,-0.9772401913298513,8.23807744072398,11.147240167890732,4.750767302760103,4663.907,1727.563,B0048,68,4,1.2691220651743778,0.8421067816159211,0.8287616186143406,0.8254315505555934,0.6631839422822601,0.9855442468023596,0.8417640544652512,Degrading
1.2577171975229906,4.28725710313983,3.4133709426845633,2.6907134698484554,4.170962379739071,0.2633981567320711,-0.9839943201059,8.189029507624946,10.831285577855546,5.6229618646972375,4581.328,1774.344,B0048,69,4,1.2555144634690785,0.8330746225413845,0.8206293910387232,0.8108164838286346,0.6811424236828841,0.9867159945818882,0.8327386105798144,Degrading
1.2541943033303602,4.266228061466936,3.4068009615962724,2.684500860538322,4.171135033653532,0.2692250403209314,-0.9871874196801942,8.234868029314756,11.236293148641268,5.100919345338106,4553.031,1714.656,B0048,70,4,1.2519876926897655,0.830741161763748,0.8166041951507704,0.8058084001369846,0.6582291503915809,0.9848167854034042,0.8303994274926807,Degrading
1.2397162667555237,4.214839315335814,3.4061690632747035,2.687835669252526,4.170873392468351,0.2710686284623541,-0.9901111158822024,8.238279702155017,11.08616967823061,4.95131798402625,4486.5,1657.234,B0048,71,4,1.2374982003019996,0.821151339124385,0.8067678092216546,0.7940335541784322,0.6361857584378682,0.9846341201755954,0.8207890565172196,Degrading
1.2253328581062994,4.167643624497464,3.406745720524415,2.690437364566134,4.170920111392399,0.26593604609003624,-0.9865545525457216,8.219372551773532,10.751912617606896,5.313416504918224,4450.625,1690.703,B0048,72,4,1.2231273969878986,0.8116241952204057,0.7977340213940102,0.7876842944534459,0.649033974893213,0.9848008166587015,0.8112574078322381,Degrading
0.952821920821196,2.8988666677998793,3.053366988981642,1.992540128455469,3.8462292855248927,0.2716884404493635,-1.9911008133050878,13.052857746525287,16.380725919820748,7.088085868858643,1713.235,19.406,B0049,1,4,0.8583727215167135,0.5885016154316173,0.56336251084688,0.5464264846217831,0.11399602899538282,0.9586770770838422,0.6252477602213317,Critical
1.6190642401591029,5.145650645872993,3.2129415422375103,1.9882559316714203,4.162219408853582,0.3758156550602705,-1.83826156002667,12.628005551626734,20.824132297943244,15.182355543280645,3170.984,170.234,B0049,2,4,1.4209057149417377,1.0,1.0,1.0113671737455283,1.0,1.0087792976306484,1.0350027365538932,Healthy
1.659064886988327,5.249548054738925,3.184979657873478,1.999572792895172,4.191097729318615,0.4477972944963167,-1.9024015568068964,12.625179528928726,22.127142494646403,16.426095369069387,3135.344,550.797,B0049,3,4,1.372852133389263,1.0247060282335019,1.0201913064092802,1.0,3.235528742789337,1.0,1.0,Healthy
1.4661540092313954,4.817570577581688,3.3418301077163903,1.9713959702644483,4.191581344098992,0.3439548386420773,-1.7343383193976387,11.462796138822771,17.45530915998414,12.601084144899673,3049.781,611.063,B0049,4,4,1.3643742487429145,0.9055564151594867,0.936241285918927,0.97271017151547,3.5895473289707107,1.0492469235887167,0.993824619243284,Healthy
2.5481156581974016,8.298501494321714,3.2625681004485227,1.9735165526751877,4.462470916200919,0.36359626389246047,-2.0045868396237765,14.669814873687034,20.096309819317955,14.860173877147599,4565.859,1562.188,B0049,5,4,2.378643730568756,1.5738199850223376,1.6127215128717352,1.4562545609030462,9.176709705464244,1.024360734104923,1.7326292269338723,Healthy
1.2858360516206004,3.9805596668108283,3.4447754613409876,1.9779063196102415,4.176096603328684,0.4048581414844318,-0.8640775471976619,10.159724053383584,20.530529696550808,15.52555167709832,5428.594,243.531,B0049,6,4,1.0605357965671216,0.7941847023279591,0.773577520270131,1.731418944779265,1.4305661618713066,1.0815690620896987,0.7725054802143166,Degrading
1.1987865231299295,3.741520782412112,3.2264301040985295,1.999505796022011,4.192152439213644,0.43168937484688374,-1.6316825774505053,12.747809437833528,19.605507267281187,14.085841219326984,2646.797,303.703,B0049,7,4,1.0069932376659496,0.7404193690375909,0.7271229704280359,0.8441807342352227,1.7840325669372743,1.013014351951223,0.733504514561164,Critical
1.1565365016610922,3.5685518011571773,3.226587700876868,1.9998676881173485,4.19193811929599,0.471680389349603,-1.5413805979962574,12.859387226194555,21.578292345131203,14.947130402218374,2705.594,276.204,B0049,8,4,0.9298775334359536,0.7143240354363217,0.6935083717778803,0.862933700416924,1.6224960936123218,1.0130638332023667,0.6773326207683381,Critical
1.1281125958471594,3.4777236015753,3.2214892828227866,1.9942412611094629,4.191932999195206,0.45673732511119314,-1.5480032557315486,12.77865014417398,21.333411676684342,15.58105150749049,2627.828,267.297,B0049,9,4,0.9232377029483808,0.6967682738371774,0.6758569209055353,0.8381306803974301,1.5701739957940248,1.0114630637778343,0.6724960980824022,Critical
1.0438199957702814,3.2610233796946275,3.3410764354812947,1.9887929829692836,4.190969695803424,0.4218775274745015,-1.2679865452905723,11.60077882051404,18.65094643921925,12.232992550541926,2981.312,268.797,B0049,10,4,0.9053279121173716,0.6447057317921535,0.6337436417900022,0.9508723763644436,1.5789853965717777,1.0490102902924152,0.659450417199936,Critical
1.0804099880876437,3.294616564689366,3.064645703434,1.99394963168183,4.171684324757671,0.45958569407105987,-1.9918699549524492,12.462166006182779,21.206691637037263,14.518209090178308,1941.797,230.375,B0049,11,4,0.8595848360639872,0.6673052009236357,0.6402721038459487,0.6193250246224976,1.3532843027832278,0.9622182973313488,0.6261306772651951,Critical
1.056487735155709,3.2220120387665028,3.2359600944959555,1.997025505884536,4.190637849743496,0.47598240427228333,-1.4315359583206417,12.68524460660397,21.329570135453707,15.357517257293935,2663.625,211.25,B0049,12,4,0.8369614294820705,0.6525298434433272,0.6261622213608067,0.8495479283931843,1.2409389428668773,1.0160065187532519,0.6096515488640435,Critical
1.0142633100965268,3.124933756412837,3.306834813693079,1.990570708799589,4.1898267739177975,0.43827767592378425,-1.282717511127997,12.070917134385256,18.615958800969327,12.34136884015224,2862.25,222.015,B0049,13,4,0.8456824187653132,0.6264503192268991,0.6072961363825102,0.9128982338142162,1.3041754291152177,1.0382593199671988,0.6160040096070024,Critical
1.054162712849696,3.1749794134398717,3.027048731210282,1.9874243707218109,4.190571685709423,0.46747909427597295,-1.99132682330145,12.931744232686027,22.131760657764843,16.63033451226726,1894.485,202.75,B0049,14,4,0.8071214007577537,0.6510938149965594,0.6170219534795518,0.6042351333697354,1.1910076717929439,0.9504138350545566,0.5879157566409957,Critical
1.0007969360701992,3.031753267205895,3.0458944536011447,1.989251737206632,4.18826381558764,0.4487607618690302,-1.9900791687971107,12.53100572898693,21.0797561027406,16.6739450428204,1799.25,183.36,B0049,15,4,0.7820744360746734,0.6181329383025916,0.5891875441714015,0.5738604759158804,1.0771056310725238,0.9563308971445059,0.5696712829107878,Critical
0.9682548265262082,2.9433656860878847,3.0556096413337333,1.9868911872895965,4.162762870031206,0.4218069605130619,-1.9889148395636458,12.33551372934191,19.66472404691272,12.961817864525575,1741.204,174.032,B0049,16,4,0.7953019444133349,0.5980336063941845,0.5720104003657099,0.5553470368801637,1.0223104667692706,0.9593812110479469,0.5793063397511816,Critical
1.0567982986111768,3.1372583984407236,2.9848405470772863,1.996058976050717,4.1692630784027385,0.46430561638777196,-1.9909739596230231,13.187367445445181,22.347809168975328,18.315427810461465,1899.218,154.578,B0049,18,4,0.7752051154719997,0.6527216600789891,0.6096912935503936,0.6057446965946959,0.9080324729489996,0.9371615732924903,0.5646675972001389,Critical
0.9441569720878161,2.8729856774044014,3.216101228170252,1.9811242583835047,4.186817701935873,0.4522966041686387,-1.4760043090484107,12.73854385905339,19.41196098209977,12.848959079763139,2305.25,186.922,B0049,19,4,0.7711865903845158,0.5831497902733219,0.5583328280765902,0.7352462760067157,1.0980297707860944,1.009771356064972,0.5617404610652639,Critical
0.9401529555683528,2.8510632039623762,3.0487042882213067,1.991234767471124,4.188353148421002,0.41759987507051843,-1.9881249898325228,12.43174282130699,19.074608803884857,12.42089345028494,1690.594,187.141,B0049,20,4,0.7585098914517947,0.5806767466348126,0.5540724390702733,0.5392052674283906,1.0993162352996462,0.9572131114510293,0.5525066196162033,Critical
1.0014794752946892,2.960844818841792,2.97408172255637,1.992352748796434,4.161361064351189,0.4585066432765539,-1.9893873144726053,13.382353818734753,22.607671167433093,16.575765283337727,1800.421,156.406,B0049,21,4,0.7349386490499009,0.6185545023193616,0.5754072755048969,0.5742339596548257,0.9187706333634879,0.9337835848352265,0.5353370775886132,Critical
0.9080699178826672,2.7497967482954997,3.0444695632884358,1.9960897948919885,4.186507738215053,0.41232340487541846,-1.9869251503871834,12.300881528020009,19.003281636478988,12.317097157690661,1633.25,158.687,B0049,22,4,0.7366758033690756,0.5608609561986451,0.5343924291675225,0.5209157272694799,0.9321698368128576,0.9558835189927533,0.5366024391500844,Critical
0.9662091098450466,2.860276840906967,2.977231196667954,1.9999963944412724,4.188359485457034,0.4642532741054445,-1.9884870151283096,13.146013541941878,22.10154579807187,16.14865544725759,1737.172,158.781,B0049,23,4,0.7093946599203638,0.5967700884741292,0.5558630069845526,0.5540610535877403,0.9327220179282635,0.9347724370257887,0.5167305659998707,Critical
0.8975498772369865,2.697390990703224,3.0221149151314726,1.9911540027307004,4.185414346041184,0.42651811293670033,-1.9864544147288472,12.419820365387574,19.702963463668752,14.426265399147837,1614.406,149.187,B0049,24,4,0.7186465009220309,0.5543633507394282,0.5242079527623263,0.5149055414653065,0.8763642985537554,0.9488647463291034,0.5234697047436961,Critical
0.9503439009121901,2.799975517478584,2.9634989615749228,1.9924291348754952,4.187572397568079,0.46631919011326234,-1.9877745412866725,13.214727037699832,22.293655276575564,16.24628031730832,1708.86,149.641,B0049,25,4,0.6913885231046639,0.5869710894354638,0.5441441151323148,0.5450311034451084,0.8790312158558219,0.9304608757073093,0.5036147056841302,Critical
0.9412937248824825,2.8692003827115715,3.058057702902254,2.1766233079901336,3.818275498868238,0.23195586528296536,-1.9678823415208642,14.106047002561935,17.700710235479104,8.430919352908528,1713.235,19.406,B0050,1,4,0.8631448527758341,0.5386773418644744,0.5024757869330586,0.5464264846217831,0.09328417399329907,0.9412202857588684,0.5389143295904949,Critical
1.7670951392116905,5.725454074087599,3.249035054994234,2.17499719337362,4.158856235580694,0.3016674857585617,-2.000046726807743,12.882473241826203,19.05864532227174,13.441695552852865,3170.984,208.031,B0050,2,4,1.648789607776492,1.0112615087612824,1.002684252644426,1.0113671737455283,1.0,1.0,1.0294405895523644,Healthy
1.747416591951815,5.7101266515232405,3.276984379936998,2.1911951483218752,4.183088539012577,0.3373066194062902,-2.0001495312287836,12.442013542177062,20.111233999456417,14.458558678592192,3135.344,702.672,B0050,3,4,1.601636485397804,1.0,1.0,1.0,3.377727357941845,1.008602346379674,1.0,Healthy
1.699261651090452,5.571725259063346,3.2890741542906974,2.1942759978640183,4.1834218050176215,0.3463471894308863,-1.999381685199029,12.067451252934292,20.278735817853075,15.336795114819925,3049.781,744.828,B0050,4,4,1.5517564797427017,0.9724422092114993,0.9757621151147367,0.97271017151547,3.5803702332825393,1.0123233817483495,0.9688568497846667,Healthy
1.4744967592885345,4.788643955211323,3.2573285012561177,2.1918281570306326,4.180885798287954,0.32316713628943877,-1.9976916428210447,12.391726056611569,19.265522316221983,13.754313015946249,2646.797,411.719,B0050,7,4,1.359027658891632,0.843815244790347,0.8386230722104734,0.8441807342352227,1.979123303738385,1.002552587497982,0.8485244131748694,Degrading
1.5073628674661028,4.883312470647699,3.2495783074004967,2.1945981119604814,4.184295530413868,0.34323763962912546,-1.9978786539081472,12.491970904185653,18.66332781758057,12.225666011407988,2705.594,414.454,B0050,8,4,1.3742172692238257,0.8626236436169014,0.855202129246121,0.862933700416924,1.9922703827794896,1.0001672042305076,0.8580082195633215,Healthy
1.4639088697899736,4.768856283351894,3.267575856775779,2.1871747097810523,4.186758460479898,0.33180896965835815,-1.9973459914842018,12.223956310303723,19.24741197475352,13.556014574872064,2627.828,485.437,B0050,9,4,1.3528030430821978,0.8377560774759663,0.8351577074178815,0.8381306803974301,2.3334839519110133,1.0057065563983514,0.8446380033270767,Degrading
1.6612127257024318,5.215477468918096,3.1510598793508446,2.1918823058659096,4.185256536983114,0.4408635179612672,-1.9987818593787239,13.386384235573518,22.784422727870645,16.501991460449013,2981.312,497.937,B0050,10,4,1.3607406193458431,0.9506678220600527,0.9133733430460441,0.9508723763644436,2.393571150453538,0.9698448388567591,0.8495939195640084,Degrading
0.5276988990222558,1.8189963885001523,3.5669768532640593,0.3203299638987588,4.160830604206153,0.5771103611878988,-0.981190437842449,9.39503756076183,13.887369323051947,7.400456485450009,1941.797,340.453,B0050,11,4,0.5268786924650971,0.3019880327637447,0.3185562246705885,0.6193250246224976,1.6365493604318586,1.0978573000562437,0.32896271861229137,Critical
1.4840180050682794,4.812355011196274,3.252056715450036,2.184263094213456,4.184284380356375,0.2881910842401491,-1.9975116671519328,12.718196082251707,17.779357290699473,11.858754677480611,2663.625,211.25,B0050,12,4,1.4002714246164416,0.8492640002981048,0.8427755293155406,0.8495479283931843,1.015473655368671,1.00093001780672,0.8742754285274984,Healthy
1.5945026984032489,4.906224381902908,3.0874838435029104,2.1762467490120763,4.184699738172036,0.3227482038984754,-1.9977018363826191,14.939082954475598,22.23552363801744,16.081025715054007,2862.25,313.015,B0050,13,4,1.4289274755270829,0.9124914492326266,0.8592146341612437,0.9128982338142162,1.5046555561430748,0.9502771719120123,0.8921671606227022,Healthy
0.6171294380913852,1.8559605249988225,3.2035526569134523,2.1260336204243564,3.795648723658772,0.31767851709254025,-1.2349850771455337,12.119721382650447,18.15521296792552,13.672397036020778,1799.25,20.047,B0050,15,4,0.5736933387569048,0.35316674966561296,0.32502966015713924,0.5738604759158804,0.09636544553455975,0.986001259662967,0.3581919767608282,Critical
0.3340013672012477,1.0267059711730808,3.4168857432287325,2.186548090086204,3.757656239642927,0.2945929620991944,-0.6917680676449822,9.057556338502183,14.027851994614435,7.5515003918555434,1741.204,20.094,B0050,16,4,0.3014742035427856,0.19114009145820093,0.1798044130771067,0.5553470368801637,0.09659137340107965,1.051661704288628,0.18822885610520254,Critical
1.277696483857206,4.106870246883686,3.210764993027875,0.1927377074618698,4.062962069472706,0.3528652969058339,-1.9854902626239654,12.058448732368104,19.262784970646152,12.881174568697867,2305.25,20.265000000000004,B0050,19,4,1.179168781562907,0.7311916859104876,0.7192257716014289,0.7352462760067157,0.09741336627714141,0.9882210990898568,0.7362274725341518,Critical
0.3640740576826853,1.0753799739548093,3.3510986530307876,2.199179035422044,3.763545734911403,0.34311550845097016,-0.7305332698154489,10.185710952125977,15.425941131175092,9.48415683300506,1800.421,20.265,B0050,21,4,0.2780851770910449,0.20834989169699072,0.18832856775040877,0.5742339596548257,0.0974133662771414,1.0314135108759959,0.17362565078053646,Critical
0.6877205870201384,2.091295232553944,3.1549295868000704,2.469359676853076,3.8000325140227753,0.2501844262934028,-1.4446529772433485,13.521306814955082,17.933039751399626,8.802975158446056,1713.235,19.406,B0051,1,4,0.6434735598158292,0.5375721690061199,0.49515213941158187,0.5464264846217831,0.1281456975507967,0.941348134801849,0.5236200568473035,Critical
1.3535551949734128,4.399949562026327,3.3515013948204975,2.494398109831089,4.166332642660912,0.28770348867740964,-1.542691727192151,12.329416092737752,17.97953483271074,12.420192127784894,3170.984,151.437,B0051,2,4,1.293180461998278,1.0580366732718616,1.041767993837853,1.0113671737455283,1.0,1.0,1.0523124325716908,Healthy
1.279308391823218,4.223540738487269,3.4103353813308237,2.493737690186406,4.197817181186768,0.28566983513747574,-1.4746378269373634,11.786163300295161,16.976273689395825,11.439116880318398,3135.344,247.328,B0051,3,4,1.2288940261191657,1.0,1.0,1.0,1.6332072082780298,1.0175545164925934,1.0,Healthy
1.265168616926866,4.166597540274706,3.399036037954353,2.484825203522635,4.201090648817504,0.3010069500697696,-1.5006800020025486,11.79177216318508,18.15291521418941,13.609377777826957,3049.781,258.047,B0051,4,4,1.2039031789717949,0.9889473288952632,0.9865176633212828,0.97271017151547,1.7039891175868513,1.0141830891693249,0.979663952614131,Healthy
2.409795728726888,8.039241208076357,3.35046347393405,2.481006838176381,4.4605398643795535,0.3218360832763174,-1.896821592318448,14.855344209164883,20.74350641722436,15.64290348514779,4565.859,1700.109,B0051,5,4,2.330873478782131,1.88367069592387,1.9034364069981111,1.4562545609030462,11.226510033875472,0.999690311665079,1.8967245582135384,Healthy
1.0950320689520427,3.5146614793546247,3.5507869816186806,2.4989144012367213,4.183564695802171,0.31875716401219756,-0.7374819898351749,9.407360590589006,19.42896460124537,14.443452034283514,5428.594,233.812,B0051,6,4,1.0092808819126011,0.8559562932214083,0.8321599570064662,1.731418944779265,1.5439555722841842,1.0594615855169163,0.8212920402094389,Degrading
1.035690844632415,3.3485769216803236,3.3747303939191564,2.4909800416005967,4.201222601303239,0.3412339855100047,-1.4120917458916038,12.00427347710193,18.9541455757646,13.498868483967037,2646.797,303.703,B0051,7,4,0.9565659895125322,0.8095708988169699,0.7928364206757176,0.8441807342352227,2.005474223604535,1.0069309232974086,0.7783958333114838,Degrading
0.9598463013569863,3.1296320445687944,3.4288897043375743,2.494677278512384,4.202406487867388,0.3288703685808046,-1.2823219733883886,11.420322251577586,17.468709072861763,11.206059772527334,2705.594,305.782,B0051,8,4,0.901956291365404,0.7502853162629948,0.740997243391033,0.862933700416924,2.0192027047551124,1.0230906392092436,0.7339577475315527,Critical
0.9753736506298177,3.149386324671211,3.391239374171384,2.4990630530936326,4.204413406598424,0.35267304861481497,-1.3407891208749412,11.80356781146328,19.153660408464766,13.562539023289322,2627.828,326.687,B0051,9,4,0.8897906666138162,0.7624226158946359,0.7456744280864248,0.8381306803974301,2.1572469079551233,1.0118567694503422,0.7240580942717785,Critical
0.9364693774529463,3.0429376516257394,3.458540277576628,2.49110131411956,4.203308441652878,0.3330535858702511,-1.1389566244625628,10.939133221658826,16.52477794467856,10.40027560627191,2981.312,328.656,B0051,10,4,0.8830717036634559,0.7320122211645376,0.7204707708621789,0.9508723763644436,2.170249014441649,1.0319375915885196,0.7185906065897212,Critical
0.8965418118080477,2.918767225122693,3.331880238029603,2.487899627353052,4.187936112831865,0.3171704723611457,-1.6577316261962292,11.883224057630693,17.11375752268931,10.824848100390646,1941.797,290.391,B0051,11,4,0.8431270354481757,0.7008019470038284,0.6910711665511476,0.6193250246224976,1.9175696824422037,0.9941455620990588,0.6860860395837076,Critical
0.8855987648293588,2.881025365726475,3.4455112582421257,2.4928843010694406,4.204131585576503,0.3368320842633843,-1.2024628091563312,11.104558398908889,17.63739523383682,12.105981412712453,2663.625,292.046,B0051,12,4,0.826559103449663,0.6922480697302702,0.6821350956729167,0.8495479283931843,1.9284983194331635,1.028050074383652,0.6726040536301799,Critical
0.9227358618750203,2.969534631909045,3.4313160640623783,2.4993609910440835,4.20261624712583,0.35879422362786667,-1.168347837338951,11.406827135294929,18.52236923892433,12.50676370464246,2862.25,333.265,B0051,13,4,0.8352681546837963,0.7212771117368932,0.7030912724125002,0.9128982338142162,2.2006841128654155,1.0238146012307285,0.6796909553882073,Critical
0.8794309189505138,2.8415299916120955,3.3091927488307733,2.498094046924129,4.204441713018145,0.34695410764798684,-1.665118160522683,12.198436592525173,18.39923327528304,13.014047732868884,1894.485,305.625,B0051,14,4,0.8025719464987874,0.6874268351333058,0.6727838483286032,0.6042351333697354,2.01816597000733,0.987376211134774,0.6530847489211914,Critical
0.8440296240600053,2.742751977955818,3.321646649287508,2.495501924298458,4.205629455017258,0.3282003393930467,-1.6832381832629877,11.825318185585296,17.275372082939334,13.181311957214895,1799.25,285.485,B0051,15,4,0.7839218784699513,0.6597546216804916,0.6493963590696131,0.5738604759158804,1.885173372425497,0.9910921279701307,0.637908445975255,Critical
0.8456739976019055,2.736308228254328,3.2949705809839465,2.490477437469913,4.18869211223692,0.3244621079186689,-1.7405566859787576,11.835979280716879,16.60444518809659,10.297260938555004,1741.204,276.719,B0051,16,4,0.7910763493036002,0.6610399830151084,0.6478706842625086,0.5553470368801637,1.8272879151066117,0.9831326897479693,0.6437303237625875,Critical
0.8321879206121826,2.685694023413181,3.3300145239416707,2.491598912047876,4.1821997161959255,0.34051451624834694,-1.5726949110278066,12.009985166510232,17.682518901037938,13.72454279611489,1899.218,258.281,B0051,18,4,0.7654538269480236,0.6504982894907634,0.6358868517449429,0.6057446965946959,1.7055343145994704,0.9935888820120937,0.6228802571083518,Critical
0.8398823470566381,2.7030964453463255,3.391911995963896,2.4869071541416994,4.194584498935661,0.3571958616984326,-1.314248973317158,11.689546036688197,16.94512387438401,10.724235326386754,2305.25,290.875,B0051,19,4,0.773177347633947,0.6565128099094794,0.6400071912919405,0.7352462760067157,1.9207657309640311,1.012057462129018,0.6291651934183722,Critical
0.8336200713005607,2.677453612314229,3.267971796503206,2.499952602276462,4.197406401996851,0.3438866297169587,-1.7652832229320168,11.987366110206718,17.545176388637014,11.284771034165589,1690.594,281.688,B0051,20,4,0.7605293776416485,0.651617762088248,0.6339357847115743,0.5392052674283906,1.860100239703639,0.9750769614936218,0.6188730366306623,Critical
0.8227060291963812,2.635190491496901,3.2933938275360117,2.4997210982004625,4.189508964301152,0.36010616640505716,-1.639295567416511,12.368454802055908,18.870237090882178,13.043549847131462,1800.421,282.234,B0051,21,4,0.7376430319247004,0.6430865571231767,0.6239292230529634,0.5742339596548257,1.86370569939975,0.982662227927374,0.6002495058537873,Critical
0.8010139512664731,2.573949898680145,3.271485849685164,2.491516785323916,4.19596724295681,0.33959420101414894,-1.755416228780336,11.81014948809308,16.8501327260127,10.531631978742457,1633.25,254.672,B0051,22,4,0.739179500257907,0.6261304595406435,0.6094294001298179,0.5209157272694799,1.681702622212537,0.976125462678013,0.601499791314169,Critical
0.7757491537026515,2.488291147657401,3.30778530525047,2.496222014851971,4.190531975284901,0.36245520597176617,-1.6005657555126516,12.09457421285805,18.12397455517185,12.395660654404285,1737.172,266.015,B0051,23,4,0.7014575429842594,0.6063816657976311,0.5891481346403736,0.5540610535877403,1.7566050568883427,0.9869562669323106,0.5708039327031762,Critical
0.7615071707615892,2.4426182198130006,3.2841455177779646,2.488325882818304,4.178476681914968,0.3401875162742557,-1.688137636758635,11.79702749942571,16.26047891418261,11.350843833779841,1614.406,235.203,B0051,24,4,0.7047349480541781,0.5952491014901578,0.5783342392212522,0.5149055414653065,1.55314091008142,0.9799027751721582,0.5734708877052024,Critical
0.7528750577974274,2.412942666470152,3.3119152698386265,2.495715251425015,4.1919700049548565,0.3651597599633232,-1.5784322210682304,12.079392114792578,18.15350870977148,12.368980017401524,1708.86,257.844,B0051,25,4,0.677848893570423,0.5885016174438289,0.5713080128438366,0.5450311034451084,1.7026486261613738,0.9881885399054142,0.5515926346481337,Critical
0.8634877200154734,2.668113045270412,3.134533959399899,2.691234036028442,3.83956882325682,0.199597262138009,-1.8085460674911937,13.147685384792432,16.429874854641657,7.302175056082701,1713.235,19.406,B0052,1,4,0.8606591508342232,0.6285517402887875,0.5864853305637371,0.5464264846217831,0.11399602899538282,0.9344743406544134,0.6278918990021485,Critical
1.42132580756302,4.651968775663849,3.3543285492513166,2.694829986819334,4.150553672824585,0.2551506533569456,-1.6188443277128228,11.746281905613133,16.315701424377302,10.710816341580703,3170.984,170.234,B0052,2,4,1.4183095114360322,1.0346143774286605,1.022562162425499,1.0113671737455283,1.0,1.0,1.0347244337612498,Healthy
1.3737734933622883,4.549326140358511,3.3958185323324503,2.6969580006046856,4.176524869238658,0.25733095867444533,-1.5816653430049945,11.375626826625542,15.689005573106092,10.09064312632432,3135.344,275.828,B0052,3,4,1.3707123028693164,1.0,1.0,1.0,1.6202873691506983,1.012369087425975,1.0,Healthy
1.3546365513136462,4.497977604032202,3.3984180977394076,2.697283446718984,4.178983136527925,0.2507820344502434,-1.6050658905122477,11.242586382966397,14.97127576364998,9.978581887888446,3049.781,277.109,B0052,4,4,1.3515647352626494,0.9860697981573333,0.9887129357750853,0.97271017151547,1.6278123054148992,1.013144075734004,0.9860309362025967,Healthy
1.3080781180061571,4.018217319132122,3.0828389099409663,1.9808329057464715,4.082016063841389,0.3681146457357664,-1.993560711727946,11.988576567861957,19.02185891684059,13.373819592706376,2349.64,130.937,B0053,1,4,1.06914178861943,0.9309383061375374,0.9230891490931561,0.9315189057931512,0.4415611131345016,0.9911617916416228,0.9295652099626036,Healthy
1.4263018753314403,4.419983811336002,3.1103286425468237,1.9735558560671436,4.178658528567033,0.4024090724428493,-1.9952648424142538,12.059863244911188,18.304754041202315,12.761078917181433,2560.688,296.532,B0053,2,4,1.1540727934432229,1.0150762661527788,1.015385374002844,1.0151892561573914,1.0,1.0,1.0034084627207898,Healthy
1.4051179432430627,4.353011107409966,3.1104628288221936,1.9558143264177168,4.192255020207044,0.42055096764611405,-1.9952720113784062,11.967885395858058,19.33942752368694,13.185228708736272,2522.375,329.70299999999406,B0053,3,4,1.1501525413826983,1.0,1.0,1.0,1.1118631378738013,1.0000431421533835,1.0,Healthy
1.3860837257421028,4.300883680328263,3.115027942360279,1.99748310559266,4.192588912486402,0.4102137268204141,-1.9947394897780593,11.985900972885712,18.729143210051177,12.832927899891757,2488.719,320.39,B0053,4,4,1.1305863853936766,0.9864536513874215,0.9880249726464129,0.9866570196739185,1.0804567466580335,1.0015108692210761,0.9829882078376321,Healthy
1.3784619083348812,4.269052191984932,3.109376043532363,1.974695202836088,4.192849949462827,0.41523242056569576,-1.994716528121975,12.004376962205335,18.709411575172343,12.750401493567148,2474.844,310.359,B0053,5,4,1.121790272357562,0.981029325661689,0.9807124509096442,0.9811562515486397,1.046629031605358,0.9996937304304665,0.9753404283304546,Healthy
1.3777895493296597,4.263208234057704,3.1067532264566258,1.9637397944562875,4.193081087954604,0.4115202896904334,-1.994462268339957,12.133888437168595,18.63570596513145,12.789045635472167,2473.875,311.656,B0053,6,4,1.1135982401443856,0.9805508184954723,0.9793699416021721,0.9807720897963229,1.0510029271714352,0.9988504699981574,0.968217866828023,Healthy
1.3898265405544177,4.267463541395852,3.083406677687234,1.944364958852849,4.179165887700054,0.4222546389814298,-1.9944377413009737,12.32708937826574,21.292305794774187,16.38343852928513,2495.5,267.813,B0053,7,4,1.0864654057095062,0.9891173529153346,0.9803474965022512,0.9893453590366222,0.9031504188418114,0.9913443343281096,0.9446272269271099,Healthy
1.3819041500331135,4.238655268837312,3.080580001769896,1.9470490842081751,4.191975122366585,0.4314283497585459,-1.9945357941517972,12.164497494980397,21.01159959420005,16.6239850645565,2481.078,268.562,B0053,8,4,1.0647493568993147,0.9834791141045633,0.9737294861531619,0.9836277318003865,0.9056762845156678,0.9904355313551148,0.9257462106889639,Healthy
1.3701954770668479,4.203706876533074,3.0828198149689934,1.9602813323957715,4.191963518196991,0.44712930542154533,-1.9942887474626396,12.128732336863894,20.939938897683515,14.379688382018193,2460.125,326.234,B0053,9,4,1.0809288094959644,0.975146238545917,0.9657009304151012,0.9753208781406413,1.1001645690852926,0.9911556524280002,0.939813433961104,Healthy
1.359315087352796,4.1898632715089095,3.095128536447283,1.9605995541160255,4.192155796080977,0.41634640037236087,-1.99423279352749,12.245191547318633,19.28383683899809,13.358598460995683,2440.547,293.031,B0053,10,4,1.0852752041846463,0.967402838949909,0.9625206938656012,0.9675591456464642,0.9881935170571811,0.9951130224981324,0.9435924063428515,Healthy
1.3644837223827149,4.18158794580373,3.078011917190656,1.9595048550370973,4.192319942921637,0.43110957577785997,-1.9941297761315324,12.190916714981144,21.101391697483887,16.61339486466803,2449.922,260.078,B0053,11,4,1.0504799933740894,0.9710812739558626,0.9606196360688286,0.971275880866247,0.877065544359462,0.9896098679367509,0.9133397141488868,Healthy
1.3414675971867427,4.140516083302935,3.0992512260717127,1.984585820237712,4.178294459840927,0.41045849348787566,-1.993681474074749,12.163073942837917,18.64340722345076,12.49153753267338,2408.781,294.687,B0053,12,4,1.0853550177054303,0.9547010652291489,0.9511843597767742,0.9549654591406908,0.9937780745417022,0.9964385061039593,0.9436618001996768,Healthy
1.3604292831411005,4.166095629172426,3.0759964813859115,1.944670916271544,4.192753069603226,0.430580577195079,-1.994006147873811,12.292542702117027,21.313677971413888,16.928747371283126,2442.547,261.578,B0053,13,4,1.0508395690790722,0.9681957942983639,0.9570606475321506,0.9683520491600178,0.882124020341818,0.9889618863128238,0.9136523472058469,Healthy
1.3481850155381805,4.127635126150143,3.076814828498021,1.9692766515934297,4.192029518756707,0.4485403462925348,-1.9936703356758645,12.129527968970198,20.92811979857166,14.293476980224957,2420.671,319.828,B0053,14,4,1.060906788333118,0.959481744590437,0.9482252685098429,0.9596792705287674,1.0785615043233108,0.9892249926292803,0.9224052898737326,Healthy
1.3421945297103255,4.131093420646113,3.0908348956433267,1.991566826677512,4.192422731350341,0.4152711744860938,-1.993640914837378,12.364595355360214,19.930786955410536,13.985725960576772,2409.906,286.188,B0053,15,4,1.070582461063814,0.9552184114968258,0.9490197288065518,0.9554114673670647,0.9651167496256728,0.9937325764754122,0.9308178024601622,Healthy
1.3460546730088536,4.112901617292021,3.0705536079059534,1.9588680902433293,4.192159667005352,0.43939646191353954,-1.9937041845656749,12.128324396717016,21.0220574646762,15.53486028900846,2416.672,253.14,B0053,16,4,1.024036665663697,0.9579656138346017,0.94484059787736,0.9580938599534169,0.8536684067824046,0.9872119511434324,0.8903485657933804,Healthy
1.3340898254323035,4.101990582497294,3.087460321440554,1.9836880271317603,4.177933640317498,0.41091533835962,-1.9931353663259233,12.302129277138697,19.091622529647232,13.060626991696193,2395.75,277.375,B0053,17,4,1.0670957253433857,0.9494504228970105,0.9423340490711432,0.9497992962981318,0.9353965170706703,0.9926476190350275,0.9277862604733605,Healthy
1.342377335671906,4.104388983073507,3.0715434654202056,1.968810244689163,4.192397472111982,0.4302127554099461,-1.9931266937645042,12.366585260617875,21.30570494347084,16.89479725776775,2410.688,253.922,B0053,18,4,1.0279237850447498,0.9553485115802101,0.9428850241357669,0.9557214926408643,0.856305558927873,0.9875301996721286,0.893728221309665,Healthy
1.3378560019032633,4.079419750501578,3.0648787393041275,1.940239319338743,4.191651190035001,0.4483097084685602,-1.9933351618651365,12.13341884254367,21.06885524244432,14.153202637716578,2402.125,277.969,B0053,19,4,1.0325426399701008,0.9521307505442878,0.9371489412368685,0.9523266762475842,0.9373996735596833,0.9853874273538243,0.8977440842140744,Healthy
1.3114239641260943,4.03773687859469,3.0920593287919123,1.9763616179319543,4.191822005194803,0.4200827076685405,-1.992634824405149,12.146814956196247,19.0403826843671,12.822124752630575,2355.265,290.594,B0053,20,4,1.055948784653705,0.9333194913868089,0.9275733001740804,0.933748946925021,0.9799751797445133,0.9941262432834261,0.9180945541225838,Healthy
1.3346238672440047,4.086201045694891,3.0752264215555254,1.958878972318411,4.192766032434195,0.4240218144780773,-1.9928701313578603,12.493460218119653,21.22988294194384,15.59834394842258,2396.719,268.094,B0053,21,4,1.0445313831308718,0.9498304919255709,0.9387067813218087,0.9501834580504485,0.9040980400091727,0.9887143048129616,0.9081676956303116,Healthy
1.3598875372704347,4.147999223920005,3.063652287832334,1.9866817453254884,4.151701089360854,0.4119413945217077,-1.9928226279037262,12.212439916474112,20.949809700571592,15.735934849280312,2442.344,209.938,B0053,22,4,1.035313906812183,0.9678102424140748,0.9529034320309964,0.9682715694533922,0.7079775538559077,0.9849931116358591,0.9001535618636657,Healthy
1.3612453949740744,4.177108250838474,3.081738329329653,1.960538225019884,4.177926260298856,0.411914471284882,-1.992894098916617,12.533800131697806,20.122996890408825,14.306592057652852,2444.703,269.453,B0053,23,4,1.076341053101982,0.9687766080563109,0.9595905334879438,0.9692067991476288,0.9086810192491872,0.9908079445927103,0.9358246096713562,Healthy
1.343340180353595,4.105189332189756,3.0712653565298207,1.9904175883780109,4.19142646613203,0.4390387798618648,-1.992442672698046,12.15752125414067,20.906313087706064,14.052367027960631,2412.25,276.032,B0053,24,4,1.0352223140423542,0.9560337527632147,0.943068885168165,0.9563407502849497,0.9308674949078009,0.9874407850403175,0.9000739265400601,Healthy
1.3381856674628803,4.100172695184469,3.0775076513338275,1.9817745728975944,4.191965715839513,0.4216493326145542,-1.9925886065719591,12.500489505201012,21.20076254299653,15.357667935481754,2403.234,283.25,B0053,25,4,1.0514287056908256,0.9523653682581974,0.9419164330191807,0.9527663412458496,0.9552088813348981,0.9894477417067665,0.9141645719678294,Healthy
1.3145917597950352,4.032775416089339,3.081721091323029,1.9986378497920827,4.19127356264746,0.4342414306364584,-1.9921660756338,12.129752391274424,20.01669492389786,13.482187463467959,2361.047,295.859,B0053,26,4,1.060332934638968,0.935573960973632,0.9264335230444274,0.9360412309827048,0.9977304304425829,0.9908024024109652,0.9219063528427713,Healthy
1.3323019010197423,4.065743343553323,3.065618110074437,1.9475532037509715,4.192474641560636,0.4309557127927725,-1.992579022263777,12.4375808996521,21.30088854975241,16.0087859312014,2392.468,260.718,B0053,27,4,1.0236966462748538,0.9481779856463448,0.9340071144390977,0.9484981416323901,0.8792238274452674,0.9856251420313653,0.8900529359733267,Healthy
1.3217811798830987,4.051309155735267,3.078450046499129,1.9971786671898824,4.17716731983324,0.4110398968705431,-1.9922556312887356,12.499986997045514,19.859103950325803,13.777267773839467,2373.89,273.437,B0053,28,4,1.0465884668750889,0.9406905564328503,0.9306912056435779,0.9411328608949898,0.922116331458325,0.989750730642537,0.9099562268643896,Healthy
1.3272136535672214,4.045835211166453,3.0625561806089783,1.954304860794578,4.191922035679278,0.4331584602206051,-1.9924849523302153,12.407329307373491,21.371062787995548,17.215731708463267,2383.234,250.0,B0053,29,4,1.0031121684812232,0.9445567611954087,0.9294336980393596,0.9448373061103127,0.8430793303926727,0.9846407028233749,0.872155764030478,Healthy
1.3042896695942692,3.9855078086163496,3.070668465167841,1.972812167862101,4.1914917424018325,0.44517027559010974,-1.991918687181604,12.12683073125857,20.121473725568496,13.508362628803024,2342.453,299.297,B0053,30,4,1.0461578935615607,0.9282421279055918,0.9155749228004428,0.928669607017196,1.0093244573941431,0.9872488788366403,0.909581864944526,Healthy
1.3137658996787613,4.0135373806079055,3.0689252222547845,1.9932654775438805,4.192505197154108,0.4253009280361536,-1.9920764243229472,12.488226976946088,21.375504791399432,15.991466195932471,2359.296,263.937,B0053,31,4,1.0156263513525603,0.9349862095181437,0.9220140453526096,0.9353470439565884,0.8900793169034035,0.9866884097951344,0.8830362189449998,Healthy
1.3058602480067252,3.9749256102936075,3.059463155886766,1.9677305370734943,4.191388693209469,0.4522986816080284,-1.9916033205160302,12.141455926320956,20.75519907919811,14.021413422319615,2345.453,288.531,B0053,32,4,1.0250054893129452,0.9293598834790714,0.913143916294457,0.9298589622875266,0.973018089110113,0.9836462661969999,0.891190909408153,Healthy
1.3142229640312937,3.991746528108533,3.0515604930870808,1.9646771872417268,4.176817913788527,0.4334455932282838,-1.9918811626801765,12.395143910298117,21.495108529574846,17.685038386440862,2360.172,228.594,B0053,33,4,0.9801331625592912,0.9353114949183695,0.9170081191186336,0.9356943356955251,0.7708915058071305,0.9811054855567861,0.8521766698711007,Healthy
1.2892597006208462,3.9489438083981905,3.077258112412092,1.9842967959422224,4.191203897341503,0.43182234413346116,-1.991620909948196,12.19451958922961,19.650976156235696,13.071081776792333,2315.407,289.985,B0053,34,4,1.036777776420363,0.9175455390208657,0.9071752198555278,0.9179471728034095,0.9779214384956768,0.9893675125893923,0.9014263231327232,Healthy
1.2930618476156346,3.9603363806453484,3.0764274410465147,1.9519786488395736,4.191950279497998,0.4217042557411259,-1.991691964766,12.32467046038635,18.85601423191303,12.70979059880223,2322.156,278.89,B0053,35,4,1.026830062058722,0.9202514663154905,0.909792390353385,0.9206228257098964,0.9405055778128499,0.9891004439091845,0.8927772839803323,Healthy
1.2958460280022266,3.9649334786080614,3.0735171627901745,1.9991200294367053,4.191989330112193,0.41772210404562016,-1.9916164333598747,12.456556362135045,19.66943680638515,13.643930234462468,2327.1570000000065,267.25,B0053,36,4,1.0150379662805102,0.922232923032331,0.9108484634598578,0.9226054809455401,0.9012518041897671,0.988164761995534,0.8825246476091292,Healthy
1.3001836231919057,3.9582309902619883,3.0586262243104274,1.9919158008530224,4.192193889063254,0.43040004690810546,-1.9915769869135742,12.493233578273262,21.138845685984403,16.13319637917737,2335.0,243.344,B0053,37,4,0.9904614739486176,0.9253199202559717,0.9093087273597905,0.9257148520739382,0.8206331863002981,0.9833771847999764,0.8611566190671525,Healthy
1.2969817795217262,3.9581389783642598,3.0655406838342585,1.94559141180858,4.176984220978375,0.4189454750619632,-1.9913283590219126,12.497083720348076,19.288047919779903,13.18043019522095,2329.375,256.343,B0053,38,4,1.0145765174582757,0.9230412192504251,0.9092875898309724,0.9234848109420685,0.8644699391633957,0.9856002487647442,0.8821234409816329,Healthy
1.2995882947095914,3.950684295552011,3.0545790418645686,1.974560984027517,4.191893131054369,0.43410138140621024,-1.991453914785753,12.499664099435382,21.3268013324968,16.686513911637228,2333.875,244.39,B0053,39,4,0.9811308944080388,0.9248962344827046,0.907575055075534,0.9252688438475642,0.824160630218661,0.9820759774643603,0.8530441477167334,Healthy
1.2904394706963094,3.9159147121105082,3.050692756091621,1.945088917895143,4.191053526742021,0.45679256989378875,-1.991333341091594,12.233147481743185,20.84260661100648,14.13866128013351,2317.453,281.75,B0053,40,4,1.0041687429386437,0.918385162542248,0.8995875763892711,0.9187583130977749,0.9501504053525421,0.9808264999269108,0.8730744025757186,Healthy
1.2778843206298938,3.9063351861783104,3.0706836502741286,1.9541644750198832,4.191344296215671,0.42084544429123,-1.9909759973896202,12.380002749755878,18.56010936417985,12.28117099267158,2295.109,270.766,B0053,41,4,1.007820487960787,0.9094498627499488,0.8973869098401114,0.909899995044353,0.9131088718924097,0.9872537609915611,0.876249411881661,Healthy
1.2956264470371253,3.9346890377425856,3.051595420919736,1.935548354335742,4.1920711169862885,0.4342357221048443,-1.9908720980814456,12.616251645969692,21.59240098021019,16.166204712281896,2326.657,251.625,B0053,42,4,0.982454133084564,0.9220766507662501,0.9039005278540901,0.922407255067149,0.8485593460402251,0.9811167151844779,0.854194637437805,Healthy
1.3804545786627551,4.224514149152657,3.072187965091245,1.981406351768184,4.132408076306833,0.38068943730641236,-1.9918802848881905,12.829588969895449,20.679962323191948,15.233380665773609,2479.297,184.625,B0053,43,4,1.1096775355538029,0.9824474773104216,0.970480902739124,0.9829216512215669,0.6226140854949888,0.9877374123962837,0.9648090106550242,Healthy
1.3719021137240413,4.228159183811274,3.094404341842919,1.9931418060709156,4.175775307137671,0.39473306796494256,-1.9920173318720953,12.58985421750493,18.9874805225948,12.882853235342942,2463.578,273.078,B0053,44,4,1.1136801589914762,0.9763608245992802,0.9713182621137445,0.9766898260567917,0.920905669539881,0.9948801871011078,0.9682890911605729,Healthy
1.3693980114551751,4.185700766214959,3.070776135685358,1.947894370100842,4.19084164853627,0.4276643034244077,-1.9921854505345817,12.499581621225966,21.621996984314368,15.654428207676439,2458.812,260.594,B0053,45,4,1.0385009100572404,0.9745786950058835,0.9615644580115588,0.9748003369839933,0.8788056600973926,0.9872834959237365,0.9029245014828801,Healthy
1.336807101352059,4.117203882445616,3.093317588803282,1.9856387948209864,4.19061444729718,0.4050812249309605,-1.9915614937804331,12.55044884575378,18.973652680872625,12.813988898347747,2400.672,286.516,B0053,46,4,1.0768815902180078,0.9513842647732903,0.9458289402103882,0.9517506318449874,0.9662228697071481,0.9945307857469323,0.9362945796071492,Healthy
1.3343611135553364,4.0834876876078345,3.0749380759068083,1.949232767477218,4.191036582578031,0.4303419282953859,-1.9913636586660957,12.432369953422185,20.978900321002104,14.314254505394512,2396.407,300.0,B0053,47,4,1.0721705505837382,0.9496434943216104,0.9380834523157242,0.9500597651023341,1.0116951964712073,0.9886215989667778,0.932198566717758,Healthy
1.3321647777703018,4.067237989875103,3.0677280268889113,1.971670057823583,4.190677216614621,0.42943296245066886,-1.9913026171829147,12.51661002939304,21.79016577987201,16.558445369141342,2392.375,250.515,B0053,48,4,1.0124588999851116,0.9480803972196225,0.9343504736185024,0.9484612716190098,0.8448160738132815,0.9863035001912114,0.8802822787036116,Healthy
1.321594869885845,4.028577437476264,3.0638438118587557,1.9947630114629613,4.174970264553197,0.4298057572160085,-1.990880837032101,12.386978430486096,21.259687238039497,14.399790257658005,2373.687,238.015,B0053,49,4,1.0279944857549583,0.9405579625832381,0.9254691380452877,0.9410523811883641,0.802662107293648,0.9850546884171041,0.8937896920343426,Healthy
1.3286281789068577,4.059645839569446,3.069633671738992,1.93495405419616,4.191223425605613,0.42105430391649795,-1.99127383323294,12.86442209459833,22.11367611975276,16.67325507893288,2385.922,250.891,B0053,50,4,1.0304147279049998,0.9455634562891825,0.932606359000294,0.9459029684325289,0.8460840651261922,0.9869161829874963,0.8958939713042313,Healthy
1.305766686525518,3.999218381541283,3.0774703956362286,1.9626921591466933,4.1907916530158085,0.42806734217493875,-1.9908555652032598,12.452887134609785,20.51266351352416,13.940239755936283,2345.0,290.14,B0053,51,4,1.0556163273995052,0.9292932972671045,0.9187245984127091,0.9296793696417067,0.9784441476805201,0.9894357636485352,0.9178054991996601,Healthy
1.315918737459526,4.015070210128496,3.065650898720959,1.965011869626919,4.191391388470691,0.4239303276572541,-1.9910466332112344,12.717167506079072,21.838243278861643,17.350993548133278,2363.047000000006,239.843,B0053,52,4,1.0011115418162628,0.9365183497851706,0.9223661762070383,0.9368341344962609,0.8088267033574792,0.9856356838905354,0.8704163193977207,Healthy
1.2899301272815242,3.9646857900183123,3.087680483774557,1.998288646492444,4.1908069648629,0.40929139612342064,-1.9904913026405957,12.479976931874727,19.19841243068418,12.801812787942652,2316.687,278.734,B0053,53,4,1.0466839215498662,0.918022670968331,0.9107915629411968,0.9184546310520838,0.9399794963106849,0.9927184033023205,0.9100392199208259,Healthy
1.292799466557356,3.9630375264156728,3.080080108538352,1.987337089818558,4.176075101120923,0.4115310280985609,-1.9901940926688606,12.53086381740867,19.94793881732045,13.47208783427352,2322.0,267.875,B0053,54,4,1.047181656018543,0.9200647339066272,0.910412913872318,0.9205609792358392,0.9033595025157488,0.9902748109654086,0.9104719750996115,Healthy
1.3128090877493022,4.003413189770168,3.0638130274525714,1.9333820178355812,4.1919833117809935,0.42397207706170753,-1.9906079852392542,12.900294389057347,22.11167709201849,16.891835805989054,2357.687,241.937,B0053,55,4,1.0102740078425778,0.9343052617485559,0.9196882550920463,0.9347091530799345,0.8158883358288482,0.9850447909401098,0.8783826244717415,Healthy
0.853826613284652,2.504177755475771,3.224017445984581,2.1808531235872497,3.849482783980402,0.3822300792909674,-1.1710330967045812,12.46348139823978,19.2224107892251,13.071780250476813,2660.313,19.578000000000003,B0054,1,4,0.7399351039859233,0.7028670935965372,0.6457982103548042,0.9438493453081661,0.1588878338567916,0.991815962060997,0.6694717643592168,Critical
1.2908622285387052,4.067638909517254,3.250620648698839,2.1857283549042807,4.150169673638684,0.3392269406241171,-1.6489958041029575,13.22908734445715,19.13350840101625,14.025344850945878,2826.0,123.219,B0054,2,4,1.1665440238116096,1.0626332895810873,1.0489965907538892,1.0026332427202653,1.0,1.0,1.0554551089911743,Healthy
1.2147767637202393,3.877647406455285,3.3125509639490387,2.191704472328808,4.18097797086454,0.34917770898961553,-1.5571513787964162,12.767949622305693,19.246439328077983,13.025964291332057,2818.578,180.969,B0054,3,4,1.1052521456138635,1.0,1.0,1.0,1.468677720156794,1.0190518433072124,1.0,Healthy
1.5112031116301659,4.538018788777627,3.014547209987882,2.194436684364802,4.183817862511293,0.47031104286542214,-1.997470366256859,14.48548355867213,25.274344894624623,20.083325218072112,2713.812,172.219,B0054,4,4,1.0960302257185877,1.2440171369446715,1.1703020705861482,0.9628301930973704,1.3976659443754615,0.9273758877999336,0.99165627505735,Healthy
1.1539061241891424,3.7322744773952836,3.362083204238267,2.1744802077788186,4.179551945393369,0.33112524564866175,-1.4975619564128648,12.21069483610014,17.912726519981458,11.815705908420536,2786.578,211.688,B0054,5,4,1.0754450685609742,0.9498915015918798,0.9625100186216021,0.9886467573365009,1.7179818047541369,1.034289622686069,0.9730314234890408,Healthy
1.4855563922975907,4.467696328088648,3.01935322902276,2.1991956579298835,4.186221002348923,0.4856136996518944,-1.9970237894724439,14.382852820878863,25.399130245059563,20.008847180503718,2667.89,203.359,B0054,6,4,1.0655493528023796,1.2229048469350796,1.152166728891101,0.9465375802975826,1.6503867098418266,0.9288543805415588,0.964078067643621,Healthy
1.1687362826870993,3.747621003717145,3.2949076790535123,2.195382286735059,4.162967318861197,0.35163321571304607,-1.6640786232847222,12.646539321462496,19.95849572800336,15.29763217028902,2530.172,204.454,B0054,7,4,1.0568368579972396,0.9620996364038594,0.9664677086107211,0.8976767717622148,1.6592733263538904,1.0136241767775642,0.956195255708159,Healthy
1.3445059964188184,4.147121194913171,3.099558518903638,2.186961493066742,4.186119302404479,0.4449713764164695,-1.9715817292939632,13.501798463127008,22.3455512044548,17.082850693356118,2446.062,224.89,B0054,8,4,1.0449064445364842,1.1067926524222318,1.0694941443126782,0.8678354829988739,1.8251243720530113,0.9535282193399994,0.9454009645519729,Healthy
1.147849699200925,3.699195192281023,3.344320754921095,2.1792899341144296,4.183685207894235,0.35663880840682083,-1.5296202376253885,12.310686417130766,18.346440665576743,12.818892171516957,2713.25,245.75,B0054,9,4,1.0458363976936966,0.9449058736402308,0.9539792571451481,0.9626308017730927,1.9944164455157078,1.0288252971812513,0.94624235912506,Healthy
1.1317306612118492,3.6387021292417456,3.3393968492515325,2.1960491387884744,4.186682919177322,0.37305761918965435,-1.5281296055710467,12.449589157423155,19.776786565302107,13.229252237637361,2676.578,246.875,B0054,10,4,1.018187920878015,0.9316367377212069,0.938378802359452,0.9496199856807227,2.0035465309733076,1.0273105385546075,0.9212268213354223,Healthy
1.315720631498414,4.067293471029972,3.1066787302612444,2.1942476804372792,4.187137846103755,0.4496082189695477,-1.9701082949463855,13.39260571620204,22.520284175103843,17.06825264098604,2394.734,268.0,B0054,11,4,1.0226409233672231,1.0830966402987783,1.0489075062005315,0.8496248817666213,2.174989246788239,0.9557186353027038,0.9252557684918515,Healthy
1.1092053007476177,3.603025672910276,3.3713317734388912,2.1907481286563577,4.170757473231068,0.3344994680575574,-1.5000378935218985,12.045245019281868,17.54568061289479,11.575923271645266,2673.0,279.266,B0054,12,4,1.03890961861509,0.9130939394582176,0.9291782607444311,0.9483505512354102,2.266419951468524,1.037134792947424,0.9399752108493519,Healthy
1.3597116417252224,4.1773743304453586,3.1171442968796907,2.185877354823723,4.18733783943504,0.46085230832779406,-1.8653555811837863,14.027143186292392,22.730114882559054,17.71504856959079,2619.578,270.891,B0054,13,4,1.0173250354350074,1.1193098866668487,1.07729607480327,0.9293970221863649,2.1984515375063913,0.9589381948113274,0.9204461076797812,Healthy
1.1042923810908418,3.5924618140954427,3.3723181530355464,2.18549830376202,4.183271363053432,0.33618991956242544,-1.5115018139952765,11.986987916312621,17.24230903543893,11.204409622947487,2640.016,322.266,B0054,14,4,1.033183911994548,0.9090496411118036,0.9264539648744026,0.9366481963600085,2.615392106736786,1.0374382364135355,0.934794758005841,Healthy
1.0863415234186888,3.5323628822269004,3.3752367769573675,2.169486415611112,4.187176348907268,0.3458802295403766,-1.497824274090196,11.961246010798936,17.67282228813571,11.405681710100296,2621.187,333.922,B0054,15,4,1.0095232119739597,0.8942725576111457,0.9109551519167074,0.929967877419039,2.7099879077090385,1.0383361030787797,0.9133872446936211,Healthy
1.3979616886059636,4.2465269378005805,3.0680241783485127,2.1991609285274296,4.187497017349983,0.484062961589743,-1.9179494962272425,14.303923037098802,24.83365687277193,18.43733757216017,2616.453,304.843,B0054,16,4,0.9862483259626476,1.1507971920081206,1.0951297249799468,0.9282883070825075,2.473993458800997,0.943827197915753,0.8923288046773069,Healthy
1.3806405961438615,4.218031166638827,3.080029423131606,2.16946894247905,4.167864162415893,0.46516472710216555,-1.9314917930639428,14.014570142346548,23.814869897999767,19.25598375725171,2565.109,285.89,B0054,17,4,1.0080048320000436,1.1365385290344756,1.0877809982457123,0.9100720292289233,2.3201778946428715,0.9475204140982991,0.9120134586485619,Healthy
1.3555672326875037,4.163551925981496,3.0995001166042586,2.189366386338004,4.182759232638332,0.4668050458482419,-1.92048742497431,13.82742179742786,23.28615802177016,18.173079295362086,2532.531,313.735,B0054,18,4,1.0153387761254196,1.115898223584797,1.0737314380493321,0.8985137186198147,2.546157654257866,0.9535102528327717,0.9186489980179993,Healthy
1.3159374967851458,4.062222718698722,3.135117188240346,2.1938108499397133,4.183401065560466,0.4671778596853895,-1.849612166299431,13.793181239419976,22.857688282463823,17.39833931199999,2556.593,329.437,B0054,19,4,1.0106786853355956,1.0832751630473265,1.0475998183682629,0.9070506475250995,2.673589300351407,0.9644672593510022,0.9144326833894167,Healthy
1.08901271443784,3.534394846233788,3.361825569933971,2.195354018162212,4.174098618023754,0.3443086403153814,-1.525824007413269,12.006556818172502,17.0744400013979,11.057682255385508,2577.891,341.454,B0054,20,4,1.010409656585336,0.8964714727525341,0.9114791717137382,0.9146069400953247,2.7711148443016094,1.0342103657280481,0.9141892739996886,Healthy
1.3779728487871452,4.191208689859508,3.069748420550782,2.1757051329882087,4.187244537540539,0.480973889986596,-1.9223708469458909,14.223331420666247,25.034160636506623,18.487848944452747,2572.36,312.375,B0054,21,4,0.9801433323963482,1.134342448704007,1.0808637945993294,0.9126446030587055,2.5351203953935677,0.9443576326814829,0.8868051840351514,Healthy
1.43549355448971,4.409214576305831,3.0996476610968013,2.1816843710356264,4.149611746563943,0.45305236992121667,-1.9101165488009806,13.816713741617784,23.82931377080337,18.12010325889031,2697.75,302.891,B0054,22,4,1.1016641723624383,1.1816932932545796,1.1370849677991928,0.9571315748579603,2.4581517460781215,0.9535556424701636,0.9967537061423821,Healthy
1.1916179543851135,3.8486965433802935,3.3276361450033405,2.1869057073992466,4.167185143906847,0.3601874857851409,-1.6020144332363573,12.297445133045807,18.148295901779747,12.201813847058867,2683.406,387.75,B0054,23,4,1.0826512239001271,0.9809357488332241,0.9925339103739046,0.9520424838340468,3.14683612105276,1.0236925512471993,0.979551343280873,Healthy
1.4184542887244642,4.346814550432369,3.0908876531781067,2.1798631989492883,4.186239596060815,0.482553184453165,-1.9236868575194104,13.917709213674303,24.24050410772348,18.571519354306638,2646.156,389.75,B0054,24,4,1.0575008387868343,1.1676666290359925,1.1209927295596918,0.9388265997960674,3.163067384088493,0.9508607700548908,0.956796006217651,Healthy
1.357997039880601,4.193494946200356,3.1255606087732573,2.1957368370641035,4.183562459488766,0.4666643918391086,-1.8803961080701523,13.738247646589583,22.93935470684112,17.46954249583966,2593.531,370.344,B0054,25,4,1.0385517331615322,1.117898432401482,1.0814533934207802,0.9201558374471098,3.0055754388527745,0.9615273347950826,0.9396514064984822,Healthy
1.382379357407558,4.230764824868822,3.0910099520509644,2.197272162359153,4.183469543197807,0.47368501166842614,-1.905113543140002,14.021036742212438,24.77112444800467,20.426402203786672,2604.125,340.297,B0054,26,4,1.0073294901291132,1.1379698712494613,1.0910648600555293,0.9239144703463945,2.761725058635438,0.9508983932924429,0.9114024289630639,Healthy
1.091022054361293,3.5535358709581084,3.371121145966289,2.186991625035034,4.182803471091083,0.3425825587076066,-1.5218810456368534,11.909908874752377,17.39258920543283,11.106187095330782,2588.594,404.656,B0054,27,4,1.0160400308540347,0.8981255543776215,0.9164154185453751,0.9184042449774319,3.284038987493812,1.037069996868347,0.91928347290357,Healthy
1.115097616101367,3.5986919160023834,3.3382772643772527,2.1839945875783817,4.177543051799468,0.3661333913221257,-1.5596078514903517,12.313622257322168,18.305747733025576,12.171468375110493,2579.203,385.391,B0054,28,4,1.0158319636440951,0.9179444729304781,0.9280606354284526,0.9150724230445281,3.1276913463021128,1.0269661166748267,0.9190952197427277,Healthy
1.1675672592159756,3.7113075040542496,3.275227014636782,2.1974155139704856,4.18745666665725,0.4133797842828776,-1.6471246950174097,12.835536006037291,19.849601783840107,13.863059563791396,2555.453,387.203,B0054,29,4,1.0015383803216271,0.961137300354935,0.9571028809571179,0.9066461882552124,3.1423968706124867,1.0075697439342215,0.9061628012179672,Healthy
1.3560687377492597,4.145138133511358,3.08264025202744,2.1944796571193828,4.187380122640154,0.46694674407988446,-1.9257089452541614,14.025334270032486,23.697887384213885,18.536831900309828,2525.609,345.297,B0054,30,4,0.981248861591824,1.116311060804551,1.0689827359266264,0.8960578703161665,2.8023032162247707,0.9483235926841729,0.8878054347018097,Healthy
1.0993387729424267,3.5450943544382465,3.3354691487943056,2.19582689132158,4.183314724424282,0.3694191206177518,-1.5632544144584157,12.206393799822907,17.639370990163055,11.431484238027288,2536.172,390.5,B0054,31,4,0.9987416030110134,0.9049718481408179,0.9142384499778337,0.8998055047616209,3.169154107726893,1.0261022460831994,0.9036323584391746,Healthy
1.3552878536854243,4.120741898926182,3.0695623236052407,2.180729125655269,4.187279483525102,0.4829670744849521,-1.9167231691178084,14.157912343382948,24.85575941323945,19.248614285031827,2536.204,326.469,B0054,32,4,0.9584014230949642,1.1156682397635524,1.0626912318191197,0.8998168580042845,2.649502106006379,0.9443003830157565,0.8671337367661589,Healthy
1.3029628944263538,3.9997015396089206,3.1084291827280213,2.198606902338691,4.168586129733135,0.46397249507843974,-1.8791583665297855,13.877029644763786,22.63357359621721,16.90306562552487,2488.86,349.141,B0054,33,4,0.9800846133894624,1.0725945155849421,1.0314763361285626,0.8830197354836375,2.83349970377945,0.9562571332253936,0.8867520567853028,Healthy
1.0615660060486942,3.438262194242529,3.3581509225423294,2.178492152794792,4.183747098480424,0.3633022263619524,-1.5204721015245712,12.000734280236426,18.24210090664387,11.765963133041735,2518.547,350.547,B0054,34,4,0.9720372198962766,0.8738774380221606,0.8866876829798159,0.8935523515758655,2.8449102816935703,1.0330799208718904,0.8794710091753781,Healthy
1.301101294260103,3.9885503355211482,3.1056894645085027,2.1931605321338634,4.187523274109238,0.4740900306729078,-1.8782588716032265,13.961422230756657,23.459587106388877,17.65865053304322,2485.766,373.516,B0054,35,4,0.9693202807518412,1.0710620528133052,1.0286005707690797,0.8819220188336104,3.0313182220274473,0.9554143039581227,0.8770128016476051,Healthy
1.3249665091646863,4.030101816980011,3.076065545012625,2.1971158447610275,4.184269535257578,0.48814906723015006,-1.89639216401358,14.14108020855593,24.87318926454243,19.342189482893858,2506.718,330.468,B0054,36,4,0.9479786388506264,1.090707814583967,1.0393162127817317,0.8893555544675364,2.6819565164463275,0.9463009921640395,0.8577035046822854,Healthy
1.2728154866541324,3.91467215003188,3.121042954980712,2.192446180613871,4.183868392040906,0.4735362281927352,-1.8576897659318123,13.857077682108361,22.57895105031832,16.81751942524891,2459.297,365.36,B0054,37,4,0.9638519569071228,1.0477772745307954,1.0095482491561658,0.8725311132067305,2.9651271313677277,0.9601375528793263,0.8720652212548239,Healthy
1.0713020604209136,3.443673781376869,3.330025768269621,2.1750045839249057,4.169539487587025,0.3749355008428129,-1.5518869076190895,12.299989669041157,18.155876160419844,11.923816186848097,2488.734,366.984,B0054,38,4,0.9682336695484696,0.8818921240640657,0.8880832681290306,0.88297503209065,2.9783069169527425,1.0244276795579226,0.8760296674300568,Healthy
1.328634279958987,4.035025322178971,3.067009596769174,2.1906356157422464,4.18749739820457,0.4810147245341154,-1.9124622855946998,14.212120623239777,24.745737558953422,20.250133126637067,2491.375,334.453,B0054,39,4,0.9407020864603765,1.0937271107244926,1.0405859272974876,0.8839120293992219,2.7142973080450252,0.9435150785733301,0.8511198916858063,Healthy
1.1659989387193979,3.657898831277009,3.224323331222822,2.1969226044699126,4.183674115350642,0.4437385498081573,-1.7011264817066785,13.232401754114171,20.864500972462256,14.80732172159502,2467.328,380.016,B0054,40,4,0.9618442077038964,0.9598462643856802,0.9433294077196263,0.8753804223264355,3.0840698268935802,0.9919100626255656,0.870248668162216,Healthy
1.0374481359949157,3.3444625870512907,3.348287536831091,2.188259141429684,4.185924206625423,0.3784363786372467,-1.5163049342863169,12.098481296366476,18.59367691804772,12.04217554874119,2466.125,336.5,B0054,41,4,0.9332340144199704,0.8540236914128512,0.8624978592647752,0.8749536113600546,2.7309100057620985,1.0300456124190764,0.8443629972793645,Degrading
1.3231102374349888,4.0112967374790065,3.0573024563037245,2.1682818867328626,4.187821519147336,0.47670570973784476,-1.9284095076756849,14.31610663580659,24.597212846034733,19.293438293010006,2459.312999999994,349.422,B0054,42,4,0.9313454737145216,1.0891797381627382,1.034466602301496,0.8725367898280602,2.8357801962359703,0.9405288364015972,0.8426543005688958,Degrading
1.352220385259401,4.116375303949811,3.076951013118892,2.187733999755357,4.145501189988608,0.46062352953060975,-1.8954338677218163,14.083550544682673,24.13178710047615,17.889956498234262,2559.125,328.297,B0054,43,4,0.9976429099116704,1.113143110441331,1.0615651379486193,0.9079489728508489,2.664337480421039,0.9465733918691915,0.9026382928734996,Healthy
1.3514688496289253,4.133676778952509,3.085795975435223,2.158914847324055,4.168037433999008,0.4568794736150532,-1.9122439737900219,14.07160712441505,23.612194914633054,18.401349111989962,2534.156,352.469,B0054,44,4,0.9833315262972036,1.1125244489284336,1.0660269863812273,0.8990902504738205,2.8605085254709097,0.9492943991081849,0.889689769162181,Healthy
1.095823321442438,3.528852059841042,3.3302769619097354,2.1913469960772693,4.182894970276525,0.3750887378605862,-1.5658732171156964,12.23792511997238,18.35582339692624,12.075945145305145,2521.985,398.188,B0054,45,4,0.9904370062777442,0.9020779407127382,0.9100497518073488,0.8947721155845253,3.231547082836251,1.0245049551514973,0.8961186008172368,Healthy
1.3406963070998428,4.081635179806751,3.071754770434524,2.1887585386046826,4.187269403966888,0.47289524935832916,-1.9198544645109012,14.182674582038874,24.73342335069987,20.25612804176314,2503.172,353.719,B0054,46,4,0.9499871340436294,1.1036565294465925,1.0526060654746172,0.8880974732648875,2.8706530648682427,0.944974853237362,0.8595207327247494,Healthy
1.317487248225539,4.018399737344452,3.0794678744671966,2.198239401427243,4.183666770470569,0.47147514766836746,-1.9091163760160397,14.10332308130901,24.172566338551658,18.730223908814708,2474.344,366.031,B0054,47,4,0.9526027840900876,1.0845509130342188,1.0362983830491783,0.8778696207804078,2.970572720116216,0.9473476628839629,0.8618872968222164,Healthy
1.2130302658732934,3.6688484829680776,3.0669938746662084,2.1796805503092664,4.071079307477162,0.4258101097295449,-1.8522071985944888,14.073408640034845,23.99040081449467,18.51217825380239,2349.64,163.843,B0054,48,4,0.8850175175465715,0.9985622890566351,0.9461531950688423,0.8336260341207516,1.3296894147818112,0.9435102419268354,0.8007381130710474,Degrading
1.361744497212781,4.173502465639493,3.092460830981556,2.1687268442761383,4.166737300664872,0.4499430440362838,-1.9078833192347389,14.081056672524559,23.497913584081875,18.089491441393633,2560.688,362.688,B0054,49,4,0.9937402750241768,1.1209833262223874,1.0762975660684584,0.9085035077971942,2.943442163951988,0.9513447323419325,0.8991073023181038,Healthy
1.3273715737717324,4.08289922503435,3.1098726595442607,2.191725388766709,4.182736373587939,0.4577068183132158,-1.8886275942243518,13.882912785076055,22.413638355604547,16.422490143939854,2522.375,406.8589999999968,B0054,50,4,0.995507330519279,1.09268765539001,1.05293204798285,0.8949104832294866,3.3019177237276462,0.956701195136099,0.9007060827431087,Healthy
1.3275522877188406,4.068185807604752,3.0916929425969144,2.16190489413124,4.183619389994964,0.46374236017514353,-1.9132216217910722,13.976909425974554,23.276288269463745,17.543468383563102,2488.719,386.922,B0054,51,4,0.975407870968116,1.0928364184817196,1.0491376293863823,0.8829697102581515,3.1401163781559664,0.9511085041050421,0.8825206762447575,Healthy
1.313257603058072,4.020734210300961,3.092077800709679,2.1867699716569766,4.18340061507743,0.4661352994387721,-1.903346510749379,14.001484389915577,23.166415774259068,17.363806750992374,2474.844,388.109,B0054,52,4,0.965960558373922,1.0810690838670935,1.0369004163729463,0.8780470151970249,3.1497496327676737,0.9512268993760864,0.8739730225426723,Healthy
1.3123824750990665,4.01109285723452,3.0868228519569625,2.198752976514828,4.183750141327261,0.4671378856768439,-1.9027928791898274,14.093605062402071,23.915519230311656,18.20843933207594,2473.875,378.484,B0054,53,4,0.9573702621688754,1.0803486815799068,1.0344140239664605,0.8777032248176208,3.071636679408208,0.9496103007874999,0.866200772346971,Healthy
1.311296208479199,3.9820265095325684,3.072604933827402,2.166553275090901,4.16720818599326,0.4752126626206722,-1.8852058718255222,14.300275862318225,24.7714915843067,19.836109896881467,2495.5,335.0,B0054,54,4,0.9294756591964932,1.0794544706826381,1.0269181522031938,0.8853755333363136,2.7187365584852987,0.9452363920278752,0.8409625467682372,Degrading
1.303240472321305,3.9617459433596816,3.076772656394079,2.197414602671961,4.183066668693598,0.4871594463934654,-1.8841642253203457,14.124062472619881,24.68396453173386,19.96538087660612,2481.078,335.953,B0054,55,4,0.9323553879823946,1.072823016741073,1.0216880309345284,0.8802587687834078,2.7264707553218255,0.9465185233551174,0.8435680416295948,Degrading
1.0966663553310536,3.493688642901254,3.2911829197288838,2.1984537160355733,4.182465009412686,0.4011614121489017,-1.6061202048940721,12.64526098166937,19.020363167421827,12.701388353413623,2460.125,393.906,B0054,56,4,0.954568378404969,0.9027719232729855,0.9009815170624234,0.8728248783606485,3.1967959486767463,1.0124783158090997,0.8636657093977376,Healthy
1.3061800811163526,3.9713440826536646,3.0675140530182183,2.1699490089903373,4.186729661376772,0.4711458670238768,-1.9185686957922585,14.223331638985794,24.13873479197664,18.421554064818658,2440.547,372.234,B0054,57,4,0.9330242104372936,1.0752428924604975,1.0241632790135582,0.8658788225835865,3.020913982421542,0.9436702662447201,0.8441731727370558,Degrading
1.2913852326872632,3.9154501132266124,3.0671371599201427,2.176887912375456,4.183427098166605,0.4915057532411112,-1.8904802137424437,14.139185148296136,24.81564122138252,20.04827337898156,2449.922,328.109,B0054,58,4,0.923294184000959,1.0630638247742008,1.009748876782452,0.8692049678951584,2.66281174169568,0.9435543212794943,0.8353697277720786,Degrading
1.2747968882782736,3.88370317746922,3.078813614886158,2.1883883016985664,4.166698332057613,0.46484046556176395,-1.8976415345909174,14.087390371698557,23.24485824164149,17.29333171362341,2408.781,351.64,B0054,59,4,0.9257799164262976,1.0494083574452175,1.001561712651814,0.8546086005070642,2.853780666942598,0.9471463906803606,0.8376187461840339,Degrading
1.286831688637139,3.9010051020223586,3.066888936059056,2.170115376243027,4.184004022833215,0.489310376350956,-1.8894343368968853,14.202958247128624,24.86373425921068,20.350912913299073,2442.547,330.047,B0054,60,4,0.9162765793280084,1.0593153631752326,1.0060236770182325,0.8665884002500552,2.678539835577306,0.9434779592896122,0.8290204031398672,Degrading
1.0833312669018893,3.4412765062982302,3.2822748078833337,2.1966197167856167,4.182970368325371,0.40701957689426727,-1.611671218418306,12.672879944135305,19.187532398616906,12.801395665498609,2420.671,377.14,B0054,61,4,0.9387011679112468,0.8917945249332891,0.8874650388710924,0.8588270397342206,3.0607292706481957,1.0097378816556664,0.8493095187703857,Degrading
1.2883323167551497,3.9104698209575517,3.06323475400009,2.1844861596911245,4.186946857158577,0.47294164867839156,-1.915975846751273,14.267116889972154,24.608575630578702,18.84839619642355,2409.906,355.172,B0054,62,4,0.9158990586877171,1.0605506750142695,1.0084645175442268,0.8550077379444528,2.882445077463703,0.942353810256587,0.8286788334430434,Degrading
1.0273088516865627,3.294480789609173,3.3294345220814243,2.1969048206503072,4.182782183216822,0.3850967440438321,-1.5310760587444987,12.173995572424571,18.813867999485478,13.231734688838996,2416.672,322.39,B0054,63,4,0.9202608990433788,0.8456770678922452,0.849608137172222,0.8574082391901164,2.616398445045001,1.024245792388642,0.8326252997520855,Degrading
1.2864060762237755,3.902293197261205,3.059197039764698,2.189593119391126,4.175798948316686,0.4640271273229939,-1.9239678603051145,14.240824503948053,23.94925053538712,18.100344898346645,2395.75,347.032,B0054,64,4,0.9111253917360888,1.0589650005192495,1.0063558617436157,0.8499853472211875,2.816383836908269,0.941111673855033,0.8243597584061186,Degrading
1.2746778171855107,3.857482506420987,3.0606951230963726,2.1801159908061365,4.183432164471636,0.4894374519463867,-1.8954445735817307,14.275292993104369,24.82147170162433,20.28981957633819,2410.688,335.063,B0054,65,4,0.8980507043695345,1.0493103385364608,0.9947997076782359,0.8552851828120421,2.719247843270924,0.9415725345624412,0.8125301614960918,Degrading
1.0421745433743501,3.327902982111432,3.3096645129465334,2.1883204645817864,4.182464884390648,0.39196162233303095,-1.562794930544311,12.319879487331049,18.57811741414672,11.879712564032141,2402.125,336.203,B0054,66,4,0.9278864624016372,0.8579144535023069,0.8582273304610755,0.8522471260330564,2.728499663201292,1.0181638741116494,0.8395246877229844,Degrading
1.2636192569634326,3.8439049464775827,3.068838395977353,2.176027126654838,4.187190771734197,0.46896549691065403,-1.9221081343667143,14.017340985088923,22.523812738647745,16.501366134360715,2355.265,360.625,B0054,67,4,0.9118415396987224,1.0402069702861403,0.9912982134679059,0.8356217213076949,2.9266996161306293,0.9440776785829346,0.8250077082567256,Degrading
1.2662828709433127,3.836899409553906,3.0642577232510537,2.192431157609426,4.184124653963867,0.4796136547937002,-1.8937037642157029,14.309673058312118,24.88527095803529,19.401272152236253,2396.719,350.203,B0054,68,4,0.8936491649329469,1.0423996480351967,0.9894915672751617,0.8503291376005915,2.842118504451424,0.9426685099282862,0.8085477766130994,Degrading
1.2773480781822855,3.8463978145663935,3.05089172896046,2.165885100454371,4.1396795894908935,0.4683207132682686,-1.8756620997311104,14.20580721645281,24.49535100296176,19.193651230855295,2442.344,256.984,B0054,69,4,0.9100864492604256,1.051508488086669,0.9919410950472524,0.8665163781169086,2.0855874499874205,0.938556681531471,0.8234197534671677,Degrading
1.2855509225794153,3.9041943107507198,3.0723870805326334,2.1973597496316057,4.166798038044882,0.4636466679902362,-1.8854776045140642,14.343325580342825,24.79248513927076,19.14054963436039,2444.703,340.125,B0054,70,4,0.911490473146094,1.0582610410182944,1.0068461367197132,0.8673533249745085,2.760329170014365,0.9451693730434065,0.8246900734491195,Degrading
1.0653569480521068,3.3895280233645635,3.292510597456584,2.1972629267290893,4.182556356872751,0.40377480247812547,-1.589261111842247,12.52113276136492,19.41886177632084,12.821478711106618,2412.25,336.219,B0054,71,4,0.9337172811638196,0.8769981282729379,0.8741197092138577,0.8558393629695542,2.728629513305578,1.0128867540340374,0.8448002429755316,Degrading
1.2825459733114803,3.8892745383818506,3.0615420925064947,2.198752877987022,4.18680349899093,0.4714081188743873,-1.9122401856096214,14.320010513448283,24.843161021240142,19.194942149898907,2403.234,354.609,B0054,72,4,0.8981517756068776,1.0557873772492146,1.0029985015933138,0.8526405868491133,2.8778759769191438,0.9418330907766709,0.8126216078124316,Degrading
1.2247601465810096,3.7479742825285016,3.104814009888728,2.198603650230703,4.184455817920845,0.47133324523972825,-1.8597568424209725,13.817833063271001,22.81807409211731,16.537319985192475,2361.047,378.953,B0054,73,4,0.9139367135371254,1.0082182859920668,0.9665588150921327,0.8376731103414559,3.0754429105900876,0.9551449847374609,0.826903360616884,Degrading
1.2627509217217203,3.818442942406407,3.0591573873230504,2.1805571893421827,4.184079696303244,0.4867110685777403,-1.891396177801322,14.23049295284562,24.58129890321389,19.36351611523265,2392.468,344.171,B0054,74,4,0.8764848617154279,1.0394921597401654,0.984731859851332,0.8488209302705122,2.793165015135653,0.9410994754332752,0.7930180142094392,Degrading
1.2588996969595319,3.80895932210635,3.0574972660409525,2.174201624293327,4.166279880071051,0.47080079697874994,-1.9002601186022197,14.343710795679344,24.65462709285521,18.765455009945192,2373.89,345.109,B0054,75,4,0.8854917958581964,1.0363218449323697,0.9822861448839862,0.8422296633266846,2.8007774774994116,0.9405887664144414,0.8011672262951266,Degrading
1.2572211162302604,3.7982539129660524,3.0567448490556264,2.1705705059131044,4.183737744816785,0.49399223661769215,-1.890256821336201,14.146643227132303,24.667711168999983,20.318511539978484,2383.234,333.89,B0054,76,4,0.8819074622846708,1.034940043123673,0.9795253448374232,0.8455448101844263,2.7097282075004667,0.9403572976991894,0.7979242255122284,Degrading
1.1647521477520248,3.592573421796472,3.151370552126675,2.196118065671102,4.18293565751089,0.4641708992029935,-1.7845839996739221,13.55224741011707,21.67226159753115,15.323819954119054,2342.453,371.485,B0054,77,4,0.9045809105944796,0.9588199104047606,0.9264827471976338,0.8310761667762964,3.0148353744146603,0.9694673395334851,0.8184385021863677,Degrading
1.2502294092424835,3.7795748810058205,3.056163933839863,2.184361072149743,4.18457456922587,0.48557388383055,-1.8986075226465784,14.28080189135689,24.96144413226689,19.711944974873372,2359.296,336.468,B0054,78,4,0.8734606349455996,1.0291844942882105,0.9747082405465234,0.8370518750944624,2.7306503055535267,0.9401785886837292,0.7902817817743067,Degrading
1.0823129084273027,3.3966615404827807,3.236611432340167,2.193007424689509,4.1835244239011375,0.43286193597565054,-1.6591500079295531,12.92628985289928,19.86209455847644,13.390470504147821,2345.453,349.14,B0054,79,4,0.903131190986828,0.8909562157846453,0.8759593600047837,0.8321405332759995,2.8334915881479317,0.99569029490898,0.8171268380440226,Degrading
1.2573498660332496,3.7803334036939646,3.0377786371686537,2.168539148301184,4.171664411266561,0.49062704590748873,-1.9081461941354183,14.22945813956484,24.813991518744384,20.751306305114475,2360.172,301.391,B0054,80,4,0.8712217754060124,1.0350460295129704,0.9749038546931014,0.8373626701123759,2.4459782988013217,0.9345226544305064,0.7882561267701776,Degrading
1.2043975375209064,3.6771570607698294,3.096631349811912,2.1987726546793334,4.183480212813237,0.47162911702295435,-1.8642154954714256,13.889055949262897,22.3422759308799,15.993071508176936,2315.407,362.86,B0054,81,4,0.8936499043476617,0.9914558571506202,0.9482958802928573,0.8214805479926404,2.9448380525730613,0.9526277238937227,0.8085484456140307,Degrading
1.2360056183781996,3.7462054979659336,3.0611426143701355,2.1680465237840907,4.183649118386083,0.4764014620955196,-1.9063318856890261,14.09831645395676,23.389616432610406,17.4338374871743,2322.156,352.078,B0054,82,4,0.8835064014687892,1.0174755191998792,0.966102666201539,0.8238750178281389,2.8573353135474235,0.9417101978957316,0.7993708991879718,Degrading
1.2385619768051437,3.7471887147108296,3.0558445282697995,2.1849035687167166,4.183468521205082,0.47913920573241325,-1.9062132651550836,14.205610727972747,24.437246414395887,18.61127757895456,2327.1570000000065,352.704,B0054,83,4,0.8779403705367915,1.019579904551403,0.9663562263223636,0.8256493167831461,2.862415698877608,0.9400803288113595,0.7943349162639972,Degrading
1.2359117812219074,3.7271440004304663,3.0499483326806858,2.1788266272471644,4.183632733146927,0.4941697307254381,-1.8957242503552245,14.199988460708054,24.61732308170388,19.631447304236715,2335.0,329.156,B0054,84,4,0.8599389109365094,1.0173982727797182,0.9611869285035382,0.8284319256022008,2.6713088078948863,0.9382664611761208,0.7780477191101893,Degrading
1.2323039895984234,3.7192246037043173,3.0516041952252326,2.173598497548058,4.165207327973796,0.474788661582079,-1.8948015430442458,14.288204303284642,24.271941214408503,18.339110462744713,2329.375,330.172,B0054,85,4,0.8697358119609565,1.0144283512836607,0.9591446085357749,0.8264362384152576,2.6795542895170392,0.9387758600643638,0.7869116702577402,Degrading
1.2348737714424831,3.7202283546057986,3.0472454916360254,2.171024131749843,4.183812225950738,0.4983017823211286,-1.8950958802980535,14.208858242752529,24.804728027574093,20.087407206853886,2333.875,330.578,B0054,86,4,0.8638271814812677,1.0165437867453908,0.9594034641758752,0.8280327881648122,2.6828492359132925,0.9374349765654073,0.7815657132260014,Degrading
1.0695365208663021,3.3495069998593126,3.231306720712414,2.193241046616703,4.183143233797935,0.4379490231896133,-1.6587879730372208,12.936183613815922,19.87934804833635,13.438785237921977,2317.453,355.781,B0054,87,4,0.8865694537789144,0.8804387380532859,0.8637987544414805,0.8222064459454377,2.887387497058084,0.9940583875900265,0.8021422598428963,Degrading
1.2272424514970297,3.71542268603855,3.0561992011444175,2.1928820402300686,4.185938542114043,0.4726380945326672,-1.9142507746667623,14.08418288760077,23.51552492010551,17.438050950058944,2295.109,357.625,B0054,88,4,0.8690078572313327,1.0102617107513765,0.9581641383518593,0.8142790442556495,2.9023527215770297,0.9401894380901552,0.7862530379877078,Degrading
1.229027959110252,3.7037451513359865,3.049101236395701,2.1802092140590776,4.18432308250829,0.489891619403245,-1.891201590561377,14.275903069670573,24.913142338885027,19.610213429068395,2326.657,327.766,B0054,89,4,0.8474446088377652,1.0117315343984425,0.9551526384709976,0.8254719223665268,2.660028080085052,0.9380058659309254,0.7667432379125484,Degrading
1.2725615251273237,3.8320747292296455,3.059261895423349,2.1788337133933458,4.1182630057067415,0.43504290493713327,-1.8398920804939838,14.30665353308513,23.80380834532953,18.48369302230999,2479.297,222.0,B0054,90,4,0.8799727721580702,1.0475682142866474,0.9882473385409482,0.8796268898714175,1.801670196966377,0.9411316256321428,0.7961737741475527,Degrading
1.2921487543653014,3.920139506936031,3.0704875641057296,2.1830841723157457,4.164907528561344,0.4539094169438794,-1.8791742872877957,13.97058204189835,23.08245417914552,17.133710591263238,2463.578,348.063,B0054,91,4,0.9110444582768508,1.063692353159696,1.0109582166779805,0.8740499642018067,2.8247510530031894,0.9445850180441039,0.8242865321657904,Degrading
1.2748712124058685,3.8523778289474637,3.067048133380307,2.1910520386239125,4.182445897550156,0.491334137593018,-1.858308089580359,13.799155081842601,23.778234573688007,17.89461556109116,2458.812,323.078,B0054,92,4,0.912172429335506,1.0494695408081323,0.9934832709478035,0.8723590406226118,2.6219819995292935,0.9435269337281751,0.8253070875776315,Degrading
1.2563821444677519,3.811147254675024,3.0722065010406205,2.199607761547385,4.182116565141312,0.47216609696206224,-1.8751258468342007,13.85337076803369,23.05943482945761,17.050305904772056,2400.672,361.812,B0054,93,4,0.8872043975884799,1.0342494044914858,0.9828503871523864,0.8517316178583669,2.936332870742337,0.9451138207315473,0.8027167385372695,Degrading
1.2031588295354296,3.674152191501625,3.117253230362332,2.199124134730816,4.183709805636206,0.47364818455970253,-1.800714268791482,13.514874679422098,22.244929264861582,15.786229417200424,2396.407,362.953,B0054,94,4,0.8961236767959215,0.990436157052239,0.9475209595862448,0.8502184434846225,2.9455928063042225,0.9589717064063161,0.8107866429865279,Degrading
1.243959379372227,3.746009337016338,3.0560602390351073,2.187300234238766,4.18305579589887,0.5024263390575991,-1.8630586445315185,13.789537640473576,23.801178997375885,18.56885124421076,2392.375,313.687,B0054,95,4,0.8851334001128452,1.024023027541798,0.9660520785825437,0.8487879349090215,2.545768103945009,0.9401466886818642,0.8008429602470819,Degrading
1.0738288118402843,3.3455240038563443,3.2276996110787217,2.1979569345819563,4.163750891434571,0.44086844621087723,-1.6261597439567572,12.632160467633849,20.129283300775896,13.496360565969049,2373.687,288.578,B0054,96,4,0.8793386645436118,0.8839721370300962,0.8627715862682377,0.842157641193538,2.341992712162897,0.992948719614732,0.7956000520181953,Degrading
1.2477849079000225,3.755662573745035,3.0511101255752124,2.1932450152273764,4.1857725238225205,0.48884890893812566,-1.873244340822881,14.133236180004296,24.104183465359974,18.753065798947517,2385.922,326.922,B0054,97,4,0.8461224238450626,1.027172189298959,0.9685415356468006,0.8464984825681603,2.6531784870839727,0.9386238676594001,0.7655469633810312,Degrading
1.1804927482752516,3.5973605192429448,3.110131898177326,2.188819744044954,4.183962354946822,0.4775516915934702,-1.8048654869219674,13.44514404240349,21.124822433154826,14.748948787856964,2345.0,366.343,B0054,98,4,0.8705933152969343,0.9717775179202528,0.9277172837463935,0.8319798139345443,2.9731047971497904,0.9567809456394895,0.7876875143394557,Degrading
1.226912494156529,3.68397304042044,3.048474354226641,2.1933054601044173,4.183748382269399,0.5044639191784407,-1.8598703836367976,13.90645728525564,24.038373358435607,19.58492102937656,2363.047000000006,316.234,B0054,99,4,0.8440520909609104,1.0099900910181425,0.9500536418776944,0.8383826880079267,2.5664386174210145,0.9378130159380137,0.7636737863938902,Degrading
1.2008636222733793,3.633694045025129,3.0720502151516498,2.1984194356911515,4.183059531782334,0.48219110370710616,-1.8567326723251218,13.600457924373249,22.33379539164456,16.158042067522523,2316.687,355.5,B0054,100,4,0.8536244678403578,0.9885467504298887,0.9370872759023844,0.8219346776991802,2.885107004601563,0.9450657419472593,0.7723345946243333,Degrading
1.1879388043288863,3.5921882096461033,3.0780861695186963,2.197124548478272,4.164596042177817,0.47572312475526446,-1.8332643523185828,13.622342114819537,21.7292466341309,15.475956260598728,2322.0,332.328,B0054,101,4,0.8524519337958137,0.9779070853239223,0.9263834054808682,0.8238196707701543,2.697051591069559,0.9469226040727929,0.7712737199187765,Degrading
1.2234430320837713,3.673410737208637,3.047978400472379,2.1601370672426743,4.183536913886723,0.500643644086284,-1.8581507060124247,14.071709155413798,24.067733333922256,18.964162279652523,2357.687,319.171,B0054,102,4,0.8373919001793014,1.0071340419263466,0.9473297471795278,0.8364810198617885,2.590274227188989,0.9376604439193561,0.7576478394567685,Degrading
0.8547208757030241,2.5707355182260274,3.24393616697826,2.493079498483449,3.843735024444539,0.31061721654167473,-1.1715210918629737,11.879033293126687,18.02446981350722,12.119462698846238,2660.313,19.578000000000003,B0055,1,4,0.7989997927037011,0.6411265995497685,0.5912559006580373,0.9438493453081661,0.1588878338567916,0.9858702737289029,0.6256932296191628,Critical
1.370715209587016,4.432734893059197,3.2904290284649416,2.480538609588174,4.174020568347548,0.2597240285372553,-1.7486007645883601,12.415262417855027,16.633080095446793,11.68578141629304,2826.0,123.219,B0055,2,4,1.319892156462878,1.0281742335482804,1.0195061463898085,1.0026332427202653,1.0,1.0,1.0336017526759418,Healthy
1.3331546005161108,4.347923657700382,3.326231366449631,2.48985034932468,4.1994512899066025,0.2804986487872958,-1.7060235650197326,12.360226804144617,18.02222405324747,12.024694488965473,2818.578,218.86,B0055,3,4,1.2769832801132015,1.0,1.0,1.0,1.776187114000276,1.010880750709093,1.0,Healthy
1.3025883919253904,4.274774758611728,3.338535407708074,2.485404008194569,4.201354950378872,0.269562738008131,-1.7298155313553945,12.182802262813878,16.276920867509258,11.249960461174389,2713.812,229.406,B0055,4,4,1.2572591312230863,0.9770722701036421,0.98317613075862,0.9628301930973704,1.8617745639876968,1.0146200932543972,0.9845541056039773,Healthy
1.258062146706981,4.139084732781978,3.369050331157636,2.484071154442301,4.2022865042877005,0.28565515728153457,-1.630519419462631,11.995175259559732,17.386184005164274,11.520235732692075,2786.578,317.172,B0055,5,4,1.206763751299412,0.9436731090452234,0.9519681251650911,0.9886467573365009,2.5740510797847738,1.0238939366303164,0.9450113952881477,Healthy
1.2535334241887217,4.131918461121427,3.3596802370189534,2.481388096934316,4.202804398571556,0.2771173321585299,-1.6935037519026295,12.015852590858461,16.287370504806514,11.096598679133916,2667.89,299.906,B0055,6,4,1.2077322536103197,0.9402761117903617,0.9503199196709907,0.9465375802975826,2.4339265859972894,1.0210462550490929,0.9457698251955633,Healthy
1.2637098439311731,4.156371481649008,3.331138062731705,2.4857750442530606,4.194689870235318,0.27949184736296306,-1.796982266620521,12.31051634460958,18.76540773861097,14.181565367133096,2530.172,291.782,B0055,7,4,1.2009614290093835,0.9479094498432116,0.9559439881810883,0.8976767717622148,2.3679951955461416,1.0123719532968487,0.940467622178202,Healthy
1.2405797283872475,4.093432674884443,3.335155652675837,2.4898705968582,4.203456278554985,0.27652318741656445,-1.8221216958276871,12.203269426883178,17.743208793113464,12.68990558761781,2446.062,351.953,B0055,8,4,1.189059086549973,0.9305595374362251,0.941468387476118,0.8678354829988739,2.85632085960769,1.0135929460334725,0.931146950056046,Healthy
1.205707162541329,3.998783385003229,3.3970397549525346,2.486378896244576,4.203931038045003,0.27739571317568057,-1.60517659481492,11.974188885781311,16.27240932778339,10.970818850620411,2713.25,392.718,B0055,9,4,1.169708782604433,0.9044016065912817,0.9196995393240613,0.9626308017730927,3.187154578433521,1.0324002510205574,0.9159938119947358,Healthy
1.2066231954757707,3.9843733447792284,3.3803008994123225,2.484196378836121,4.204477051328936,0.29578781889110484,-1.6273590433187917,12.146032186206996,18.496064110315466,12.23847820728334,2676.578,345.531,B0055,10,4,1.1483647194613424,0.9050887233998552,0.9163853044481846,0.9496199856807227,2.8042022739999517,1.0273131163656517,0.8992793698595197,Healthy
1.2050666817418063,3.984570923899588,3.344612876092421,2.488899766066993,4.204395922551529,0.28271838045052067,-1.8077804758929823,12.075029193191549,17.233592924973692,12.021604441799258,2394.734,406.906,B0055,11,4,1.1527726060972296,0.9039211815908543,0.916430746626087,0.8496248817666213,3.302299158409012,1.0164671072248463,0.9027311665310442,Healthy
1.1794854138160726,3.914549093351247,3.4016962939915634,2.4856427415338582,4.196508158151434,0.2863506745019652,-1.5934585102181222,11.953480850146518,17.25233196126928,11.546921515758683,2673.0,448.688,B0055,12,4,1.1318370471727228,0.8847326584324523,0.9003260870090007,0.9483505512354102,3.6413864744885123,1.0338154278861715,0.8863366222558436,Healthy
1.196627616805424,3.954353806205697,3.377782507073848,2.4945204316368925,4.2049198480597365,0.29889471768546755,-1.6457766002423246,12.091243346975185,18.84637103862602,13.944201625755253,2619.578,421.156,B0055,13,4,1.1326525803383347,0.8975910343347783,0.909480965518414,0.9293970221863649,3.41794690753861,1.0265477473767786,0.8869752626971966,Healthy
1.1585934286815682,3.8553800668550715,3.411152214850695,2.489824423973652,4.204749253288386,0.28513923847077843,-1.5844221226745288,11.84145066042513,16.69866695291335,10.945539270373846,2640.016,483.485,B0055,14,4,1.1160565716574584,0.8690615688780853,0.8867175163085046,0.9366481963600085,3.9237861044157154,1.0366891932150482,0.8739790011647786,Healthy
1.1524489476863422,3.8285777437500785,3.4062074380814424,2.4929609831648176,4.205529950993648,0.29385750651895,-1.5875314249026022,11.855003538549179,17.281200338137296,11.312481752049125,2621.187,455.328,B0055,15,4,1.0984641825068853,0.8644525902998714,0.8805531203312374,0.929967877419039,3.695274267767146,1.0351864175203056,0.8602024784611972,Healthy
1.1520100620899791,3.819440594762591,3.4006629565141497,2.4987737122938984,4.205627291462969,0.3011573982002005,-1.5865260183824126,11.91733362745109,17.87487048558903,11.75092113190316,2616.453,406.453,B0055,16,4,1.092569410309668,0.8641233819723502,0.8784516232243815,0.9282883070825075,3.298622777331418,1.0335013844989798,0.8555863082348378,Healthy
1.180106282890169,3.8967541334674514,3.3734363664560836,2.4960528571959832,4.197933604847559,0.30577003066052133,-1.6558769500299217,12.135031767584422,18.56561933924195,14.072815066762413,2565.109,428.843,B0055,17,4,1.109167680712031,0.8851983726668374,0.896233338082216,0.9100720292289233,3.480331767016451,1.02522690423439,0.868584340911422,Healthy
1.1744126056325401,3.883785205754065,3.3751298920141575,2.4950345179419164,4.205390438967899,0.3055091717445081,-1.6682381023500132,12.085534035682384,18.731388722663795,13.811191325576246,2532.531,460.297,B0055,18,4,1.107503502890571,0.8809275422204476,0.8932505516456561,0.8985137186198147,3.7356008407794254,1.0257415865276178,0.8672811305660898,Healthy
1.1726197420448878,3.879685383388787,3.3799212171444224,2.499203075422064,4.205435554958762,0.30645392467349464,-1.6518184000413114,12.035133443915594,18.85911132920102,13.615611520017826,2556.593,484.078,B0055,19,4,1.106751675424531,0.8795827142560403,0.8923076136623691,0.9070506475250995,3.92859867390581,1.027197726468281,0.8666923777783685,Healthy
1.1162977831031147,3.7118580154178473,3.4131937901660443,2.4858947643408493,4.183847655178161,0.28836973381226155,-1.5631982736121797,11.694010522378294,16.474886676905992,10.748664947056607,2577.891,476.25,B0055,20,4,1.0726694124582823,0.837335581837963,0.8537081852492898,0.9146069400953247,3.8650695103839507,1.0373096519144116,0.8400027072893176,Degrading
1.1498901471814478,3.802781998535103,3.3882127771112662,2.490219926603604,4.205811869776469,0.3146016764885625,-1.6102431965480546,12.02595112446758,18.429839421941317,12.167629258341133,2572.36,437.141,B0055,21,4,1.0776844021506693,0.8625332326320482,0.8746202320733468,0.9126446030587055,3.5476752773517073,1.0297176288564238,0.8439299236988719,Degrading
1.247622284611386,4.140728944061897,3.3833310240018224,2.49591717391522,4.185284066167707,0.28659069886314875,-1.6643817613294818,11.847288624466861,16.79121110894689,11.299151093559274,2697.75,564.094,B0055,22,4,1.1981714734535909,0.9358421627382059,0.9523462852730791,0.9571315748579603,4.577979045439421,1.028234006791577,0.9382828202318951,Healthy
1.21271176706552,4.0447584833178505,3.406033299298373,2.493901769830843,4.196690472475704,0.28603652726920314,-1.629380871239606,11.64238700767333,16.558207457541112,10.890114903564978,2683.406,587.312,B0055,23,4,1.162538155268093,0.9096557643022324,0.9302735746416312,0.9520424838340468,4.7664077780212475,1.035133494700344,0.9103785252106329,Healthy
1.211462647522177,4.030380119163951,3.395122860818019,2.490665842720209,4.205348595061986,0.2969101886640419,-1.6480629343875917,11.772012658338625,16.176716026227933,10.747055057468028,2646.156,569.078,B0055,24,4,1.1556827465844224,0.908718799044895,0.9269666250983855,0.9388265997960674,4.618427352924468,1.0318176843953748,0.9050100847694528,Healthy
1.2226119318663262,4.043137689517796,3.3678744885149583,2.491266216084571,4.205552375701064,0.31639949951617663,-1.6963503354994716,11.983454214473863,18.28920429337146,13.068834959641016,2593.531,550.563,B0055,25,4,1.137444098422356,0.9170818833712236,0.9299008004331458,0.9201558374471098,4.4681664353711685,1.0235365842508832,0.8907274794714025,Healthy
1.1923131705967798,3.9460744699460784,3.3809383898685605,2.492760704750605,4.2052142034116535,0.3164172837662114,-1.647762002114427,11.908597488676612,18.65863623047158,14.400060472584212,2604.125,521.015,B0055,26,4,1.1126375352125493,0.8943547658577584,0.9075767609114734,0.9239144703463945,4.2283657552812475,1.0275068571972341,0.8713015687362144,Healthy
1.1495643474848734,3.8362882124149262,3.41469739374783,2.486626233949432,4.205763745942962,0.2969688853682209,-1.6019969747290892,11.5894392622721,16.83473057053666,10.8225374193966,2588.594,532.641,B0055,27,4,1.098656067845981,0.8622888501002335,0.8823264883275205,0.9184042449774319,4.322718087307964,1.0377666146900189,0.8603527430277612,Healthy
1.1496593824357995,3.8352487267804243,3.41231159843661,2.495104294734825,4.198995746839671,0.2932352579129553,-1.607009362096321,11.629714317449922,16.756789919207705,10.885854779410634,2579.203,556.953,B0055,28,4,1.098530275888464,0.8623601358692579,0.8820874119967618,0.9150724230445281,4.520025320770336,1.0370415434939586,0.8602542358981254,Healthy
1.1538426878498231,3.8442242625325704,3.4043822939909396,2.487763139286609,4.2061133400646735,0.29795246627879446,-1.627589670095513,11.647248561632294,16.24699765148442,10.515795778523653,2555.453,580.656,B0055,29,4,1.1029370400968537,0.8654980355640151,0.8841517388936359,0.9066461882552124,4.712390134638326,1.0346317348103264,0.8637051536016047,Healthy
1.1819008389395878,3.9029193819582124,3.3673428364678033,2.497867584305148,4.20656078786278,0.3246155487699726,-1.6825636345526909,12.022205345514335,19.129984857149815,14.110317742105796,2525.609,539.578,B0055,30,4,1.0949644922735318,0.8865444701477477,0.8976513134139221,0.8960578703161665,4.379016223147405,1.0233750089539977,0.8574618864050169,Healthy
1.1348205237593374,3.7843077055379704,3.4104196380737455,2.482550786926367,4.205789072356055,0.2970704479044411,-1.612755670182398,11.542224902228241,16.36765160927189,10.434425310185908,2536.172,542.422,B0055,31,4,1.0890679714830998,0.8512294998044553,0.8703712400367885,0.8998055047616209,4.402097079184217,1.036466554534617,0.8528443468629883,Healthy
1.1488721550174483,3.805241652820069,3.3875483794093744,2.498794021092515,4.206468698154612,0.3197316075109147,-1.6303240143418964,11.825965633220362,18.15665009637772,12.701737558683192,2536.204,500.547,B0055,32,4,1.073323391636053,0.8617696361492356,0.8751859398636872,0.8998168580042845,4.062255009373555,1.0295157105970894,0.8405148355121027,Degrading
1.1892886003461722,3.9189644055369293,3.3533445639000172,2.4986675609061084,4.19878751718924,0.32838432627723774,-1.71799533716817,12.03863906152037,18.80550760238104,13.370007229526266,2488.86,556.844,B0055,33,4,1.095373856745309,0.8920860340471818,0.901341586022619,0.8830197354836375,4.5191407169348885,1.0191207696293718,0.8577824579255312,Healthy
1.1286541791505802,3.753772250562688,3.403128476363774,2.495967983888696,4.205549436509086,0.31000851441915644,-1.6148091574306578,11.59317451081218,17.559578387097904,11.363094262781111,2518.547,492.922,B0055,34,4,1.0639517466243125,0.8466041213176917,0.8633482429974539,0.8935523515758655,4.000373319049822,1.034250684917951,0.8331759414500679,Degrading
1.1621092296324438,3.845284706025363,3.3737196134296283,2.494521891499824,4.206680085108051,0.32090877833140785,-1.6806946415000543,11.873598601586018,17.467083355342886,11.929830864787077,2485.766,571.828,B0055,35,4,1.085798072407703,0.871698773107448,0.8843956354236301,0.8819220188336104,4.640745339598601,1.0253129863139894,0.8502837032536946,Healthy
1.1415697388817863,3.776623421213378,3.382746702873388,2.4940939052144744,4.206242808359698,0.3253244845349785,-1.63831200906344,11.809310238880515,18.49462899513655,13.11857267266101,2506.718,507.031,B0055,36,4,1.0588748965507555,0.8562920897845191,0.8686038943036168,0.8893555544675364,4.114876764135402,1.0280564247427377,0.8292002824476205,Degrading
1.1642745026450858,3.845934691227199,3.3641919383896957,2.488192777263103,4.206501526529983,0.326906352982529,-1.701910823714865,11.933034010302555,17.91164881741511,12.420262049309056,2459.297,564.766,B0055,37,4,1.0813260035191288,0.8733229455866217,0.884545128665234,0.8725311132067305,4.583432749819427,1.0224174140474216,0.8467816457418862,Degrading
1.1147602955604494,3.7145795327152134,3.408219619852174,2.483590427491968,4.198066617715753,0.3020685980866114,-1.6137161861379503,11.53732922797716,16.71929796179109,10.745173312682102,2488.734,534.313,B0055,38,4,1.061601862588323,0.836182311585533,0.8543341201809085,0.88297503209065,4.336287423205837,1.0357979431764812,0.8313357575787638,Degrading
1.1491432060854363,3.793596280740385,3.3720438606583496,2.494836964233761,4.2069940867465805,0.33120796340726133,-1.6587094218378893,11.942237573488166,18.743872075423457,14.307615965082807,2491.375,524.734,B0055,39,4,1.0593920670581127,0.8619729517045981,0.8725075643915099,0.8839120293992219,4.258547788896194,1.0248037053792596,0.8296052764012698,Degrading
1.1271978435043357,3.748037820785551,3.3954495279595993,2.495294559262084,4.206185443933068,0.3079274978481763,-1.6449474011417666,11.654440484569944,16.07532193134441,10.281607571097016,2467.328,581.891,B0055,40,4,1.0742513141424723,0.8455117231474564,0.8620293537462637,0.8753804223264355,4.722412939562892,1.0319169623736428,0.8412414875527913,Degrading
1.119336492084542,3.7086390686356654,3.3886471333647554,2.493930027919102,4.206494698836393,0.3239532659433559,-1.6341793441136752,11.722702041818202,18.1055360480279,11.854423019172177,2466.125,505.046,B0055,41,4,1.04056147341315,0.8396149191183135,0.8529678441035843,0.8749536113600546,4.098767235572436,1.0298496348196986,0.8148591211945287,Degrading
1.1544189845419428,3.7992187221877827,3.356819503345258,2.4968794236107965,4.204041730199119,0.33863779402395766,-1.6871055404907072,12.139105911879911,19.22539590220654,14.10864725283291,2459.312999999994,541.5629999999946,B0055,42,4,1.0575656535324895,0.8659303160301339,0.873800696904874,0.8725367898280602,4.395125751710326,1.0201768445105437,0.828175019988311,Degrading
1.1769610200251521,3.8996986788038446,3.38173030037378,2.4980844986118784,4.186445589660851,0.3135946416980715,-1.6534663598224018,11.725785170275977,17.79698901775945,11.78547679827592,2559.125,543.718,B0055,43,4,1.0983528970914622,0.8828391092597283,0.8969105683116793,0.9079489728508489,4.412614937631371,1.0277475280940591,0.8601153313409835,Healthy
1.2326102906799867,4.0428087954168355,3.332585578324588,2.497690135885909,4.198472809564929,0.3457140530086496,-1.746935874580489,12.14093273670559,19.90310164984231,14.886295935250198,2534.156,580.312,B0055,44,4,1.109758993739737,0.9245816578233313,0.9298251564874711,0.8990902504738205,4.709598357396181,1.0128118702743494,0.8690473955472303,Healthy
1.1274845447305197,3.766846166657726,3.415794800601349,2.495812780943487,4.205147121886639,0.2990310946887273,-1.6100189784192442,11.32244979928203,16.28428434167548,10.281109851125445,2521.985,546.25,B0055,45,4,1.0793315779206871,0.8457267778951001,0.8663551762199091,0.8947721155845253,4.43316371663461,1.038100129512562,0.8452198198123683,Degrading
1.170028090310577,3.858728438914107,3.364395338116308,2.497968365806555,4.207061766566151,0.3363881710475184,-1.6797818306005563,11.899725740614361,18.858200111612096,14.49180328033129,2503.172,559.656,B0055,46,4,1.0716159094756148,0.8776387148629411,0.8874876245998738,0.8880974732648875,4.541961872763129,1.022479229611548,0.8391777137290464,Degrading
1.1731119907591867,3.864186406453838,3.3556150350421454,2.494850314865808,4.206586679847002,0.33953536461528394,-1.703206082949298,11.9698483506891,19.26539604228336,14.059262710227312,2474.344,572.5,B0055,47,4,1.0746464211019795,0.8799519502877116,0.8887429289633865,0.8778696207804078,4.646199043978608,1.0198107924569382,0.8415508940780452,Degrading
1.217196095736109,3.9585189124825493,3.2813552523710348,2.497025585392751,4.136062355148983,0.3313586161057697,-1.8582921214004526,11.944879920447905,19.91574517945343,14.656632620840828,2349.64,448.609,B0055,48,4,1.08643683065179,0.9130194617075093,0.9104389184644082,0.8336260341207516,3.6407453395986007,0.9972423729503322,0.8507839120301403,Healthy
1.252699896050891,4.114608151409236,3.3340325216514985,2.497531566741249,4.194893964041484,0.3418427270746833,-1.7577069451672969,12.028925123088163,19.74476118019262,14.528673923772732,2560.688,604.938,B0055,49,4,1.1340138347387958,0.9396508818751607,0.9463386377822128,0.9085035077971942,4.909453899155163,1.0132516133335048,0.8880412550415446,Healthy
1.2125072596877506,4.00232084710729,3.355658576925396,2.4925446639956585,4.205199298124983,0.3328135533427256,-1.7278318736099232,11.71503135296823,18.239458117812696,12.493769831946429,2522.375,627.1089999999967,B0055,50,4,1.1176964717951587,0.9095023632055477,0.9205131373498215,0.8949104832294866,5.089385565537756,1.0198240253462891,0.8752631997625511,Healthy
1.1997855578431018,3.9582966328343065,3.353357049023896,2.497355535023157,4.205853256210238,0.3351675549802461,-1.7321258947169127,11.810607676487715,19.14324542302631,13.635916107483535,2488.719,608.625,B0055,51,4,1.1046468529644289,0.8999598076461821,0.9103877952925813,0.8829697102581515,4.939376232561537,1.0191245640050506,0.865044100551187,Healthy
1.1853019191284178,3.9106727287126195,3.356165416087441,2.496005450177785,4.205832053797409,0.3349308307601401,-1.720909576078404,11.765625767571137,18.957146305546704,13.383584543772825,2474.844,599.328,B0055,52,4,1.089700148407426,0.8890956222703248,0.8994345431494939,0.8780470151970249,4.863925206339931,1.0199780597161723,0.8533394018368249,Healthy
1.165258924229718,3.8487955164425207,3.3655236596965747,2.4945789390502733,4.205960258814088,0.3322642418421685,-1.6928963609340808,11.666664960009529,18.569611226697237,13.097736213222312,2473.875,590.359,B0055,53,4,1.075533547538172,0.8740613607593639,0.8852031036989618,0.8777032248176208,4.791136107256187,1.0228221397823816,0.8422455988952561,Degrading
1.1572718543921776,3.8149317546058863,3.3657531038090425,2.497451626540361,4.1982654098780685,0.3357163537398893,-1.6674344219063135,11.708939176253061,18.389604150481876,13.633637648654275,2495.5,559.032,B0055,54,4,1.0609866776144368,0.8680702552758376,0.8774146132601612,0.8853755333363136,4.536897718695981,1.0228918705410404,0.8308540089267127,Degrading
1.1298385281692076,3.740796128211163,3.3849405998756663,2.494771530909891,4.206713417529564,0.3281235142521265,-1.6377223794615257,11.450092345609722,17.859841515218953,13.287972471970587,2481.078,538.109,B0055,55,4,1.0518218041615568,0.8474925021687714,0.8603638018312565,0.8802587687834078,4.367094360447659,1.0287231757904884,0.823677036764581,Degrading
1.1026459135344744,3.677197760687527,3.410105370394735,2.4850759949386982,4.206861671465562,0.3045846799899236,-1.6143852867459763,11.131625464424475,15.816276936907297,9.741566531025757,2460.125,540.391,B0055,56,4,1.0553857898132757,0.8270953069565987,0.8457365055559412,0.8728248783606485,4.38561423157143,1.0363710448985508,0.8264679782805914,Degrading
1.144364990384055,3.7704683996674957,3.3607031370514133,2.4972833794296387,4.203250203022516,0.33889915441551255,-1.6847849277248685,11.738832332367679,18.755426828419857,13.185893847591993,2440.547,575.937,B0055,57,4,1.0533102333691788,0.8583888094756836,0.8671882711164477,0.8658788225835865,4.674092469505515,1.0213571263742638,0.8248426191420497,Degrading
1.1041044694838573,3.660563871141391,3.3928240190547645,2.4994934553850463,4.206868467936627,0.3233676606559198,-1.6204098129461206,11.33070420089266,17.253309886018204,12.699033203926955,2449.922,532.359,B0055,58,4,1.0315365260084348,0.8281893705774408,0.8419107968140968,0.8692049678951584,4.320429479219926,1.0311190394030751,0.8077917245063628,Degrading
1.1636602893123629,3.8190658884767528,3.3379943082200825,2.496397324750552,4.199652821200027,0.34690447311572187,-1.7350634493263108,11.71743632355557,19.044660235871767,13.283281720858163,2408.781,579.422,B0055,59,4,1.0533401053259417,0.872862223827506,0.878365442712639,0.8546086005070642,4.70237544534528,1.014455646769361,0.8248660117402364,Degrading
1.1109150526403404,3.6757099842645244,3.383748883671106,2.498591356778633,4.206354715936561,0.32963199707182594,-1.6355169727932206,11.448023523006356,17.632782962314124,13.292593002044356,2442.547,535.688,B0055,60,4,1.0317876798810788,0.8332979927536284,0.8453943246576249,0.8665884002500552,4.347446416542903,1.0283609992492986,0.8079884020013272,Degrading
1.0897263489001074,3.6267539666890793,3.4034852057714984,2.4793908002585576,4.207116858721508,0.31039574432065437,-1.620774629606393,11.113362092407373,15.652866929465386,9.509091619765654,2420.671,526.234,B0055,61,4,1.0354207912157296,0.8174043344097048,0.8341346932957122,0.8588270397342206,4.270721236172993,1.034359099171727,0.8108334755361417,Degrading
1.1374009951093886,3.734770833008417,3.3488479010139836,2.495919101086891,4.203805356740808,0.34876462599940383,-1.695046194498669,11.759912549960136,18.851175405607997,13.279846432380051,2409.906,562.172,B0055,62,4,1.0322251791310608,0.8531651127851645,0.8589780150334421,0.8550077379444528,4.562380801662082,1.0177541810030455,0.8083310057431266,Degrading
1.0795234522366892,3.5843764137472225,3.400337322032959,2.487748902505861,4.206451344410812,0.3193927096670155,-1.607752495748955,11.095152329208846,16.682382112943166,11.340070466825198,2416.672,507.093,B0055,63,4,1.011543397303472,0.8097511360038573,0.824388074845592,0.8574082391901164,4.11537993328951,1.0334024203583239,0.7921351931983017,Degrading
1.1537647911157112,3.779933931921559,3.3343052776040634,2.496210707787105,4.199840856194157,0.3519926929063718,-1.7288529172580396,11.855416870953553,19.331265935552995,13.67088760715625,2395.75,567.469,B0055,64,4,1.0413760568150228,0.8654396051808608,0.8693652946797062,0.8499853472211875,4.605369301812221,1.0133345070687,0.8154970178800676,Degrading
1.1024038332520631,3.6428836633541155,3.3786546268712,2.499306018937951,4.206363005983127,0.33278931311925786,-1.6438464708058846,11.501464461877692,17.796486773673443,13.44491015307962,2410.688,532.016,B0055,65,4,1.02174193386881,0.8269137224034512,0.8378444402772328,0.8552851828120421,4.317645817609297,1.0268127948188621,0.8001216224054516,Degrading
1.0621901711782071,3.5392765010858476,3.413323315609648,2.495131192399576,4.206927414011855,0.30601778255538203,-1.5920409233304795,10.922543090852551,15.641866781260571,9.220355391562979,2402.125,487.781,B0055,66,4,1.0133135547969283,0.7967494323366519,0.8140153277111061,0.8522471260330564,3.9586508574164703,1.0373490162169032,0.7935213957594656,Degrading
1.136758358170686,3.7266154774345206,3.3358445561886736,2.498865224973231,4.202275822485786,0.34928924350304164,-1.731928125216886,11.679121657086682,18.47501778028561,12.632134568294681,2355.265,571.234,B0055,67,4,1.029994255962691,0.8526830704635509,0.8571023253443066,0.8356217213076949,4.635924654476988,1.0138023118963666,0.8065839796049518,Degrading
1.1194410273691844,3.6767312358496365,3.3537094650205534,2.499842473941914,4.20659875616185,0.34910829104829694,-1.6777504908523246,11.716719550648065,18.598567041058164,13.291441278498821,2396.719,549.359,B0055,68,4,1.0189349807814327,0.8396933310928902,0.8456292072511367,0.8503291376005915,4.458395215023658,1.019231667362579,0.7979235097667893,Degrading
1.1235525621663096,3.7007975196187646,3.3664574186515495,2.4984245148092805,4.18778132479275,0.33266034518568377,-1.6531774202404774,11.332026451776493,17.70296113245331,12.630428264376702,2442.344,503.828,B0055,69,4,1.0290879520854015,0.8427773956083886,0.8511643283028841,0.8665163781169086,4.088882396383674,1.0231059200878971,0.8058742570178172,Degrading
1.1904468951956702,3.8861556872348086,3.319131030823727,2.498165502515704,4.19944321827157,0.3617922912666359,-1.748766373641858,11.967823512320054,19.648490501323845,14.205786151615817,2444.703,575.5,B0055,70,4,1.0567629241900045,0.8929548716516498,0.8937957501512797,0.8673533249745085,4.670545938532207,1.0087228753790127,0.8275464061646328,Degrading
1.08637483569993,3.615135472488849,3.4032103094968886,2.4838403700559373,4.205593767786481,0.31267721732547304,-1.6200178882302807,11.01544977025214,16.178060673787062,9.817911728428943,2412.25,516.954,B0055,71,4,1.0291668536316647,0.8148903625126122,0.8314624995970824,0.8558393629695542,4.195408175687191,1.0342755549675424,0.805936044472275,Degrading
1.1406079909979583,3.7414136700142695,3.343831990901096,2.4989275943849365,4.202887645707948,0.3525505136291551,-1.703990940961131,11.818028778074435,18.88644438182567,13.39900095483921,2403.234,568.031,B0055,72,4,1.032129844490102,0.8555706821672363,0.8605058332586052,0.8526405868491133,4.609930286725262,1.016229787050313,0.808256349604363,Degrading
1.1101384428719285,3.6735366314380675,3.3724641292622257,2.497716849078165,4.206513407222774,0.32525581049111413,-1.6883184479362592,11.295282200562326,16.020151248713987,9.939521345616985,2361.047,557.219,B0055,73,4,1.0409230283951276,0.8327154573386726,0.844894464725032,0.8376731103414559,4.522184078754089,1.0249314299404766,0.8151422533134908,Degrading
1.113564318356958,3.6574903266262497,3.3553714698756965,2.497475666164784,4.203597448523021,0.35118276394318765,-1.671488542905288,11.589249198689654,18.292174814306744,13.242394357138624,2392.468,546.812,B0055,74,4,1.011161098766987,0.8352852084265833,0.8412038974393349,0.8488209302705122,4.437724701547651,1.0197367701442424,0.7918358168928805,Degrading
1.1496455044536462,3.7605223171537765,3.327985568079429,2.499631738732727,4.19879054583806,0.3555503388511543,-1.738115100941277,11.857143843844957,19.26049129848449,13.575710650151702,2373.89,572.484,B0055,75,4,1.0337876112911784,0.8623497259872023,0.864900723473769,0.8422296633266846,4.646069193874322,1.0114138731726448,0.8095545395077809,Degrading
1.0872042408932845,3.5929517045988897,3.380340612404249,2.499611198369732,4.206474987547079,0.3348291006213095,-1.6383784100519558,11.276289724634314,17.24384546974176,13.145822166488166,2383.234,537.703,B0055,76,4,1.003994224020383,0.8155124998048912,0.8263603474811706,0.8455448101844263,4.363799414051404,1.0273251856099912,0.786223468745324,Degrading
1.0903208804621343,3.6119921433584694,3.3795059063602477,2.4972946109355068,4.203906513751972,0.32122943566266615,-1.6720302030703613,11.220787392479364,15.900824096276386,9.746261751801871,2342.453,539.922,B0055,77,4,1.0334195479955004,0.8178502928617828,0.8307395501210003,0.8310761667762964,4.381808000389551,1.0270715086466589,0.8092663107569351,Degrading
1.1200275733906708,3.671179742424571,3.3419486124359232,2.4950143445404667,4.203458601351602,0.35490371825563444,-1.7040964736723387,11.759447806620914,18.94850032004803,13.876563579255535,2359.296,541.484,B0055,78,4,1.009893656411646,0.8401332995866113,0.8443523924167194,0.8370518750944624,4.394484616820458,1.0156574062304018,0.7908432883491798,Degrading
1.0629225395681186,3.534468921697989,3.3994343538904057,2.496127080556164,4.206479388387375,0.3110464560452726,-1.6294399730001765,10.988248985047367,14.95747625778177,8.70383558706975,2345.453,494.422,B0055,79,4,1.0126262447940628,0.7972987822692312,0.812909609265626,0.8321405332759995,4.012546766326622,1.0331279977420809,0.7929831663138893,Degrading
1.0855916325414834,3.5748975281932514,3.3674537565378784,2.498292598142556,4.200091561431062,0.34322458716242676,-1.6515379727772603,11.355681286808547,17.70459844093717,13.824543568066034,2360.172,519.578,B0055,80,4,0.9948742055727694,0.8143028813921603,0.822207980092276,0.8373626701123759,4.216703592790073,1.0234087188651113,0.7790816223408784,Degrading
1.1081931106053402,3.6500033016097504,3.3529430513041807,2.4995493131113817,4.203624990778383,0.3368474953528003,-1.7174483877318063,11.443287391092776,16.746714545942115,10.59837367859096,2315.407,557.375,B0055,81,4,1.0240799556179332,0.8312562625342326,0.8394819203288951,0.8214805479926404,4.523450117270876,1.0189987452391287,0.8019525169719928,Degrading
1.1458252453990347,3.7380296277060148,3.313138824967226,2.4954991257797223,4.203121026339225,0.3630408882719937,-1.7693261826528028,11.785825239943042,19.20127329879016,13.414257155204155,2322.156,559.359,B0055,82,4,1.0208889510043029,0.8594841475665655,0.859727520994023,0.8238750178281389,4.539551530202323,1.0069017736914627,0.7994536552693184,Degrading
1.127619763159192,3.692384285380364,3.331207681083792,2.495394779769103,4.206360725269558,0.35588298270257296,-1.7382171562180335,11.72640480534808,18.921215014535083,13.277215557872097,2327.1570000000065,560.657,B0055,83,4,1.016100815944114,0.8458282053129104,0.8492293278519216,0.8256493167831461,4.550085619912514,1.0123931111311264,0.7957040877262224,Degrading
1.0903688306237556,3.589681805731928,3.361184494584018,2.4987692806726884,4.206662505631524,0.3442243647075452,-1.6759841309858239,11.472788708066494,17.83845317353606,13.082197024257688,2335.0,525.344,B0055,84,4,0.9987875345106276,0.8178862603044206,0.8256082876189486,0.8284319256022008,4.263498324122092,1.021503416577894,0.7821461330504559,Degrading
1.1419056960587184,3.727095544625488,3.317225424194071,2.4984561833393784,4.198906004577256,0.36084078565630334,-1.7579493131782606,11.802235485150675,19.413252469388496,13.714847849017653,2329.375,564.031,B0055,85,4,1.0158868294923784,0.8565440914479436,0.8572127383204217,0.8264362384152576,4.5774677606537955,1.008143739159033,0.795536515875386,Degrading
1.0816478459283119,3.5650223645110235,3.3671948983953452,2.495225392424711,4.2063268655944,0.3424771985413339,-1.6637548048231787,11.363194027921853,17.555469742468727,13.043279927975494,2333.875,527.64,B0055,86,4,0.9963437517762594,0.8113446448818226,0.8199367434148016,0.8280327881648122,4.282131814087113,1.0233300488374966,0.780232417520718,Degrading
1.0567800601211002,3.510623443824688,3.394889434849019,2.48261274521935,4.207127040760322,0.3166712880961802,-1.6389209925149488,10.949818258159802,15.18160164516741,8.969995640481592,2317.453,503.906,B0055,87,4,1.0053777381419529,0.7926913050534301,0.8074252724302564,0.8222064459454377,4.089515415642069,1.0317467435037828,0.7873068925795399,Degrading
1.1358670405709437,3.703015308332709,3.310050856120256,2.497894652809196,4.202430409703646,0.36349321928142003,-1.7742280928785612,11.706437723845246,19.119001932657707,13.17812749328542,2295.109,568.359,B0055,88,4,1.009132291002791,0.8520144926411459,0.8516744082602486,0.8142790442556495,4.612592213863122,1.0059633037168008,0.7902470664403168,Degrading
1.1003156686381157,3.608700397106046,3.3458687278652697,2.498867447840723,4.206373386837717,0.3543822152723945,-1.6962395390509193,11.583533228310797,18.259385299695204,13.122848051109587,2326.657,543.485,B0055,89,4,0.9984581240784204,0.8253473889766011,0.8299824654728848,0.8254719223665268,4.410723995487709,1.0168487753179687,0.7818881731872868,Degrading
1.2925596395557992,4.15660994376128,3.2453384054657453,2.49494387511604,4.181574605333568,0.37581582808971775,-1.8679808387813042,11.961499960858754,20.334330441428275,15.165475522154772,2479.297,558.625,B0055,90,4,1.0892389324114138,0.9695496974284934,0.9559988332361181,0.8796268898714175,4.533594656668209,0.9862964304626768,0.8529782256153388,Healthy
1.2278571909861709,3.9989591638338817,3.3032859676964024,2.499224528115884,4.194441045655941,0.36494853637302693,-1.7868262879672983,11.522596039987194,18.82433959610769,13.045580301084987,2463.578,597.797,B0055,91,4,1.0793936031703524,0.9210163551255228,0.9197399675478507,0.8740499642018067,4.851500174486078,1.003907374728413,0.8452683915130562,Degrading
1.1054285389622607,3.6668809588661206,3.3954172971180325,2.492495487385769,4.204880578247997,0.32696208812948496,-1.61471261152207,10.721858182752005,16.215064274032724,10.567977538547943,2458.812,535.594,B0055,92,4,1.032614295314224,0.8291825558223409,0.8433636943859164,0.8723590406226118,4.346683547180224,1.031907167042612,0.8086357209177283,Degrading
1.1782654754387512,3.849495317997669,3.319390417324327,2.495661665849974,4.202840264863921,0.36289148376748803,-1.7601408237271083,11.411543894379703,18.624861324787787,12.7811247066556,2400.672,600.203,B0055,93,4,1.0498572649026638,0.8838175819838174,0.8853640544447067,0.8517316178583669,4.871026383918065,1.008801705980845,0.8221386146963463,Degrading
1.1047133007970464,3.6614432333731894,3.384442477808506,2.498900329146198,4.205754690488186,0.31977837483967975,-1.6551157920024593,10.810513729948518,15.137573162785118,8.889824030080906,2396.407,513.75,B0055,94,4,1.0453902697248565,0.8286460552807403,0.8421130455886909,0.8502184434846225,4.169405692303947,1.0285717906480494,0.818640530385163,Degrading
1.0736763824549924,3.5606229878500937,3.396001919549735,2.489889091081545,4.207084563921945,0.3278057847821254,-1.6115078715312525,10.714176302518482,16.113386903826303,11.067043466456528,2392.375,528.265,B0055,95,4,1.0001607736713514,0.8053652457406926,0.8189249094896272,0.8487879349090215,4.28720408378578,1.0320848406610508,0.7832215106079459,Degrading
1.0541664994057551,3.508464469013954,3.4091500642055776,2.498768290819146,4.198111672339926,0.30660183668074426,-1.5964976013167924,10.478734086554464,14.51027225857862,8.105567668129789,2373.687,490.781,B0055,96,4,1.0084094786878155,0.7907308717215921,0.8069287193670696,0.842157641193538,3.98299775197007,1.0360807161356773,0.7896810352900019,Degrading
1.1472740806591066,3.735333760121275,3.318069571504016,2.4975933279193185,4.203133911551857,0.3736357180453922,-1.724633006126093,11.577446477629389,18.79688115527297,13.647103759882823,2385.922,554.859,B0055,97,4,1.003655158082039,0.8605709196930024,0.8591074853639206,0.8464984825681603,4.503031188371923,1.0084002854338936,0.7859579476976921,Degrading
1.095418054703443,3.618429815762319,3.3705488423522825,2.495932540383024,4.206432255358412,0.33032978192310203,-1.6761541599227183,10.889278314878903,15.51511607516065,9.334529965394854,2345.0,531.703,B0055,98,4,1.028526967659532,0.8216736860671435,0.8322201815466345,0.8319798139345443,4.315105624944205,1.0243493517697049,0.8054349525769481,Degrading
1.0910968326464436,3.5820875716927434,3.358032061134384,2.493973960448579,4.203481073295822,0.3554632991444756,-1.6566423606087435,11.125862267460422,17.410882869971065,13.180353184137376,2363.047000000006,532.89,B0055,99,4,0.9816844358987022,0.8184323350225412,0.8238616529866374,0.8383826880079267,4.3247388795559125,1.0205453550538912,0.768752771619436,Degrading
1.1222754940439619,3.673225893130186,3.3305932142592156,2.4945849403498523,4.20306302939134,0.3554438723858668,-1.7366403960823258,11.180258248103398,17.541633082707207,11.511001479363618,2316.687,560.156,B0055,100,4,1.0127121434171131,0.8418194661065489,0.8448229965180567,0.8219346776991802,4.546019688522062,1.0122063674514237,0.793050433148458,Degrading
1.109242919601797,3.6419374184655395,3.345081227582777,2.4970956728658367,4.197674431245264,0.34426210268587054,-1.7132159087232544,11.102809730123198,16.68412644043965,10.569275226814236,2322.0,551.265,B0055,101,4,1.0201379996149256,0.8320437248405925,0.8376268088367865,0.8238196707701543,4.4738636086967105,1.0166094447395913,0.7988655885333853,Degrading
1.1082207260685257,3.6252883240588814,3.3411218242164646,2.496842059818817,4.20280430699626,0.363112293403606,-1.6853564371512757,11.41292758502581,18.127312484256297,13.17865623296606,2357.687,537.796,B0055,102,4,0.9907591663373164,0.8312769769083757,0.8337976030555001,0.8364810198617885,4.3645541677825666,1.0154061355868758,0.7758591531828734,Degrading
0.7888048462034438,2.3704058812652793,3.2954766160397124,2.689656173110366,3.8387228819147694,0.33102770337043347,-1.082554743304369,9.97935642991351,15.737541036017063,9.444161651624999,2660.313,19.578000000000003,B0056,1,4,0.7852781208785192,0.597331663813203,0.5541348771006124,0.9438493453081661,0.1875449032962612,1.0,0.5960352980530729,Critical
1.3473477586937102,4.328102987645336,3.278114932402385,2.686775295531401,4.14918086948454,0.24107317987504934,-1.7199163116216973,11.067443145348815,14.09017680302044,8.955742496251402,2826.0,104.391,B0056,2,4,1.3443555553017368,1.0202947944718017,1.0117899369442354,1.0026332427202653,1.0,0.9947316623177282,1.0203816237706331,Healthy
1.320547518221164,4.277669533576196,3.3106158390566507,2.698313212370538,4.17533419262966,0.258469812706949,-1.6905155460333223,10.889462468094056,14.9073664521439,8.597842856297168,2818.578,180.969,B0056,3,4,1.317502710734752,1.0,1.0,1.0,1.7335689858321117,1.0045939403554718,1.0,Healthy
1.3004024742482867,4.235548320070942,3.3172843725733268,2.692589583576849,4.177469814791119,0.2464320016539115,-1.726708354723348,10.764459531712715,14.04619289990165,8.834905494027542,2713.812,181.765,B0056,4,4,1.2973654679476911,0.98474493064815,0.9901532333962132,0.9628301930973704,1.7411941642478757,1.0066174818014098,0.9847155966944231,Healthy
1.2670556119971133,4.135403755204971,3.344030455029123,2.6980823652266586,4.177333358996554,0.2627449110416388,-1.6420112923998627,10.65574896441831,14.458798502682042,8.279863347282495,2786.578,221.266,B0056,5,4,1.263960414854898,0.9594926305294136,0.9667422232468975,0.9886467573365009,2.11958885344522,1.0147334800535648,0.959360769853753,Healthy
1.2619621868400515,4.129660700192411,3.336353669510842,2.699291592092144,4.178105672730461,0.24959757666761423,-1.7046338232855287,10.604398240583924,13.79068771013097,8.39629641910118,2667.89,212.953,B0056,6,4,1.2589496187032136,0.9556355749620964,0.9653996569342168,0.9465375802975826,2.0399555517238075,1.0124039883251403,0.955557516842691,Healthy
1.2836300700686758,4.188350422524079,3.3009005971377725,2.6902918098264004,4.169426750713255,0.24283927785922954,-1.8247670015083761,10.747618198190096,14.881216824496482,10.454397236184157,2530.172,204.454,B0056,7,4,1.28061976902026,0.9720438320900276,0.9791196794537222,0.8976767717622148,1.9585404872067516,1.001645886689549,0.972005414930856,Healthy
1.2602618113228266,4.125966868859119,3.3051103949821674,2.6937716432028966,4.178499777464705,0.23976081891482426,-1.8506548604930126,10.642275000961929,14.283153326557814,8.971005793041291,2446.062,234.656,B0056,8,4,1.2572786868607095,0.9543479457827123,0.9645361420450234,0.8678354829988739,2.2478566159918,1.0029233340317347,0.9542892599891075,Healthy
1.2258164534495646,4.030424345465507,3.3671071393351695,2.6912557599593363,4.178690194193401,0.2560396329132249,-1.6314150295742418,10.449432487805073,13.24625881226546,7.594672079378638,2713.25,255.64,B0056,9,4,1.2226260041048898,0.9282637970504792,0.9422009610209444,0.9626308017730927,2.448870113323945,1.0217360132209155,0.9279874676106353,Healthy
1.2324322184973688,4.037915402382387,3.350670766767032,2.698815560187372,4.178597106977031,0.2640846976597358,-1.6616088416098966,10.535109718676143,14.784638313108044,8.208437380779962,2676.578,237.047,B0056,10,4,1.2292772249257495,0.9332736622439075,0.9439521614954274,0.9496199856807227,2.2707608893486984,1.0167484577067485,0.9330358221731473,Healthy
1.2306045642945251,4.041715613151974,3.316178080747263,2.698364593875605,4.179016949083667,0.24085284699957404,-1.8455069420958794,10.596589405147556,13.967206000860529,8.396736770168333,2394.734,277.969,B0056,11,4,1.2275780135689456,0.9318896497963239,0.9448405449340633,0.8496248817666213,2.662767863129963,1.0062817817024683,0.9317461008367439,Healthy
1.2165552335721195,3.998730171694549,3.3637533511944144,2.690491235069901,4.170255325585353,0.26269104349481126,-1.6426461298564279,10.518875176620943,14.10183741263998,8.017402927103078,2673.0,309.156,B0056,12,4,1.2133872888296768,0.9212506303528353,0.9347917459045861,0.9483505512354102,2.961519671236026,1.0207183188077822,0.9209751744290443,Healthy
1.2333221508624457,4.045867820421187,3.345736483227564,2.695326027100301,4.1791853671260935,0.26250236698298657,-1.6956317121625684,10.55326910161315,15.014735099158155,10.092939577334786,2619.578,270.891,B0056,13,4,1.230223614493081,0.9339475739000936,0.9458112153508925,0.9293970221863649,2.5949650831968274,1.0152511679018528,0.933754142947458,Healthy
1.1959278520001335,3.9412459838472897,3.373106355519255,2.69100578312218,4.179445713445421,0.2627504435254757,-1.6346840292281264,10.414707663905276,13.814334631047265,7.674382494475609,2640.016,352.407,B0056,14,4,1.1927530108462678,0.9056303052321066,0.921353543772314,0.9366481963600085,3.375836997442308,1.0235564528365044,0.9053135155836507,Healthy
1.1899084628036474,3.9175081648998384,3.3697897239570302,2.6980104623652483,4.1797547856645245,0.26656238177110825,-1.6381228999586526,10.394183210718758,14.16755708920704,7.850866413814194,2621.187,354.125,B0056,15,4,1.18671066359878,0.9010720526032314,0.9158043028220422,0.929967877419039,3.392294354877336,1.022550033447551,0.9007273031999827,Healthy
1.1946289344946475,3.925208189880054,3.3623304120622954,2.6918100210263542,4.179854576648961,0.2711240955862721,-1.6445053548128659,10.441904510807989,14.498480751440637,8.057268525273873,2616.453,304.843,B0056,16,4,1.1914875140242167,0.9046466848113619,0.9176043542097841,0.9282883070825075,2.9202038489908135,1.0202865332732731,0.9043529886627266,Healthy
1.217371074604395,3.994857732521708,3.3440747440292173,2.6994455277907243,4.171853041375375,0.2628864455082752,-1.7073520267726885,10.556505695788386,14.957470899011565,10.653173679611745,2565.109,285.89,B0056,17,4,1.214178606017816,0.9218684354836757,0.9338864774768953,0.9100720292289233,2.738646051862708,1.0147469193842762,0.9215757934499326,Healthy
1.2126439613150104,3.98473834620595,3.344993026252809,2.6974370448855804,4.179639783717689,0.2633302189039849,-1.7217523886019717,10.536326582207261,15.001521036754518,9.788440101479114,2532.531,324.219,B0056,18,4,1.2094387558721402,0.9182887738477564,0.9315208467902962,0.8985137186198147,3.105813719573526,1.0150255686755871,0.9179781916332104,Healthy
1.2103496919274879,3.9794382636299623,3.350361911675404,2.687185471488668,4.180054992180052,0.2650839675192709,-1.7041819303581027,10.495199596430949,14.338173356663557,8.740484494216627,2556.593,350.078,B0056,19,4,1.207072299940321,0.916551411612876,0.9302818350961048,0.9070506475250995,3.3535266450172903,1.0166547367893781,0.9161820238435445,Healthy
1.1662551668527317,3.8494384156910324,3.37818787285201,2.687470388534462,4.174069945070663,0.2632128146521385,-1.6317327720996542,10.301909086360435,13.436612124692124,7.358184694921705,2577.891,383.016,B0056,20,4,1.162961249391913,0.8831603185500884,0.8998914912608604,0.9146069400953247,3.66905192976406,1.0250984201829034,0.8827012194482292,Healthy
1.182132987469004,3.887008717439404,3.3620625284471575,2.699656546174108,4.180243969445706,0.2716326810623725,-1.654732613269804,10.453998023862313,14.639269846531356,8.056207455252956,2572.36,301.953,B0056,21,4,1.17887968705904,0.8951839832779283,0.9086743814428803,0.9126446030587055,2.8925194700692582,1.0202052449965382,0.8947835002188315,Healthy
1.2977251065477065,4.272856296044605,3.346029829980996,2.6854368250416094,4.160878235645104,0.25272112268930064,-1.7304356189135515,10.390292640584766,13.577353530338334,7.68592132636138,2697.75,428.422,B0056,22,4,1.2945104146044433,0.9827174627504505,0.9988747991181153,0.9571315748579603,4.104012798038145,1.0153401828722532,0.9825485777425944,Healthy
1.2635353589826084,4.175271961700542,3.3654291392154736,2.690427787524509,4.170401928183799,0.25759402024827754,-1.69638971406972,10.29031089579849,13.568274326866668,7.508598028840898,2683.406,471.703,B0056,23,4,1.2602567563003473,0.9568268779033765,0.9760622995600952,0.9520424838340468,4.518617505340498,1.021226830387838,0.9565496495999773,Healthy
1.2441286863980152,4.114868124340692,3.3689721031647792,2.6939728433831345,4.179668272690069,0.2569817600145804,-1.6918741720619472,10.263087503889402,13.222923404873027,7.386551999957841,2646.156,463.578,B0056,24,4,1.2408721291565108,0.942130948891496,0.9619415646866485,0.9388265997960674,4.440785125154467,1.0223019294894555,0.9418364903890746,Healthy
1.255502757375508,4.135422070960144,3.3465295769688743,2.6814059367851253,4.179757059071528,0.2639279836957001,-1.7414082441068879,10.400005286038285,14.117236767649958,8.578539239326068,2593.531,434.063,B0056,25,4,1.252197340273113,0.9507440967112838,0.9667465049603466,0.9201558374471098,4.158050023469456,1.015491829218474,0.9504324583702609,Healthy
1.2311962441126596,4.051252500717861,3.352812339869088,2.695307365997281,4.179381275805115,0.26918481771068853,-1.7007572591990596,10.409833153074386,14.72590749283402,11.160854649360688,2604.125,372.297,B0056,26,4,1.2279025700477384,0.9323377062350134,0.9470700036360576,0.9239144703463945,3.566370664137713,1.0173983100199564,0.9319924430082995,Healthy
1.1950535206816828,3.949601822096133,3.3743035968482755,2.687952325629709,4.179761909304835,0.26848295659406557,-1.6642520477871068,10.249617197163523,13.782905674311683,7.432884610958281,2588.594,447.313,B0056,27,4,1.1917170308946994,0.9049682076503184,0.9233069060372708,0.9184042449774319,4.284976674234368,1.0239197512204752,0.9045271946576082,Healthy
1.1891814070785631,3.9326203184740733,3.3764282291064944,2.696650296000414,4.17225893612502,0.2630391255698187,-1.661218424865919,10.237028804942252,13.53465268656202,7.322157708660285,2579.203,471.172,B0056,28,4,1.1858570240011006,0.9005214811811113,0.9193371034406073,0.9150724230445281,4.513530859940033,1.0245644628982573,0.9000793807397676,Healthy
1.1874577765426217,3.9287819579135643,3.375019443182964,2.683210476599473,4.180576245666881,0.26253672170975767,-1.6741395350666335,10.198234922837491,12.997563677985069,6.879646293025091,2555.453,462.437,B0056,29,4,1.1840938286611429,0.899216241867752,0.9184398016433597,0.9066461882552124,4.429855064133881,1.0241369721017293,0.8987410948101892,Healthy
1.209313272336636,3.9809979777091478,3.3500962120625943,2.6972876615572554,4.180487517962948,0.2701231556820305,-1.7210677294448378,10.430944576015767,14.9075480868495,9.696151813932921,2525.609,420.843,B0056,30,4,1.2059829135917657,0.9157665707975694,0.9306464528083761,0.8960578703161665,4.031410753800615,1.0165741112399456,0.9153551668362084,Healthy
1.168842851592545,3.867978046933687,3.379062729502439,2.683737907365728,4.18039553298969,0.2643309355802818,-1.660218253465555,10.139534423823738,13.20576446654183,6.949799341354771,2536.172,455.672,B0056,31,4,1.165428493679393,0.8851198729804348,0.9042255406999613,0.8998055047616209,4.365050626969758,1.0253638921471624,0.8845738867811898,Healthy
1.1823571666756043,3.893770935173027,3.3612064036489087,2.69363443342256,4.180559366384886,0.2744478562556729,-1.6771366747493928,10.308440154694576,14.51158708545384,9.492268984805406,2536.204,359.219,B0056,32,4,1.1790060613193858,0.8953537455950785,0.9102551996151456,0.8998168580042845,3.4410916649902767,1.019945457142459,0.8948794197636766,Healthy
1.2046568894686713,3.966187451012435,3.3463562838477823,2.6943722854819816,4.172113004233132,0.26787473962416264,-1.7399898086415906,10.36840954285901,14.30233008977442,8.45342285943377,2488.86,447.563,B0056,33,4,1.2013113747183153,0.9122404705976788,0.9271841641531955,0.8830197354836375,4.287371516701631,1.0154392440718374,0.9118094140757871,Healthy
1.169010266277274,3.8566309864955217,3.368266919681875,2.688897787724772,4.180373353367004,0.27452207555210606,-1.6716395639461556,10.204673365751807,14.15321706372225,7.639807012716326,2518.547,372.453,B0056,34,4,1.165597803317432,0.8852466497017711,0.9015729139953736,0.8935523515758655,3.5678650458372845,1.0220879442105213,0.8847023947809528,Healthy
1.1836869567960517,3.9060528488549062,3.3594964247247177,2.6882331708894665,4.180733041897962,0.2686659971055661,-1.7116000565977858,10.315613775538878,13.855287867564956,7.941501303898115,2485.766,461.594,B0056,35,4,1.180303335055002,0.8963607446633428,0.9131263689716086,0.8819220188336104,4.421779655334272,1.0194265704612828,0.8958640657344562,Healthy
1.169240456342356,3.8507710614475377,3.361567624174783,2.689459077872609,4.180279081248084,0.2769284519399769,-1.6774896727466349,10.276786926763112,14.492855960891132,9.639127161641152,2506.718,374.64,B0056,36,4,1.1658134189695046,0.8854209638115671,0.9002030267233465,0.8893555544675364,3.588815127740897,1.0200550681541458,0.8848660495881239,Healthy
1.1797834029714944,3.891803683093428,3.355757582090394,2.6894641263415138,4.180999495499183,0.27032835711197656,-1.7243823805848957,10.32641766409495,14.065463723343733,8.174720953080776,2459.297,453.954,B0056,37,4,1.176396051577376,0.8934047330312771,0.9097953108686779,0.8725311132067305,4.34859326953473,1.0182920327084959,0.8928983917773627,Healthy
1.1493241139632613,3.801172828993909,3.377027547912211,2.6842747820981163,4.172470795694908,0.2689432462294694,-1.6629834811063648,10.173012177291527,13.412858944276625,7.118460767704396,2488.734,456.188,B0056,38,4,1.1458325512940766,0.8703390814072726,0.8886083413311433,0.88297503209065,4.369993581822188,1.0247463239385692,0.8697003368251611,Healthy
1.1709920816534938,3.855065143524594,3.357651728668808,2.6890536637756743,4.181062785086551,0.27757632265910237,-1.689827294587583,10.359918034435648,14.60610388019012,10.883664390027079,2491.375,401.5,B0056,39,4,1.167557759980296,0.886747402494741,0.9012068635189081,0.8839120293992219,3.8461170024235805,1.0188668043725382,0.886190024860872,Healthy
1.1490929731198305,3.8050079766221887,3.3773583743313456,2.697570405713833,4.181144967626914,0.2650654733270954,-1.6766143500201733,10.160882493726476,13.208123302069437,7.015770594647045,2467.328,480.766,B0056,40,4,1.145636654711916,0.87016404730949,0.8895048920343187,0.8753804223264355,4.605435334463699,1.0248467119727382,0.869551649023182,Healthy
1.1478364678971626,3.783680075353356,3.365617870156837,2.6861014784430512,4.1812569980664405,0.27926567081131953,-1.675151077790599,10.194404833993097,14.33986737197622,7.7630538222267615,2466.125,370.296,B0056,41,4,1.1443667002824445,0.8692125440842517,0.8845190227189295,0.8749536113600546,3.547202345029744,1.0212841000830453,0.868587738725978,Healthy
1.1640089525275563,3.834220758857801,3.356825640396486,2.6984158813975863,4.181218970555332,0.2772170772383097,-1.7007993161787647,10.45640074188921,14.869194370874,9.40653605354732,2459.312999999994,439.719,B0056,42,4,1.1605177686388095,0.8814593465712828,0.8963340269187028,0.8725367898280602,4.212230939448803,1.0186161309894224,0.8808465889163946,Healthy
1.2306578566870545,4.0542049360830985,3.3493744607237104,2.6966170938157865,4.162741220330822,0.26986290018797754,-1.7280902642659892,10.313619268601707,14.255223899564948,7.908749933552896,2559.125,464.203,B0056,43,4,1.227201304260248,0.9319300060817238,0.9477602007964655,0.9079489728508489,4.4467722313226234,1.01635509850735,0.9314601740560032,Healthy
1.2489609989177275,4.110291157589862,3.3378261700959464,2.6938401614375964,4.171908005371084,0.2715118108639107,-1.7697668005317093,10.450923975542697,15.145967765545794,9.815924452658775,2534.156,489.266,B0056,44,4,1.2454797202045476,0.9457902738707452,0.9608715973329518,0.8990902504738205,4.686859978350624,1.0128508130963851,0.9453337060004695,Healthy
1.1757199450204405,3.897306448078896,3.379813223194436,2.694145271746648,4.1801184107331695,0.26756729264467827,-1.6776635778147013,10.066401247840554,13.36575567843813,7.019171031343481,2521.985,477.953,B0056,45,4,1.1722288849037228,0.8903276321356368,0.9110817040653183,0.8947721155845253,4.5784885670220605,1.025591626638842,0.8897354634283735,Healthy
1.1988524708970643,3.9499724016972375,3.3529139626798687,2.6949310922042096,4.180978585892375,0.2762042907053791,-1.7206408430840379,10.43749851062521,14.761564527480054,10.645060052279426,2503.172,445.172,B0056,46,4,1.1953514999944956,0.9078450069801136,0.9233935372270333,0.8880974732648875,4.264467243344733,1.0174291470801515,0.9072857993042501,Healthy
1.1954358813871673,3.9400096158391116,3.3506050479395064,2.698968781686075,4.180622872978541,0.27560897481375873,-1.7353946887212042,10.413907415221043,14.927522519928406,9.338503645713665,2474.344,480.688,B0056,47,4,1.1919514716203925,0.9052577547512054,0.9210645153659648,0.8778696207804078,4.604688143613913,1.0167285155754022,0.9047051379163074,Healthy
1.2329294975980005,4.0183834798446245,3.282678428854045,2.69347301500386,4.109379346813982,0.2522812746502778,-1.8819520327756425,10.513733364328893,15.38684146714604,9.72132036322665,2349.64,306.265,B0056,48,4,1.2296223665252586,0.9336502326389673,0.9393861419877368,0.8336260341207516,2.933825712944602,0.996116438173654,0.9332977886926064,Healthy
1.2808168936572182,4.214707307642944,3.33124930750755,2.6975073541494394,4.169898025659996,0.2696468714440476,-1.7966492983038744,10.477654553290117,15.06186195706642,9.488793084319394,2560.688,516.938,B0056,49,4,1.2774519419396988,0.9699135214630787,0.9852811851315183,0.9085035077971942,4.951940301366975,1.0108550888492807,0.969600997046361,Healthy
1.24675242116573,4.114945714131688,3.3452443163116463,2.68847764541694,4.18030832398499,0.2687642316777098,-1.7761136080338402,10.31728183321325,14.19417584217932,8.068341842386477,2522.375,539.1089999999967,B0056,50,4,1.2433879751668584,0.9441178026256569,0.9619597030188377,0.8949104832294866,5.164324510733652,1.0151018216999947,0.9437460469993563,Healthy
1.2341862644810444,4.0693021496864885,3.341356791517586,2.695809647268888,4.1803883737342336,0.27206364277570566,-1.7812712509429693,10.380685727786513,14.670219241896357,8.769652609064586,2488.719,519.953,B0056,51,4,1.230802542912592,0.9346019340095751,0.9512895088659387,0.8829697102581515,4.980822101522161,1.0139221669043457,0.9341935564035322,Healthy
1.2196352470919802,4.020889783825123,3.3435875505910966,2.6988862295180773,4.180539223969872,0.2732573702750585,-1.770178297141129,10.36448134266215,14.756439650219583,8.85291236908937,2474.844,510.422,B0056,52,4,1.2162358534094664,0.9235830064902799,0.9399720460555537,0.8780470151970249,4.889521127300246,1.0145990823655733,0.9231372683333529,Healthy
1.2122423787581702,3.992755164556404,3.3430796751998537,2.6881817818985594,4.180613197410378,0.2769592015660539,-1.7603312590728741,10.418606978035179,15.074941469247385,9.226003322412843,2473.875,501.187,B0056,53,4,1.2088335726499548,0.9179846707758873,0.9333949556450193,0.8777032248176208,4.801055646559569,1.014444969485885,0.9175188504741718,Healthy
1.1980331092563195,3.9416224921083054,3.3475631632118508,2.693866336049454,4.171995741541347,0.2782111864157735,-1.725357477499951,10.467474839092922,14.772345213065618,9.927245695291646,2495.5,458.297,B0056,54,4,1.1946181162240357,0.907224535827475,0.9214415609176452,0.8853755333363136,4.390196472876014,1.015805467081339,0.9067291524264225,Healthy
1.1768748990063385,3.878652323717394,3.3573308617480517,2.692863343941837,4.180481328623388,0.27942983514254416,-1.7049184863619542,10.24758606535621,14.624267787138264,10.720511178976402,2481.078,437.062,B0056,55,4,1.1734248134794991,0.8912022345031864,0.9067208893237675,0.8802587687834078,4.186778553706737,1.0187694385107402,0.8906431872349602,Healthy
1.1439376372459569,3.7944483060324714,3.382778882292665,2.6912645328393867,4.181058054860729,0.2668225965798594,-1.6737250543608966,10.06027633089391,12.974017575008304,6.600922829256255,2460.125,472.781,B0056,56,4,1.1404596305913128,0.8662601091302581,0.8870363351467816,0.8728248783606485,4.528944066059334,1.02649154475199,0.8656222270353396,Healthy
1.1856322371151655,3.9039449707991754,3.3460645335108428,2.6880196285337377,4.18149130108492,0.28029671708454823,-1.7445639059237334,10.46181981941412,14.962343761280408,9.020077305677175,2440.547,496.734,B0056,57,4,1.1821716406845988,0.8978338308584797,0.9126336057884814,0.8658788225835865,4.758398712532689,1.0153507135280249,0.8972821316058766,Healthy
1.151559680486118,3.7993776523350844,3.3641915924918147,2.6997902360046213,4.180595098911064,0.27758159628413315,-1.6890678369808096,10.21776828052081,14.288936379622092,10.331428018450282,2449.922,419.0,B0056,58,4,1.1480663382055174,0.8720319902136652,0.8881886790255973,0.8692049678951584,4.013755975131955,1.0208513014832674,0.8713958072733359,Healthy
1.186018127003638,3.904250412743754,3.340090097397974,2.6973629105606647,4.173047661044039,0.2760019288164218,-1.7678866953516275,10.382854030148234,14.731654795183925,8.608466583770852,2408.781,499.75,B0056,59,4,1.1825381935034152,0.8981260504743193,0.9127050096082906,0.8546086005070642,4.787290092057744,1.0135377933319627,0.8975603494917525,Healthy
1.1587265877250088,3.817373446454979,3.35648490646885,2.691300691707842,4.180864505746636,0.2813474725897491,-1.704950103976557,10.344585715881983,14.530184451529058,10.199400040228461,2442.547,444.375,B0056,60,4,1.15520928628466,0.877459214255209,0.8923955944917507,0.8665884002500552,4.2568324855591,1.018512736559015,0.8768173885884581,Healthy
1.1252385518776022,3.730903825979927,3.3822432790887746,2.689936372979849,4.181146414659693,0.26840782900013627,-1.6727370538477788,10.028217431506214,12.920963346782584,6.478508290232291,2420.671,457.406,B0056,61,4,1.1216816712671696,0.8521000087852564,0.8721814054815112,0.8588270397342206,4.38166125432269,1.0263290179717108,0.8513695358103849,Healthy
1.1661765450447295,3.83968785602113,3.3475849268060007,2.6913240152919484,4.181695073360697,0.2821642310113515,-1.7375416574771907,10.497532395250285,14.975497658516607,9.015585235982435,2409.906,493.141,B0056,62,4,1.162666262561457,0.8831007812695911,0.897612081971908,0.8550077379444528,4.7239800365931925,1.0158120711622312,0.8824773209863493,Healthy
1.1282750995386084,3.7246474851543425,3.368899621618762,2.686923064348457,4.180846468482689,0.2793162560490656,-1.6790843732728173,10.078456668334661,14.006665059857031,8.975158358274129,2416.672,403.25,B0056,63,4,1.124695615744926,0.8543994698944609,0.8707188472412176,0.8574082391901164,3.8628808996944177,1.0222799352365863,0.853657154995681,Healthy
1.1699667884603178,3.8471289523506087,3.340217809060051,2.6874437664677444,4.17358432175774,0.28156250667359395,-1.7528301920007388,10.437586290235986,15.065495014920012,9.02165330724345,2395.75,486.157,B0056,64,4,1.1664177948797931,0.8859709872737597,0.899351603052504,0.8499853472211875,4.657077717427748,1.0135765469560836,0.8853247779879702,Healthy
1.1381839265689575,3.7521073703225065,3.3606706640426602,2.699800435335948,4.181103233539769,0.28113316386540577,-1.696361090547745,10.327680053270171,14.438517748547325,10.043164693400403,2410.688,439.282,B0056,65,4,1.1346745156379463,0.8619030446569176,0.8771382036109948,0.8552851828120421,4.208044754816028,1.0197828889713967,0.8612312569779496,Healthy
1.1047925135799492,3.6603326827755045,3.384477709863685,2.697960709571132,4.181672942091641,0.27059508716056885,-1.6547810696984198,9.931318938388468,13.194289211464437,6.506122361976821,2402.125,383.015,B0056,66,4,1.1012231317092755,0.8366170079726883,0.8556838376702305,0.8522471260330564,3.6690423503941907,1.0270070475969355,0.835841264489801,Degrading
1.1596177341308305,3.817242667187321,3.3408256322235093,2.6834783907862354,4.181798435766776,0.28058598972549126,-1.7665140217971276,10.341385046767083,14.482501609291248,8.280807134685674,2355.265,501.062,B0056,67,4,1.1560733948472832,0.8781340452578995,0.8923650219412926,0.8356217213076949,4.799858225325938,1.0137609886118064,0.8774732571157733,Healthy
1.1421420171010552,3.7613460954282134,3.3541889238828593,2.699619006890264,4.181361272735532,0.284117509453209,-1.7114334458397396,10.494744894336083,14.720749328790644,9.014225544293787,2396.719,479.016,B0056,68,4,1.1385609898764002,0.8649003548464286,0.8792979602338921,0.8503291376005915,4.588671437192861,1.0178160292679312,0.8641811364786046,Healthy
1.1792983035052937,3.8737882826402945,3.340961153961277,2.689809371052332,4.16432577440784,0.28023988568637714,-1.7341386416649764,10.206418347273608,14.529077890794348,9.82310284752277,2442.344,398.0,B0056,69,4,1.1757265448773706,0.8930373858063516,0.9055838119878674,0.8665163781169086,3.8125892078819055,1.013802112174058,0.8923902283447183,Healthy
1.2004924351897814,3.9469013308398124,3.3371235826921466,2.688916524535636,4.172633979258993,0.2823428944249912,-1.76327611270095,10.592911474763564,15.244128605525711,9.352283726895156,2444.703,504.828,B0056,70,4,1.1969385632452556,0.9090868890556077,0.9226756063926573,0.8673533249745085,4.83593413225278,1.0126376155879033,0.9084903989136695,Healthy
1.1304392941878156,3.74341724025149,3.376237517393404,2.698695743312111,4.180507540870247,0.2722167035064647,-1.684432789415394,9.984423245892257,13.512900564234096,6.866630190673192,2412.25,408.469,B0056,71,4,1.1267457988726266,0.8560383315176477,0.8751066932283422,0.8558393629695542,3.91287563104099,1.02450659214531,0.8552132680199626,Healthy
1.1637316926769714,3.8331944378239657,3.348647645780763,2.697889593175275,4.181900407397767,0.2834549978229175,-1.7382277088571685,10.532756069231716,14.862132323599852,8.987282691559228,2403.234,496.953,B0056,72,4,1.1601031368559531,0.8812493883177863,0.8960941016449575,0.8526405868491133,4.760496594534011,1.0161345492431222,0.880531878533275,Healthy
1.139766403802997,3.7701223504283634,3.362242476728691,2.695993320018532,4.181297616479253,0.27029978418488454,-1.7328967687649997,10.144690849516095,13.378405270944848,6.967132523790355,2361.047,485.859,B0056,73,4,1.1361458729690277,0.8631013939871797,0.8813496042263191,0.8376731103414559,4.654223065206771,1.0202598496266113,0.8623480344381348,Healthy
1.1433774614299264,3.76259803477569,3.351293107048021,2.6955474945092024,4.181657232676167,0.28766116542774833,-1.7156881587629866,10.418716582380117,14.806201026240291,9.421468521502014,2392.468,475.312,B0056,74,4,1.1397253894261876,0.8658359094643611,0.8795906287856934,0.8488209302705122,4.5531894511979,1.0169373045272538,0.8650649293849115,Healthy
1.1596229616435165,3.814337478472113,3.3414098071318334,2.699727848412594,4.172972784971319,0.28189818540307254,-1.7530374056679272,10.532972017810645,15.144104218787898,9.042256143471663,2373.89,488.75,B0056,75,4,1.1560010024767575,0.878138003852811,0.8916858697317999,0.8422296633266846,4.681917023498194,1.0139382542933413,0.8774183104580277,Healthy
1.1305036809371476,3.7248235388715965,3.35783559274309,2.695330424081241,4.18131610574028,0.2846620185051456,-1.702815564152015,10.294250246042282,14.39832488350013,10.31415836814027,2383.234,441.781,B0056,76,4,1.126818619026835,0.8560870891340482,0.870760003697057,0.8455448101844263,4.231983600118784,1.0189225972352116,0.8552685393705375,Healthy
1.120348037959078,3.7068933362573335,3.36675593545663,2.6854130230502054,4.18166924078605,0.27196174392265704,-1.7175512283850776,10.050387765399135,13.069857113335043,6.64022897287511,2342.453,479.688,B0056,77,4,1.116688355680394,0.8483966101183822,0.8665684216981379,0.8310761667762964,4.595108773744863,1.0216294417232359,0.8475795507529796,Degrading
1.1367371771576944,3.7412698880819937,3.3487514550466417,2.690400334997493,4.182044120407073,0.2868628750685816,-1.7291690081472488,10.472005861254317,14.625776758086843,9.17415336230037,2359.296,469.14,B0056,78,4,1.1330613197666846,0.8608074768024477,0.8746047020968064,0.8370518750944624,4.494065580366123,1.0161660497749037,0.860006822403267,Healthy
1.0930761756008835,3.6227749326766183,3.3810092385566413,2.6887925590382147,4.1815714469098,0.27028804691717906,-1.6749388332386832,9.909401931448466,12.585237711150564,6.057094330364883,2345.453,409.672,B0056,79,4,1.0893839897995972,0.8277446744766184,0.8469038817142857,0.8321405332759995,3.9243996129934575,1.025954553007788,0.8268552170128468,Degrading
1.1157721445772104,3.6724873632008,3.3564306318997588,2.6988640537115023,4.174449328074176,0.2862986227424238,-1.6967956767696222,10.242760595982558,14.409091639662265,10.930259386842692,2360.172,434.656,B0056,80,4,1.112083645925937,0.8449314615199951,0.858525263434865,0.8373626701123759,4.163730589801803,1.0184962671449014,0.8440845220771835,Degrading
1.1316602021891193,3.733962116519716,3.3508758903963662,2.680924614006194,4.181914870814706,0.2769405781416457,-1.753415191734097,10.216290881964335,13.639615611059916,7.204894280344981,2315.407,496.719,B0056,81,4,1.1279950254648337,0.8569628783320996,0.8728963486335672,0.8214805479926404,4.758255021984653,1.0168107017015429,0.8561614456457304,Healthy
1.1423899882241375,3.7571028126184443,3.338909543714827,2.689418119708915,4.181346159150703,0.28545983213687215,-1.764019308767849,10.357968672788795,14.880692487289394,8.724559130444678,2322.156,486.234,B0056,82,4,1.1386774565024178,0.8650881338696449,0.8783059988922168,0.8238750178281389,4.657815328907664,1.013179558751447,0.8642695360128665,Healthy
1.1308531807174844,3.722729742310708,3.346321199511455,2.6980519577561664,4.181554177966883,0.2848162487033955,-1.743062159577205,10.4126408516178,14.94384328293818,8.882599877627579,2327.1570000000065,487.188,B0056,83,4,1.1271136962200643,0.8563517519163519,0.8702705323752418,0.8256493167831461,4.666954047762738,1.0154285978617699,0.8554925064188214,Healthy
1.1138955643342565,3.6672016694318295,3.3538216131821788,2.690667005796631,4.181615967935099,0.28763212215263584,-1.711553001717173,10.355563284677743,14.50969090814752,9.47945573378052,2335.0,451.625,B0056,84,4,1.110150886965375,0.8435103992582738,0.8572896154430129,0.8284319256022008,4.326282917109713,1.0177045702155767,0.842617535372098,Degrading
1.1381956351205071,3.7406305133188935,3.339346853440726,2.690672584400043,4.173516161117117,0.2858075041312574,-1.7522810293736752,10.41665753464741,15.062267575750978,8.94553616986711,2329.375,477.859,B0056,85,4,1.1344632260422465,0.8619119110940492,0.8744552340843567,0.8264362384152576,4.57758810625437,1.0133122587450594,0.8610708856982715,Healthy
1.1121809756227936,3.6607836909476554,3.3536514376808864,2.689574754055628,4.181332312389274,0.2888057885004224,-1.7102152613104593,10.301294534772044,14.468947045350122,9.883325830803194,2333.875,441.343,B0056,86,4,1.108458756302863,0.842212006971889,0.8557892708198955,0.8280327881648122,4.22778783611614,1.0176529310989573,0.8413331883656556,Degrading
1.0806055705841209,3.5813794895895534,3.38120127228625,2.6850453196446677,4.181999698138027,0.2732010982509587,-1.6752482242752484,9.91165771895873,12.508239840028546,5.977866484021952,2317.453,442.125,B0056,87,4,1.0768220870214844,0.818301163474787,0.8372267800209116,0.8222064459454377,4.235278903353737,1.0260128249216818,0.8173205855652141,Degrading
1.1321635756665958,3.7219950440720155,3.3368543585349384,2.68848533115398,4.182136607973574,0.2868233874193836,-1.7684173466123287,10.349022787330426,14.887028438704052,8.561067804514671,2295.109,494.0,B0056,88,4,1.128398212919817,0.8573440637650589,0.8700987803890432,0.8142790442556495,4.732208715310707,1.0125559205287127,0.8564674696498543,Healthy
1.1104534353437205,3.6536502751300417,3.3522604662249167,2.695941959305812,4.18160323028519,0.2901655851757399,-1.7117088970464227,10.403963430415772,14.643769942307395,9.099272675322936,2326.657,467.25,B0056,89,4,1.1066350346531368,0.8409038069599726,0.8541216768737943,0.8254719223665268,4.475960571313618,1.0172308460356922,0.8399489622575295,Degrading
1.2753368665062397,4.1703301790781815,3.301853229400361,2.6936113374580533,4.160391647622785,0.27701975263113926,-1.8436644323324185,10.672589964446292,15.536147821768504,9.946742968818524,2479.297,496.235,B0056,90,4,1.271609072217319,0.9657637070297743,0.9749070484160852,0.8796268898714175,4.7536186069680335,1.001934959371161,0.9651661904423418,Healthy
1.2453338930490843,4.095859124517142,3.3271853602584223,2.6975058053441106,4.171177372817309,0.27807583123396445,-1.812029971968896,10.38887188704922,14.710321906861784,8.521294736974635,2463.578,547.891,B0056,91,4,1.2415767175377967,0.9430436056754734,0.9574977899456723,0.8740499642018067,5.248450536923681,1.0096218993223551,0.9423712812290062,Healthy
1.178462050353478,3.8889612032046514,3.357838197685972,2.699681085693745,4.179908499745383,0.2818210134966651,-1.7201885508327548,10.084749408390376,14.282705134297458,8.832660966985207,2458.812,448.109,B0056,92,4,1.174652904422814,0.8924041233600731,0.9091308182363076,0.8723590406226118,4.292601852650132,1.018923387695344,0.8915753226554861,Healthy
1.202685064542031,3.9591197645814162,3.3341676075284923,2.6932891744671807,4.1812209027547125,0.28277376339222643,-1.7962378329894884,10.365887906876877,14.735427526864724,8.516547599711224,2400.672,537.547,B0056,93,4,1.1989389885187762,0.9107472831890981,0.9255319359070574,0.8517316178583669,5.149361534998228,1.0117406360283254,0.9100087451434127,Healthy
1.149919269719907,3.8052475885782013,3.3656652776557863,2.680335373836448,4.180715020333036,0.27153256899630196,-1.7222270467266643,10.019608551209917,12.986214565204865,6.436131966217592,2396.407,450.938,B0056,94,4,1.1461398965188565,0.870789770040914,0.8895609066362257,0.8502184434846225,4.319701890009675,1.0212984857105198,0.8699336154531865,Healthy
1.1330350264212932,3.741849356264203,3.3651251580925825,2.695500756668203,4.181433629004157,0.28240023824588234,-1.6995424040803295,10.060030313914343,14.020906563644123,9.224960554571545,2392.375,439.906,B0056,95,4,1.129224378671885,0.8580039800063701,0.874740165619096,0.8487879349090215,4.214022281614315,1.0211345884579721,0.8570945391392274,Healthy
1.114188650202708,3.6880356689934333,3.3750175764348014,2.6916361141573137,4.173658812188033,0.2721283465752723,-1.6857958238112818,9.894806886286887,13.158594712143495,6.493913442306664,2373.687,402.359,B0056,96,4,1.1103432888019913,0.8437323419482622,0.8621600242948595,0.842157641193538,3.854345681141094,1.0241364056440114,0.8427635706212468,Degrading
1.1577345465863336,3.8084757878894755,3.3447811593713976,2.6977127849492053,4.1820632868427365,0.29003130656945525,-1.7402948082227616,10.535153782453834,14.942021026324584,9.369648404292699,2385.922,491.391,B0056,97,4,1.153909472897475,0.8767079795400724,0.8903155697269425,0.8464984825681603,4.707216139322355,1.0149612784662803,0.8758308149923705,Healthy
1.134068876542691,3.749151616494218,3.3605010057610825,2.687276744661873,4.18182200740338,0.27433418329125975,-1.7346003290908105,10.116013026114192,13.316711053744784,6.831199929019884,2345.0,480.843,B0056,98,4,1.1302191455340138,0.8587868750609838,0.8764472306863478,0.8319798139345443,4.606172945943616,1.0197314068031569,0.8578495788473234,Healthy
1.129718290471487,3.7201655001734224,3.3538264483941607,2.6980124491519586,4.1819501512020345,0.2887912801455073,-1.7146209406772344,10.332244370257053,14.61281089291766,10.173415289268004,2363.047000000006,456.547,B0056,99,4,1.1258719408034097,0.8554923430496979,0.8696710839799979,0.8383826880079267,4.373432575605177,1.0177060374424896,0.8545499995028681,Healthy
1.1468422493242734,3.777965573471669,3.341678704653779,2.6927360739353285,4.181791330814548,0.28148228707087736,-1.774352624864773,10.278021353580035,14.205466297575018,7.863423963193102,2316.687,508.969,B0056,100,4,1.1430108283920968,0.8684596604816771,0.8831831313330165,0.8219346776991802,4.875602302880516,1.014019850236288,0.8675586160689236,Healthy
1.1411420104185293,3.7607960788658663,3.3456418542105237,2.6899104032044447,4.173014294511639,0.27791283480778406,-1.7619972814702227,10.263503141787313,13.862516639323273,7.438600332148759,2322.0,499.906,B0056,101,4,1.1372731775310292,0.8641430881303674,0.879169381680072,0.8238196707701543,4.788784473757316,1.0152224530820968,0.8632036718139188,Healthy
1.1329944958052125,3.727865286462378,3.3496423795442105,2.6950189281281465,4.181882887350109,0.29125534027294936,-1.7226331709023301,10.452748281670244,14.899199505524647,9.568273672598522,2357.687,473.468,B0056,102,4,1.1290590137779504,0.8579732877249328,0.871471079568371,0.8364810198617885,4.535525093159372,1.0164363974670199,0.8569690252464761,Healthy
